{
    "title": "Showers expected in several provinces",
    "content": "Several spells of showers will occur in Eastern and Uva provinces and in Polonnaruwa, Matale and Hambanthota districts, stated the Meteorology Department.\nShowers or thundershowers will occur at several places in Western and Sabaragamuwa provinces and in Galle and Matara districts during the evening or night. Fairly heavy showers above 50 mm can be expected at some places in Rathnapura, Galle and Matara districts.\nGeneral public is kindly requested to take adequate precautions to minimize damages caused by temporary localized strong winds and lightning during thundershowers.",
    "url": "https://www.dailynews.lk/2022/02/27/local/273556/showers-expected-several-provinces",
    "date": "27-02-2022",
    "category": "general,climate"
}