{
    "title": "No PCR for fully vaccinated travellers arriving in Sri Lanka",
    "content": "All fully-vaccinated travellers will not be required to undergo a PCR or RAT test prior to arrival from March 01, stated the Ministry of Health.\nIt also further mentions that, the partially-vaccinated or unvaccinated tourists are still required to submit a negative RT-PCR test result within 72 hours of their arrival.",
    "url": "https://dailynews.lk/2022/02/27/local/273559/no-pcr-fully-vaccinated-travellers-arriving-sri-lanka",
    "date": "27-02-2022",
    "category": "covid"
}