{
    "title": "Afghanistan embassy expresses gratitude to India for providing humanitarian aid of 50,000 tonnes of wheat",
    "content": "Afghanistan embassy in New Delhi expressed its gratitude to India for giving the first consignment of humanitarian aid of 50,000 tonnes of wheat to the war-ravaged nation at a time when the country is facing major food insecurity.\nThe Embassy of the Islamic Republic of Afghanistan in New Delhi expresses its gratitude to the government and people of India for the timely assistance of 50000 MT of wheat to the people of Afghanistan at a time when the country is facing a major food insecurity Afghan embassy said in a statement.\nIn a ceremony held at Amritsar, Foreign Secretary of India, Harsh V Shringla along with Afghan Ambassador Farid Mamundzay and World Food Program Country Director Bishaw Parajuli flagged off the first convoy of 50 trucks carrying 2500 MT of wheat assistance from India to Afghanistan via Pakistan.\nIn response to the humanitarian aid sent to the Afghan people, Mamundzay thanked the Indian government. I want to thank the Government of India. India has always come forward to help Afghanistan. Friendly relations between India and Afghanistan have a long history. Afghanistan has also stood by India whenever it is needed Mamundzay told ANI.\nAs per WFP 20 million people require food in Afghanistan and India being a big brother is helping us through food aids and we are thankful for that said Mamundzay. He said that 50,000 metric tonnes of wheat will be delivered in a month to the country and will be distributed to Afghan people facing food scarcity. (ANI)",
    "url": "http://dailynews.lk/2022/02/27/world/273640/afghanistan-embassy-expresses-gratitude-india-providing-humanitarian-aid",
    "date": "27-02-2022",
    "category": "world"
}