{
    "title":"இலங்கை கால்பந்தாட்ட அணியின் தமிழ் வீரர், மாலைத்தீவில் தற்கொலை",
    "content":"இலங்கை தேசிய கால்பந்தாட்ட அணி தமிழ் வீரரான மன்னார் மாவட்டத்தை சேர்ந்த 31 வயதான டக்ஸன் பியுஸ்லஸ் மாலைத்தீவில் உயிரிழந்துள்ளார்.\nமாலைதீவில் தொழில்சார் கழக மட்டப் போட்டிகளில் விளையாடி கொண்டிருந்தபோது அவர் மரணமடைந்துவிட்டார்.  அவர் தற்கொலை செய்துகொண்டுள்ளதாக அந்நாட்டுத் தகவல்கள் தெரிவிக்கின்றன.",
    "url":"https://www.tamilmirror.lk/%E0%AE%AA%E0%AE%BF%E0%AE%B0%E0%AE%A4%E0%AE%BE%E0%AE%A9-%E0%AE%B5%E0%AE%BF%E0%AE%B3%E0%AF%88%E0%AE%AF%E0%AE%BE%E0%AE%9F%E0%AF%8D%E0%AE%9F%E0%AF%81/%E0%AE%87%E0%AE%B2%E0%AE%99%E0%AF%8D%E0%AE%95%E0%AF%88-%E0%AE%95%E0%AE%BE%E0%AE%B2%E0%AF%8D%E0%AE%AA%E0%AE%A8%E0%AF%8D%E0%AE%A4%E0%AE%BE%E0%AE%9F%E0%AF%8D%E0%AE%9F-%E0%AE%85%E0%AE%A3%E0%AE%BF%E0%AE%AF%E0%AE%BF%E0%AE%A9%E0%AF%8D-%E0%AE%A4%E0%AE%AE%E0%AE%BF%E0%AE%B4%E0%AF%8D-%E0%AE%B5%E0%AF%80%E0%AE%B0%E0%AE%B0%E0%AF%8D-%E0%AE%AE%E0%AE%BE%E0%AE%B2%E0%AF%88%E0%AE%A4%E0%AF%8D%E0%AE%A4%E0%AF%80%E0%AE%B5%E0%AE%BF%E0%AE%B2%E0%AF%8D-%E0%AE%A4%E0%AE%B1%E0%AF%8D%E0%AE%95%E0%AF%8A%E0%AE%B2%E0%AF%88/44-291985",
    "date":"2022-02-27",
    "category":"general"
}