{
    "title":"உக்ரைனின் இயற்கை எரிவாயு குழாயை நாசம் செய்த ரஷ்யா ",
    "content":"உக்ரைனின் கார்கிவ் நகரில் இயற்கை எரிவாயு குழாயை ரஷ்ய இராணுவம் தகர்த்துள்ளதாக உக்ரைனின் சிறப்பு தகவல் தொடர்பு மற்றும் தகவல் பாதுகாப்பு சேவை தெரிவித்துள்ளது.\nஇந்த குழாய் எவ்வளவு முக்கியமானது என்பதும், இந்த நாசகார செயல் நாட்டிற்கும், நாட்டிற்கு வெளியேயும் எரிவாயு ஏற்றுமதியை சீர்குலைக்க முடியுமா என்பது உடனடியாகத் தெரியவில்லை. \nபோருக்குப் பிறகும், உக்ரைன் ரஷ்யாவின் இயற்கை எரிவாயுவை ஐரோப்பாவிற்கு அனுப்புவது தொடர்கின்றமை குறிப்பிடத்தக்கது. ",
    "url":"https://www.tamilmirror.lk/%E0%AE%89%E0%AE%B2%E0%AE%95-%E0%AE%9A%E0%AF%86%E0%AE%AF%E0%AF%8D%E0%AE%A4%E0%AE%BF%E0%AE%95%E0%AE%B3%E0%AF%8D/%E0%AE%89%E0%AE%95%E0%AF%8D%E0%AE%B0%E0%AF%88%E0%AE%A9%E0%AE%BF%E0%AE%A9%E0%AF%8D-%E0%AE%87%E0%AE%AF%E0%AE%B1%E0%AF%8D%E0%AE%95%E0%AF%88-%E0%AE%8E%E0%AE%B0%E0%AE%BF%E0%AE%B5%E0%AE%BE%E0%AE%AF%E0%AF%81-%E0%AE%95%E0%AF%81%E0%AE%B4%E0%AE%BE%E0%AE%AF%E0%AF%88-%E0%AE%A8%E0%AE%BE%E0%AE%9A%E0%AE%AE%E0%AF%8D-%E0%AE%9A%E0%AF%86%E0%AE%AF%E0%AF%8D%E0%AE%A4-%E0%AE%B0%E0%AE%B7%E0%AF%8D%E0%AE%AF%E0%AE%BE/50-291988",
    "date":"2022-02-27",
    "category":"world"
}