{
    "title":"மரமேறியவரை கீழிறக்க பல மணித்தியாலங்கள் போராட்டம்",
    "content":"200 அடி உயரமான மரத்தில் ஏறி, கிளைகளை வெட்ட முயற்சித்த தொழிலாளி ஒருவர், திடீர் நோய்வாய்பட்டதால், அவரை மரத்திலிருந்து கீழே கொண்டு வர 3 மணித்தியாலங்கள் போராடிய சம்பவம் ஒன்று, லிந்துலை பகுதியில் பதிவாகியுள்ளது.\nலிந்துலை- லெமேரியா தோட்டத்தைச் சேர்ந்த 25 வயதான பாலச்சந்திரன் அதிஸ்டகுமார் என்ற இளைஞர், நேற்று (26) காலை மரத்தின் கிளைகளை வெட்டுவதற்காக 200 அடி உயரமான யூக்கலிப்டஸ் மரத்தில் ஏறியுள்ளார்.\nஇந்த நிலையில், நேற்று காலை குறித்த பகுதியில் பெய்த கடும் மழை காரணமாக, மரத்திலேயே அந்த  இளைஞர் திடீர் நோய்வாய்ப்பட்டுள்ளார்.\nஇதனையடுத்து லெமேரியா தோட்ட இளைஞர்கள் லிந்துலை பொலிஸாரின் ஒத்துழைப்புடன், கடும் பிரயத்தனங்கள் செய்து 3 மணித்தியாலங்களின் பின்னர், மரத்திலிருந்து அந்த இளைஞரை கீ​ழே இறக்கி, வைத்தியசாலையில் அனுமதித்துள்ளனர்.",
    "url":"https://www.tamilmirror.lk/%E0%AE%AE%E0%AE%B2%E0%AF%88%E0%AE%AF%E0%AE%95%E0%AE%AE%E0%AF%8D/%E0%AE%AE%E0%AE%B0%E0%AE%AE%E0%AF%87%E0%AE%B1%E0%AE%BF%E0%AE%AF%E0%AE%B5%E0%AE%B0%E0%AF%88-%E0%AE%95%E0%AF%80%E0%AE%B4%E0%AE%BF%E0%AE%B1%E0%AE%95%E0%AF%8D%E0%AE%95-%E0%AE%AA%E0%AE%B2-%E0%AE%AE%E0%AE%A3%E0%AE%BF%E0%AE%A4%E0%AF%8D%E0%AE%A4%E0%AE%BF%E0%AE%AF%E0%AE%BE%E0%AE%B2%E0%AE%99%E0%AF%8D%E0%AE%95%E0%AE%B3%E0%AF%8D-%E0%AE%AA%E0%AF%8B%E0%AE%B0%E0%AE%BE%E0%AE%9F%E0%AF%8D%E0%AE%9F%E0%AE%AE%E0%AF%8D/76-291989",
    "date":"2022-02-27",
    "category":"general"
}