{
    "title":"சத்திர சிகிச்சைக்கூடம் திறந்து வைப்பு",
    "content":"சாய்ந்தமருது பிரதேச வைத்தியசாலையில் சிறு சத்திரசிகிச்சைக் கூடம் மீண்டும் திறந்து வைக்கும் நிகழ்வு, வெள்ளிக்கிழமை இடம்பெற்றது.\nஇந்நிகழ்வுக்கு பிரதம அதிதியாக கல்முனை பிராந்திய சுகாதார சேவைகள் பணிப்பாளர் டொக்டர் ஐ.எல்.எம். றிபாஸ் கலந்துகொண்டு, சத்திரசிகிச்சைக் கூடத்தை திறந்து வைத்தார்.\nகெளரவ அதிதியாக கல்முனை பிராந்திய சுகாதார சேவைகள் திட்டமிடல் பொறுப்பு வைத்திய அதிகாரி  எம்.சி. எம். மாஹீர், விசேட அதீதியாக சாய்ந்தமருது சுகாதார வைத்திய அதிகாரி யூ.எல்.எம். நியாஸ் ஆகியோர் கலந்துகொண்டதுடன், இந்நிகழ்வில் வைத்தியசாலை அபிவிருதுதிக்குழு செயலாளர், வைத்தியர்கள், தாதிய பரிபாலகர், நிருவாக உத்தியோகத்தர், தாதியர்கள் மற்றும் ஏனைய அனைத்து உத்தியோகத்தர்களும் கலந்துகொண்டனர்.\nதிறந்து வைத்த வெள்ளிக்கிழமை அன்று 6  சிறு சத்திர சிகிச்சைகள் வெற்றிகரமாக இடம்பெற்றமை குறிப்பிடத்தக்கது.",
    "url":"https://www.tamilmirror.lk/%E0%AE%85%E0%AE%AE%E0%AF%8D%E0%AE%AA%E0%AE%BE%E0%AE%B1%E0%AF%88/%E0%AE%9A%E0%AE%A4%E0%AF%8D%E0%AE%A4%E0%AE%BF%E0%AE%B0-%E0%AE%9A%E0%AE%BF%E0%AE%95%E0%AE%BF%E0%AE%9A%E0%AF%8D%E0%AE%9A%E0%AF%88%E0%AE%95%E0%AF%8D%E0%AE%95%E0%AF%82%E0%AE%9F%E0%AE%AE%E0%AF%8D-%E0%AE%A4%E0%AE%BF%E0%AE%B1%E0%AE%A8%E0%AF%8D%E0%AE%A4%E0%AF%81-%E0%AE%B5%E0%AF%88%E0%AE%AA%E0%AF%8D%E0%AE%AA%E0%AF%81/74-291986",
    "date":"2022-02-27",
    "category":"health"
}