{
    "title":"பூஸ்டர் தடுப்பூசி பெற்றவர்களின் வீதம் குறைவு ",
    "content":"கல்முனை பிராந்திய சுகாதார  சேவைகள் பணிப்பாளர் பிரிவில் கொவிட்-19  மூன்றாவது பூஸ்டர் தடுப்பூசியான பைஸசர் தடுப்பூசியை இதுவரை  பெற்றுக் கொள்ளாதவர்கள்  பெற்றுக் கொள்ளுமாறு, கல்முனை பிராந்திய சுகாதார  சேவைகள் பணிப்பாளர்  வைத்தியக் கலாநிதி டொக்டர்  ஜ.எல்.எம். றிபாஸ், இன்று (27) கேட்டுக்கொண்டார்.\nகல்முனை பிராந்திய சுகாதார சேவைகள் பணிப்பாளர் பிரிவில் மூன்றாவது பூஸ்டர் தடுப்பூசி பெற்றுக் கொண்டவர்களின் வீதம் குறைவாக காணப்படுவதால் பைஸசர் தடுப்பூசியை கட்டாயம் பெற்றுக் கொள்ளுமாறு கேட்டுள்ளார்.\nமுதலாவது, இரண்டாவது தடுப்பூசி பெற்றுக் கொண்டவர்கள் கொரோனா தாக்கத்திலிருந்து பாதுகாக்கப்பட்டுள்ளதாகவும், மூன்றாவது தடுப்பூசியை பெற்றுக் கொள்ளும் பட்சத்தில் முழுமையாக பாதுகாக்க முடியுமெனவும் குறிப்பிட்டார்.\nஎதிர்வரும் ஏப்ரல் மாதம் முதல் தடுப்பூசி அட்டை கட்டாயமாக்கப்படவுள்ளதால் அரச உத்தியோகத்தர்கள், வெளி இடங்களில் இருந்து வருபவர்கள், வியாபார நிலையங்களில் உள்ளவர்கள் மற்றும் பொது இடங்களில் வியாபாரத்தில் ஈடுபடுபவர்கள் ஆகியோர் தவறாமல் தப்பூசியை பெற்றுக் கொள்ளுமாறு கேட்டுள்ளார்.\nபொலிஸார் மற்றும் இராணுவத்தினர்  தடுப்பூசி அட்டை பரிசோதனை செய்யும் நடவடிக்கையை ஆரம்பித்துள்ளதாகவும் தெரிவித்தார்.\nதற்போது கிரமமான முறையில் இராணுவத்தினரால் கிராம சேவகர் பிரிவுகள் தோறும் பூஸ்டர் தடுப்பூசி ஏற்றப்பட்டு வருவதாகவும், இதுவரை பூஸ்டர் தடுப்பூசி பெற்றுக் கொள்ளாதவர்கள் உடனடியாக தங்களுக்கான தடுப்பூசியை பெற்றுக் கொள்ளுமாறு அறிவித்துள்ளார்.",
    "url":"https://www.tamilmirror.lk/%E0%AE%85%E0%AE%AE%E0%AF%8D%E0%AE%AA%E0%AE%BE%E0%AE%B1%E0%AF%88/%E0%AE%AA%E0%AF%82%E0%AE%B8%E0%AF%8D%E0%AE%9F%E0%AE%B0%E0%AF%8D-%E0%AE%A4%E0%AE%9F%E0%AF%81%E0%AE%AA%E0%AF%8D%E0%AE%AA%E0%AF%82%E0%AE%9A%E0%AE%BF-%E0%AE%AA%E0%AF%86%E0%AE%B1%E0%AF%8D%E0%AE%B1%E0%AE%B5%E0%AE%B0%E0%AF%8D%E0%AE%95%E0%AE%B3%E0%AE%BF%E0%AE%A9%E0%AF%8D-%E0%AE%B5%E0%AF%80%E0%AE%A4%E0%AE%AE%E0%AF%8D-%E0%AE%95%E0%AF%81%E0%AE%B1%E0%AF%88%E0%AE%B5%E0%AF%81/74-291991",
    "date":"2022-02-27",
    "category":"health,covid"
}