{
    "title":"அந்தி பூத்த வைகறை’ கவிதை நூல் வெளியீடு",
    "content":"ஒலுவில் எஸ்.ஜலால்டீன் எழுதிய 'அந்தி பூத்த வைகறை' கவிதை நூல் வெளியீட்டு விழா, அட்டாளைச்சேனை அல்-ஷகி வரவேற்பு மண்டபத்தில் இன்று(27) இடம்பெற்றது.\nதென்கிழக்கு பல்கலைக்கழகத்தின் தொழில்நுட்ப பீடத்தின் பீடாதிபதி கலாநிதி யூ.எல்.ஏ.மஜீட் தலைமையில் இடம்பெற்ற இந்நிகழ்வின்போது, தென்கிழக்கு பல்கலைக்கழகத்தின் உபவேந்தர் பேராசிரியர் றமீஸ் அபூபக்கர் பிரதம அதிதியாகக் கலந்துகொண்டு, கவிதை நூலை வெளியீட்டு வைத்தார்.\nஇந்நிகழ்வின்போது இலக்கிவாதிகள், நிர்வாக சேவை அதிகாரிகள், கல்வித்துறை அதிகாரிகள், சுகாதாரத்துறை உயரதிகாரிகள் உள்ளிட்ட துறைசார் முக்கியஸ்தர்கள் பலர் அதிதிகளாகக் கலந்துகொண்டனர்.\nசெய்னம்பு ஹூசைமா வெளியீட்டகத்தால் இக்கவிதை நூல் வெளியீடு வெளியிட்டு வைக்கப்பட்டது.\nஇதன் போது விழா தொடர்பில் கல்முனை மாநகர சபை உறுப்பினர் கலைஞர் ஏ.எல்.அன்ஸார் சிறப்புரை நிகழ்த்தியதுடன், நூல் மீதான உரையை இலக்கிய ஆய்வாளர் எம்.அப்துல் றஸாக், விமர்சகர் சிறாஜ் மசூர்,  தென்கிழக்கு பல்கலைக்கழகத்தின் சமூகவியல் துறை தலைவர் கலாநிதி எஸ்.எம்.ஐயூப் உள்ளிட்ட இலக்கியவாதிகளால் நிகழ்த்தியதோடு கலை, கலாசார நிகழ்வுகளும் மேடையேற்றப்பட்டமை குறிப்பிடத்தக்கது.",
    "url":"https://www.tamilmirror.lk/%E0%AE%85%E0%AE%AE%E0%AF%8D%E0%AE%AA%E0%AE%BE%E0%AE%B1%E0%AF%88/%E0%AE%85%E0%AE%A8%E0%AF%8D%E0%AE%A4%E0%AE%BF-%E0%AE%AA%E0%AF%82%E0%AE%A4%E0%AF%8D%E0%AE%A4-%E0%AE%B5%E0%AF%88%E0%AE%95%E0%AE%B1%E0%AF%88-%E0%AE%95%E0%AE%B5%E0%AE%BF%E0%AE%A4%E0%AF%88-%E0%AE%A8%E0%AF%82%E0%AE%B2%E0%AF%8D-%E0%AE%B5%E0%AF%86%E0%AE%B3%E0%AE%BF%E0%AE%AF%E0%AF%80%E0%AE%9F%E0%AF%81/74-291994",
    "date":"2022-02-27",
    "category":"education"
}