{
    "title":"உக்ரேன் பயணிகளின் விசா காலத்தை நீடிக்க ஆலோசனை",
    "content":"உள்நாட்டு மோதல்கள் காரணமாக சொந்த நாட்டுக்குத் திரும்ப முடியாத உக்ரேனிய சுற்றுலா பயணிகளுக்கான விசா காலத்தை நீடிக்க அரசாங்கம் கவனம் செலுத்தியுள்ளது.\nரஷ்யாவுக்கும் உக்ரைனுக்கும் இடையில் நிலவும் முரண்பாட்டினால் சொந்த நாட்டிற்கு செல்ல முடியாத உக்ரேனிய சுற்றுலா பயணிகளின் விசாவை நீடிப்பது குறித்து அரசாங்கம் பரிசீலித்து வருகின்றது என சுற்றுலாத்துறை அமைச்சர் பிரசன்ன ரணதுங்க மேலும் தெரிவித்துள்ளார். \nஇது தொடர்பில், நாளை (28) நடைபெறும் அமைச்சரவைக் கூட்டத்தில் பத்திரமொன்றை தாக்கல் செய்யவுள்ளதாக தெரிவித்த அவர், இந்த விவகாரம் தொடர்பில்   குடிவரவு குடியகல்வு திணைக்களத்துடன் வெளிவிவகார அமைச்சு ஏற்கெனவே கலந்துரையாடி வருகின்றது என்றும் அவர் மேலும் குறிப்பிட்டார். ",
    "url":"https://www.tamilmirror.lk/%E0%AE%9A%E0%AF%86%E0%AE%AF%E0%AF%8D%E0%AE%A4%E0%AE%BF%E0%AE%95%E0%AE%B3%E0%AF%8D/%E0%AE%89%E0%AE%95%E0%AF%8D%E0%AE%B0%E0%AF%87%E0%AE%A9%E0%AF%8D-%E0%AE%AA%E0%AE%AF%E0%AE%A3%E0%AE%BF%E0%AE%95%E0%AE%B3%E0%AE%BF%E0%AE%A9%E0%AF%8D-%E0%AE%B5%E0%AE%BF%E0%AE%9A%E0%AE%BE-%E0%AE%95%E0%AE%BE%E0%AE%B2%E0%AE%A4%E0%AF%8D%E0%AE%A4%E0%AF%88-%E0%AE%A8%E0%AF%80%E0%AE%9F%E0%AE%BF%E0%AE%95%E0%AF%8D%E0%AE%95-%E0%AE%86%E0%AE%B2%E0%AF%8B%E0%AE%9A%E0%AE%A9%E0%AF%88/175-291995",
    "date":"2022-02-27",
    "category":"legal,world"
}