{
    "title":"உக்ரைனில் ரஷ்யா குண்டுமழை: 198 பேர் உயிரிழப்பு; 35 குழந்தைகள் உட்பட 1,115 பேர் படுகாயம்",
    "content":"உக்ரைன் போர் நேற்று 3-வது நாளாக நீடித்தது. அந்த நாட்டின் மீது குண்டுமழை பொழிந்து வரும் ரஷ்யா, பெரும் பகுதிகளை கைப்பற்றியிருக்கிறது.\nதலைநகர் கீவில் ரஷ்ய ராணுவம் நடத்திய தாக்குதல்களில் 198 பேர் உயிரிழந்துள்ளனர். 35 குழந்தைகள் உட்பட 1,115 பேர் படுகாயம் அடைந்துள்ளனர்.\nகடந்த 24ஆம் திகதி உக்ரைன் மீது ரஷ்யா  போர் தொடுத்தது. உக்ரைனின் 800 ராணுவ தளங்களை ரஷ்ய ராணுவம் தகர்த்துள்ளது. அந்த நாட்டின் தலைநகர் கீவில் ரஷ்ய படைகள் நுழைந்துள்ளன.\nகீவ் விமான நிலையம் ரஷ்ய படைகளின் கட்டுப்பாட்டில் உள்ளது. தலைநகரில் இரு நாடுகளின் வீரர்களுக்கு இடையே கடுமையான சண்டை நடைபெற்று வருகிறது. உக்ரைன் முழுவதும் நேற்று 3 ஆவது நாளாக போர் நீடித்தது. ரஷ்ய போர் விமானங்கள் குண்டுமழை பொழிந்தன.\nஇதுகுறித்து ரஷ்ய அதிபர் மாளிகை செய்தித் தொடர்பாளர் திமித்ரி பெஸ்கோவ் நேற்று (26) கூறியதாவது:\n உக்ரைன் அரசு பேச்சுவார்த்தைக்கு அழைப்பு விடுத்தது. இதை ரஷ்யாவும் ஏற்றுக் கொண்டது. பெலாரஸ் தலைநகர் மின்ஸ்கில் பேச்சுவார்த்தை நடத்த ஏற்பாடு செய்யப்பட்டது. இதன்காரணமாக உக்ரைன் மீதான தாக்குதலை தற்காலிகமாக நிறுத்த அதிபர் புட்டின் உத்தரவிட்டார். கடந்த வெள்ளிக்கிழமை பிற்பகல் முதல் நாங்கள் தாக்குதல் நடத்தவில்லை.\nஆனால் உக்ரைன் அரசு பேச்சு வார்த்தைக்கு முன்வரவில்லை. எனவே சனிக்கிழமை பிற்பகல் முதல் மீண்டும் போரை தொடங்கியுள்ளோம். நாங்கள் பொதுமக்கள் மீது தாக்குதல் நடத்தவில்லை. உக்ரைனில் ஆட்சி நடத்தும் நவீன கால நாஜிக்கள், இராணுவத்துக்கு எதிராகவே போரிடுகிறோம். ஆனால் உக்ரைன் அரசும், இராணுவமும் தீவிரவாதிகளை போல செயல்படுகிறது. போரில் பொதுமக்களை கேடயமாக பயன்படுத்துகிறது என்றும் அவர் தெரிவித்தார்.\n உக்ரைன் அரசு தரப்பு கூறும்போது,\n தலைநகர் கீவில் ரஷ்ய இராணுவம் நடத்தி வரும் தாக்குதல்களில் இதுவரை 198 பொதுமக்கள் உயிரிழந்துள்ளனர். 33 குழந்தைகள் உட்பட 1115 பேர் படுகாயம் அடைந்துள்ளனர். குடியிருப்பு பகுதிகளின் மீது ரஷ்யா ஏவுகணை தாக்குதல்களை நடத்தி வருகிறது. ரஷ்ய இராணுவத்துக்கு எதிராக தீவிரமாக போரிட்டு வருகிறோம். இதுவரை 3500 ரஷ்ய வீரர்கள் கொல்லப்பட்டுள்ளனர். 14 விமானங்கள், 8 ஹெலிகாப்டர்கள் சுட்டு வீழ்த்தப்பட்டுள்ளன. 2 பீரங்கிகளை அழித்துள்ளோம் என்று தெரிவிக் கப்பட்டுள்ளது.\nஉக்ரைன் அதிபர் வாலோடிமிர் ஜெலன்கி நேற்று (26) வெளியிட்ட வீடியோவில், \nநாடு முழுவதும் போர் நடைபெற்று வருகிறது. எங்கள் நாட்டை காப்பாற்ற தீவிரமாக போரிட்டு வருகிறோம். தலைநகர் கீவ் எங்களது கட்டுப்பாட்டில் உள்ளது. ரஷ்ய இராணுவத்தை முன்னேறவிடாமல் தடுத்து நிறுத்தியுள்ளோம். பொதுமக்கள் சாலை, தெருக்களில் இறங்கி ரஷ்யாவுக்கு எதிராக போரிட்டு வருகின்றனர்.\nஎன்னை பாதுகாப்பாக அழைத்துச் செல்ல சில நாடுகள் முன்வந்துள்ளன. அதை விரும்பவில்லை. கடைசிவரை உக்ரைனிலேயே இருப்பேன். எங்களுக்கு ஆயுதங்களை அளித்து உதவுங்கள். ஐரோப்பிய ஒன்றியத்தில் உக்ரைனை உடனடியாக சேர்க்க வேண்டும்  என்று வேண்டுகோள் விடுத்துள்ளார்.\nஉக்ரைன் உளவு துறை வட்டாரங்கள் கூறும்போது, உக்ரைன் மீதான போரால் ரஷ்யாவுக்கு நாளொன்றுக்கு ரூ.1.5 லட்சம் கோடி இழப்பு ஏற்படுகிறது. 10 நாட்களுக்கு போர் நீடித்தால் ஏற்படும் பொருளாதார இழப்புகளை ரஷ்யாவால் சமாளிக்க முடியாது. எனவே முடிந்தவரை ரஷ்யாவுக்கு எதிராக தீரமாகப் போரிடுவோம். தலைநகர் கீவில் 1.5 லட்சம் மக்கள் உள்ளனர். அவர்கள் அனைவரும் போரில் குதித்துள்ளனர் என்று தெரிவித்தன.\nரஷ்ய கப்பல் சிறைபிடிப்பு\nஇதனிடையே ஆங்கில கால்வாய் வழியாக சென்ற ரஷ்ய சரக்கு கப்பலை பிரான்ஸ் பாதுகாப்பு படையினர் நேற்று (26) சிறைபிடித்தனர். ரஷ்யா  மீது பிரான்ஸ் பல்வேறு தடைகளை விதித்துள்ளது. இவ்வாறு தடை விதிக்கப்பட்ட நிறுவனத்தை சேர்ந்த சரக்கு கப்பலை பிடித்திருப்பதாக பிரான்ஸ் அரசு வட்டாரங்கள் தெரிவித்துள்ளன. இதற்கு ரஷ்ய வெளியுறவு அமைச்சகம் கடும் கண்டனம் தெரிவித் துள்ளது.\nஉக்ரைனுக்கு பின்லாந்து, சுவீடன், நெதர்லாந்து நாடுகள் ஆயுதங்களை அனுப்பி உதவியுள்ளன. இந்த நாடுகள் கடும் விளைவுகளை சந்திக்க நேரிடும் என்று ரஷ்யா எச்சரிக்கை விடுத்துள்ளது.",
    "url":"https://www.tamilmirror.lk/topnews/291983/%E0%AE%89%E0%AE%95%E0%AF%8D%E0%AE%B0%E0%AF%88%E0%AE%A9%E0%AE%BF%E0%AE%B2%E0%AF%8D-%E0%AE%B0%E0%AE%B7%E0%AF%8D%E0%AE%AF%E0%AE%BE-%E0%AE%95%E0%AF%81%E0%AE%A3%E0%AF%8D%E0%AE%9F%E0%AF%81%E0%AE%AE%E0%AE%B4%E0%AF%88-198-%E0%AE%AA%E0%AF%87%E0%AE%B0%E0%AF%8D-%E0%AE%89%E0%AE%AF%E0%AE%BF%E0%AE%B0%E0%AE%BF%E0%AE%B4%E0%AE%AA%E0%AF%8D%E0%AE%AA%E0%AF%81-35-%E0%AE%95%E0%AF%81%E0%AE%B4%E0%AE%A8%E0%AF%8D%E0%AE%A4%E0%AF%88%E0%AE%95%E0%AE%B3%E0%AF%8D-%E0%AE%89%E0%AE%9F%E0%AF%8D%E0%AE%AA%E0%AE%9F-1-115-%E0%AE%AA%E0%AF%87%E0%AE%B0%E0%AF%8D-%E0%AE%AA%E0%AE%9F%E0%AF%81%E0%AE%95%E0%AE%BE%E0%AE%AF%E0%AE%AE%E0%AF%8D",
    "date":"2022-02-27",
    "category":"world"
}
