{
    "title":"கச்சா எண்ணெய் விலையில் சிறிது சரிவு",
    "content":"உலக சந்தையில் கச்சா எண்ணெய் விலையில் சிறிது சரிவு ஏற்பட்டுள்ளதாக வெளிநாட்டு ஊடகங்கள் செய்தி வெளியிட்டுள்ளன. \nபேரல் ஒன்றுக்கு 94.70 டொலராக இருந்த ஒரு பேரல் கச்சா எண்ணெய்யின் விலை நான்கு நாட்களில் 106 டொலரை நெருங்கியது.\nரஷ்யாவுக்கும் உக்ரைனுக்கும் இடையிலான யுத்த சூழ்நிலை காரணமாக கடந்த வாரம் இந்த அசாதாரண விலை உயர்வு ஏற்பட்டுள்ளதாக வெளிநாட்டு ஊடகங்கள் மேலும் தெரிவிக்கின்றன.\nஎனினும் தற்போது உலக சந்தையில் கச்சா எண்ணெய் விலையில் சிறிது சரிவு ஏற்பட்டுள்ளதாக தகவல்கள் தெரிவிக்கின்றன. ",
    "url":"https://www.tamilmirror.lk/%E0%AE%9A%E0%AF%86%E0%AE%AF%E0%AF%8D%E0%AE%A4%E0%AE%BF%E0%AE%95%E0%AE%B3%E0%AF%8D/%E0%AE%95%E0%AE%9A%E0%AF%8D%E0%AE%9A%E0%AE%BE-%E0%AE%8E%E0%AE%A3%E0%AF%8D%E0%AE%A3%E0%AF%86%E0%AE%AF%E0%AF%8D-%E0%AE%B5%E0%AE%BF%E0%AE%B2%E0%AF%88%E0%AE%AF%E0%AE%BF%E0%AE%B2%E0%AF%8D-%E0%AE%9A%E0%AE%BF%E0%AE%B1%E0%AE%BF%E0%AE%A4%E0%AF%81-%E0%AE%9A%E0%AE%B0%E0%AE%BF%E0%AE%B5%E0%AF%81/175-291998",
    "date":"2022-02-27",
    "category":"economic"
}