{
    "title":"மட்டக்களப்பிலும் கையெழுத்து போராட்டம் ஆரம்பம்",
    "content":"பயங்கரவாத தடைச்சட்டத்தை நீக்கக் கோரி, மட்டக்களப்பு காந்திபூங்கா முன்பாக கையெழுத்து போராட்டம் இன்று (27) ஆரம்பித்து வைக்கப்பட்டது.\nஇலங்கை தமிழரசுக் கட்சியின் வாலிபர் முன்னணியின் ஏற்பாட்டில், வாலிபர் முன்னணியின் தலைவர் லோ.தீபாகரன் தலைமையில் இக்கையெழுத்துப் போராட்டமும் கண்டன ஆர்ப்பாட்டமும் நடைபெற்றன,\nதமிழ்த் தேசியக் கூட்டமைப்பின் பாராளுமன்ற உறுப்பினர்களான எம்.ஏ.சுமந்திரன், கோவிந்தன் கருணாகரம், இரா.சாணாக்கியன், முன்னாள் பாராளுமன்ற உறுப்பினர்களான பா.அரியநேந்திரன், ஞா.ஸ்ரீநேசன், முன்னாள் மாகாண சபை உறுப்பினர்கள், மதத் தலைவர்கள், சிவில் சமூக பிரதிநிதிகள், பிரதேச சபை தவிசாளர்கள், கட்சி உறுப்பினர்கள் மற்றும் பொதுமக்கள் பலர் இதில் கலந்துகொண்டனர்.\nஇவர்கள் பயங்கரவாத தடைச்சட்டத்தை நீக்கக் கோரி கையெழுத்து இட்டு, அரசாங்கத்திடம் கோரிக்கை முன்வைத்தார்கள்.",
    "url":"https://www.tamilmirror.lk/%E0%AE%AE%E0%AE%9F%E0%AF%8D%E0%AE%9F%E0%AE%95%E0%AF%8D%E0%AE%95%E0%AE%B3%E0%AE%AA%E0%AF%8D%E0%AE%AA%E0%AF%81/%E0%AE%AE%E0%AE%9F%E0%AF%8D%E0%AE%9F%E0%AE%95%E0%AF%8D%E0%AE%95%E0%AE%B3%E0%AE%AA%E0%AF%8D%E0%AE%AA%E0%AE%BF%E0%AE%B2%E0%AF%81%E0%AE%AE%E0%AF%8D-%E0%AE%95%E0%AF%88%E0%AE%AF%E0%AF%86%E0%AE%B4%E0%AF%81%E0%AE%A4%E0%AF%8D%E0%AE%A4%E0%AF%81-%E0%AE%AA%E0%AF%8B%E0%AE%B0%E0%AE%BE%E0%AE%9F%E0%AF%8D%E0%AE%9F%E0%AE%AE%E0%AF%8D-%E0%AE%86%E0%AE%B0%E0%AE%AE%E0%AF%8D%E0%AE%AA%E0%AE%AE%E0%AF%8D/73-291996",
    "date":"2022-02-27",
    "category":"general"
}