{
    "title":"காரில் செல்வோருக்குப் புதிய சலுகை",
    "content":"அண்மைக் காலமாக கொரோனாத் தொற்றுப் பரவலினால் பாதிக்கப்படுபவர்களின் எண்ணிக்கை இந்தியாவில் குறைந்து வருவதாகத் தெரிவிக்கப்பட்டுள்ளது.\nஇதன் காரணமாக பல்வேறு மாநிலங்களிலும் கொரோனாக்  கட்டுப்பாடுகள் தளர்த்தப்பட்டு வருகின்றன.\nகுறிப்பாக, பாடசாலைகளிலும்  நேரடி வகுப்புகள் தொடங்க அனுமதி அளிக்கப்பட்டுள்ளது.\nஇருப்பினும் முகக் கவசம் அணிவது, சமூக இடைவெளியை பின்பற்றுவது  உள்ளிட்ட கட்டுப்பாடுகளை க் கடைப்பிடிக்குமாறும் அறிவுறுத்தப்பட்டுள்ளது.\nஇந்நிலையில் காரில் முகக் கவசம் அணியாமல் செல்வோருக்கு அபராதம் விதிக்கப்படாது எனவும், பொது இடங்களில் முகக் கவசம் அணியாதவர்களுக்கு விதிக்கப்படும் அபராதத் தொகை 2000 ரூபாயிலிருந்து  500 ரூபாயாகக் குறைக்கப்பட்டுள்ளதாகவும் மத்திய அரசு அறிவித்துள்ளமை  குறிப்பிடத்தக்கது.",
    "url":"https://www.tamilmirror.lk/%E0%AE%87%E0%AE%A8%E0%AF%8D%E0%AE%A4%E0%AE%BF%E0%AE%AF%E0%AE%BE/%E0%AE%95%E0%AE%BE%E0%AE%B0%E0%AE%BF%E0%AE%B2%E0%AF%8D-%E0%AE%9A%E0%AF%86%E0%AE%B2%E0%AF%8D%E0%AE%B5%E0%AF%8B%E0%AE%B0%E0%AF%81%E0%AE%95%E0%AF%8D%E0%AE%95%E0%AF%81%E0%AE%AA%E0%AF%8D-%E0%AE%AA%E0%AF%81%E0%AE%A4%E0%AE%BF%E0%AE%AF-%E0%AE%9A%E0%AE%B2%E0%AF%81%E0%AE%95%E0%AF%88/366-291987",
    "date":"2022-02-27",
    "category":"india,covid"
}