{
    "title":"மணிப்பூரில் குண்டுவெடிப்பு; அச்சத்தில் மக்கள்",
    "content":"60 சட்டசபைத்  தொகுதிகளைக் கொண்ட மணிப்பூர் மாநிலத்தில் நாளையும்(28)  மார்ச் மாதம் 6 ஆம் திகதியும்   2 கட்டங்களாக சட்டசபை தேர்தல் நடைபெற உள்ளது.\nஇந்நிலையில் பயங்கரவாதிகள் நேற்றைய தினம் (26) நடத்திய வெடிகுண்டுத் தாக்குதல்களில் 2 பேர் உயிரிழந்துள்ள சம்பவம் அப்பகுதியில் பெரும் பரபரப்பை ஏற்படுத்தியுள்ளது.\nமணிப்பூரில், சர்ச்சந்தப்பூர் மாவட்டத்தில் உள்ள கேங்க் பிமுல் கிராமத்தில் உள்ள ஒரு வீட்டிலேயே  இக்குண்டு வெடிப்புச் சம்பவம் இடம்பெற்றுள்ளதாகத் தெரிவிக்கப்பட்டுள்ளது.\nஇக் குண்டுவெடிப்பில்  குழந்தையொன்று  உட்பட 7 பேர் படுகாயங்களுக்குள்ளான நிலையில் வைத்தியசாலையில் அனுமதிக்கப்பட்டதாகவும்,  அதில் இருவர் சிகிச்சை பலனின்றி உயிரிழந்துள்ளதாகவும் தெரிவிக்கப்பட்டுள்ளது.\nமணிப்பூர் மாநிலத்துக்கு கடந்த ஜனவரி மாதம் 8ஆம் திகதி தேர்தல் அறிவிக்கப்பட்ட பின்னர்  நடைபெறும் முதல் குண்டுவெடிப்பு சம்பவம் இது என்பதும் குறிப்பிடத்தக்கது.",
    "url":"https://www.tamilmirror.lk/%E0%AE%87%E0%AE%A8%E0%AF%8D%E0%AE%A4%E0%AE%BF%E0%AE%AF%E0%AE%BE/%E0%AE%AE%E0%AE%A3%E0%AE%BF%E0%AE%AA%E0%AF%8D%E0%AE%AA%E0%AF%82%E0%AE%B0%E0%AE%BF%E0%AE%B2%E0%AF%8D-%E0%AE%95%E0%AF%81%E0%AE%A3%E0%AF%8D%E0%AE%9F%E0%AF%81%E0%AE%B5%E0%AF%86%E0%AE%9F%E0%AE%BF%E0%AE%AA%E0%AF%8D%E0%AE%AA%E0%AF%81-%E0%AE%85%E0%AE%9A%E0%AF%8D%E0%AE%9A%E0%AE%A4%E0%AF%8D%E0%AE%A4%E0%AE%BF%E0%AE%B2%E0%AF%8D-%E0%AE%AE%E0%AE%95%E0%AF%8D%E0%AE%95%E0%AE%B3%E0%AF%8D/366-291990",
    "date":"2022-02-27",
    "category":"india,crime"
}