{
    "title":"குழந்தையின் உயிரைப் பறித்த ஏசி ",
    "content":"இரண்டு வயதான குழந்தையொன்றின் உயிரை வீட்டில் வைக்கப்பட்டிருந்த குளிரூட்டி ( ஏசி) பறித்த சோக சம்பவம் நேற்று முன்தினம் சென்னை, பல்லாவரத்தில் இடம்பெற்றுள்ளது.\nசம்பவ தினத்தன்று அக் குழந்தையின் தாய் அக்குழந்தையைப்  படுக்கையறையில் உறங்க வைத்துவிட்டு, வீட்டு வாசலில் அமர்ந்து பூமாலை கட்டிக் கொண்டு இருந்ததாகவும், இதன் போது எதிர்பாராத விதமாக வீட்டில் தீப்பரபல்  ஏற்பட்டதாகவும் கூறப்படுகின்றது.\nஇதனையடுத்து வீடு முழுவதும் தீ பரவியதால் குழந்தையை மீட்க முடியாமல் தாய் தடுமாறியதாகவும், அதன் பின்னர் அக்கம் பக்கத்தினர் உதவியுடன் தீயணைப்பு துறையினர் வரவழைக்கப்பட்டு தீ அணைக்கப்பட்டதாகவும்,  எனினும் குழந்தை  தீயில் கருகி உயிரிழந்துள்ளதாகவும் தெரிவிக்கப்பட்டுள்ளது.\nஇந்நிலையில் பொலிஸாரின் விசாரணையில் ”படுக்கை அறையில் வைக்கப்பட்டிருந்த குளிரூட்டியில்  ஏற்பட்ட மின்கசிவே இத் தீவிபத்துக்கான காரணம் எனத் தெரிவிக்கப்பட்டுள்ளது.\nஇச்சம்பவமானது அப்பகுதியில் பெரும் பரபரப்பை ஏற்படுத்தியுள்ளது.",
    "url":"https://www.tamilmirror.lk/%E0%AE%87%E0%AE%A8%E0%AF%8D%E0%AE%A4%E0%AE%BF%E0%AE%AF%E0%AE%BE/%E0%AE%95%E0%AF%81%E0%AE%B4%E0%AE%A8%E0%AF%8D%E0%AE%A4%E0%AF%88%E0%AE%AF%E0%AE%BF%E0%AE%A9%E0%AF%8D-%E0%AE%89%E0%AE%AF%E0%AE%BF%E0%AE%B0%E0%AF%88%E0%AE%AA%E0%AF%8D-%E0%AE%AA%E0%AE%B1%E0%AE%BF%E0%AE%A4%E0%AF%8D%E0%AE%A4-%E0%AE%8F%E0%AE%9A%E0%AE%BF/366-291997",
    "date":"2022-02-27",
    "category":"india"
}