{
    "title":"மணமகனின் தலையைப் பார்த்து மயங்கி விழுந்த மணமகள்",
    "content":"மணமகனின் தலையைப்   பார்த்து அதிர்ச்சியடைந்த  மணமகள் மணமேடையில் மயங்கி விழுந்த விநோத சம்பவம் உத்திர பிரதேசத்தில் இடம்பெற்றுள்ளது.\nஉ.பி மாநிலம் எட்டவா பகுதியில் உள்ள பார்த்தனா பகுதியில்அண்மையில் திருமண நிகழ்வொன்று இடம்பெற்றுள்ளது.\nகுறித்த நிகழ்வில்  மணமகன் தலையில் விக் அணிந்திருப்பதைக் கண்டு அதிர்ச்சியடைந்த மணமகள், மணமேடையிலேயே மயங்கி விழுந்துவிட்டார் எனவும், இதையடுத்து உறவினர் அப்பெண்ணின் முகத்தில் நீர்  தெளித்து அவரை எழுப்பிய போது அவர் மணமகனைத் திருமணம் செய்ய மறுத்துவிட்டார் எனவும் தெரிவிக்கப்பட்டுள்ளது.",
    "url":"https://www.tamilmirror.lk/%E0%AE%B5%E0%AE%BF%E0%AE%A8%E0%AF%8B%E0%AE%A4-%E0%AE%89%E0%AE%B2%E0%AE%95%E0%AE%AE%E0%AF%8D/%E0%AE%AE%E0%AE%A3%E0%AE%AE%E0%AE%95%E0%AE%A9%E0%AE%BF%E0%AE%A9%E0%AF%8D-%E0%AE%A4%E0%AE%B2%E0%AF%88%E0%AE%AF%E0%AF%88%E0%AE%AA%E0%AF%8D-%E0%AE%AA%E0%AE%BE%E0%AE%B0%E0%AF%8D%E0%AE%A4%E0%AF%8D%E0%AE%A4%E0%AF%81-%E0%AE%AE%E0%AE%AF%E0%AE%99%E0%AF%8D%E0%AE%95%E0%AE%BF-%E0%AE%B5%E0%AE%BF%E0%AE%B4%E0%AF%81%E0%AE%A8%E0%AF%8D%E0%AE%A4-%E0%AE%AE%E0%AE%A3%E0%AE%AE%E0%AE%95%E0%AE%B3%E0%AF%8D/53-291999",
    "date":"2022-02-27",
    "category":"india"
}