{
    "title":"உக்ரைனின் இறப்பு எண்ணிக்கை...",
    "content":"உக்ரைனின் இறப்பு எண்ணிக்கை இதுவரை உறுதியாக வெளியிடவில்லை.\nரஷ்யாவின் தாக்குதலுக்கு மத்தியில் உக்ரைனில் ஏராளமான மக்கள் கொல்லப்பட்டதாக சில தகவல்கள் கூறுகின்றன.\nஉக்ரைன் முழுவதும் பரவலாக சண்டை நடத்தப்படுகின்றது.\nஐக்கிய நாடுகள் சபை சனிக்கிழமை பிற்பகுதியில் குறைந்தது 64 பொதுமக்கள் கொல்லப்பட்டதை உறுதிப்படுத்தியதாகக் கூறியது.\nஇருப்பினும் உண்மையான புள்ளிவிவரங்கள் கணிசமாக அதிகமாக உள்ளன என்றும் தெரிவிக்கப்படுகின்றது. பல இறப்பு அறிக்கைகள் இதுவரை உறுதிப்படுத்தப்படவில்லை.\nஇதேவேளை, தமது ரஷ்யாவின் தாக்குதலில் மூன்று குழந்தைகள் உட்பட 198 உக்ரைனியர்கள் கொல்லப்பட்டதாக உக்ரைனின் சுகாதார அமைச்சர் விக்டர் லியாஷ்கோ முன்னதாக தெரிவித்திருந்தார்.",
    "url":"https://www.tamilmirror.lk/%E0%AE%89%E0%AE%B2%E0%AE%95-%E0%AE%9A%E0%AF%86%E0%AE%AF%E0%AF%8D%E0%AE%A4%E0%AE%BF%E0%AE%95%E0%AE%B3%E0%AF%8D/%E0%AE%89%E0%AE%95%E0%AF%8D%E0%AE%B0%E0%AF%88%E0%AE%A9%E0%AE%BF%E0%AE%A9%E0%AF%8D-%E0%AE%87%E0%AE%B1%E0%AE%AA%E0%AF%8D%E0%AE%AA%E0%AF%81-%E0%AE%8E%E0%AE%A3%E0%AF%8D%E0%AE%A3%E0%AE%BF%E0%AE%95%E0%AF%8D%E0%AE%95%E0%AF%88/50-292000",
    "date":"2022-02-27",
    "category":"world"
}