{
    "title":"மேலும் பல இந்திய மீனவர்கள் கைது",
    "content":"கிளிநொச்சி - இரணைதீவு கடற்பரப்பில் அத்துமீறி மீன்பிடியில் ஈடுபட்ட இந்திய மீனவர்கள் 07 பேர் கைது செய்யப்பட்டுள்ளனர்.\nகுறித்த இந்திய மீனவர்கள் 7 பேரும் நேற்று (26)இரவு கடற்படையினரால் கைது செய்யப்பட்டு கடற்தொழில் நீரியல் வள திணைக்களத்திடம் ஒப்படைக்கப்பட்டுள்ளனர்.\n இவர்களை இன்றைய தினம் கிளிநொச்சி மாவட்ட நீதவான் நீதிமன்றில் முன்னிலைப்படுத்த நடவடிக்கை எடுக்கப்பட்டுள்ளதாக தெரிவிக்கப்பட்டுள்ளது.\nஇதேவேளை கடந்த 13ஆம் திகதி இதே கடல் பகுதியில் அத்துமீறி மீன்பிடியில் ஈடுபட்ட 12 மீனவர்கள் கைது செய்யப்பட்டு விளக்கமறியலில் வைக்கப்பட்டுள்ளமை குறிப்பிடத்தக்கது.",
    "url":"https://www.tamilmirror.lk/%E0%AE%B5%E0%AE%A9%E0%AF%8D%E0%AE%A9%E0%AE%BF/%E0%AE%AE%E0%AE%B2%E0%AE%AE-%E0%AE%AA%E0%AE%B2-%E0%AE%87%E0%AE%A8%E0%AE%A4%E0%AE%AF-%E0%AE%AE%E0%AE%A9%E0%AE%B5%E0%AE%B0%E0%AE%95%E0%AE%B3-%E0%AE%95%E0%AE%A4/72-291982",
    "date":"2022-02-27",
    "category":"legal,crime,world"
}