{
    "title":"ஜம்பட்டாவில் பாரிய தீ ",
    "content":"கொழும்பு, ஜம்பட்டா வீதியிலுள்ள கடையொன்றில் தீ பரவியுள்ளது. அந்தத் தீயை தமது கட்டுப்பாட்டுக்குள் கொண்டு வருவதற்காக, 10 தீயணைப்பு வாகனங்கள் ஈடுபடுத்தப்பட்டுள்ளன என தீயணைப்புப் பிரிவு தெரிவித்துள்ளது.",
    "url":"https://www.tamilmirror.lk/%E0%AE%AE%E0%AF%87%E0%AE%B2%E0%AF%8D-%E0%AE%AE%E0%AE%BE%E0%AE%95%E0%AE%BE%E0%AE%A3%E0%AE%AE%E0%AF%8D/%E0%AE%9C%E0%AE%AE%E0%AF%8D%E0%AE%AA%E0%AE%9F%E0%AF%8D%E0%AE%9F%E0%AE%BE%E0%AE%B5%E0%AE%BF%E0%AE%B2%E0%AF%8D-%E0%AE%AA%E0%AE%BE%E0%AE%B0%E0%AE%BF%E0%AE%AF-%E0%AE%A4%E0%AF%80/95-292001",
    "date":"2022-02-27",
    "category":"general"
}