{
    "title":"பல இடங்களில் ஆலங்கட்டி மழை",
    "content":"பொகவந்தலாவ பிரதேசத்தில் நேற்று பிற்பகல் பல இடங்களில் ஆலங்கட்டி மழை பெய்துள்ளது.\nபொகவந்தலாவ நகரிலும் பொகவந்தலாவ ஆரியபுர மற்றும் சிறிபுர பகுதிகளிலும் நேற்று மாலை 4 மணியளவில் ஆலங்கட்டி மழை பெய்ததாக குறிப்பிடப்படுகின்றது.\nபொகவந்தலாவ பிரதேசத்தில் பல இடங்களில் சுமார் 30 நிமிடங்களுக்கு பலத்த மழையும் பெய்துள்ளமை குறிப்பிடத்தக்கது.\nஆலங்கட்டி மழை என்பது வானத்திலிருந்து விழும் திடநிலைப் பொழிவாகும். பந்துகளாகவோ ஒழுங்கற்ற உருண்டைகளாகவோ உள்ள பனிக்கட்டிகளான இவற்றை ஆலங்கட்டி என்கிறோம்.",
    "url":"https://www.tamilmirror.lk/%E0%AE%AE%E0%AE%B2%E0%AF%88%E0%AE%AF%E0%AE%95%E0%AE%AE%E0%AF%8D/%E0%AE%AA%E0%AE%B2-%E0%AE%87%E0%AE%9F%E0%AE%99%E0%AF%8D%E0%AE%95%E0%AE%B3%E0%AE%BF%E0%AE%B2%E0%AF%8D-%E0%AE%86%E0%AE%B2%E0%AE%99%E0%AF%8D%E0%AE%95%E0%AE%9F%E0%AF%8D%E0%AE%9F%E0%AE%BF-%E0%AE%AE%E0%AE%B4%E0%AF%88/76-292002",
    "date":"2022-02-27",
    "category":"climate"
}