{
    "title":"5 மணிநேரத்துக்கு மேல் மின்வெட்டு",
    "content":"நாளை (28) மின்வெட்டு அமுல்படுத்தப்படும் என, இலங்கை மின்சார சபை அறிவித்துள்ளது. இதற்கான அனுமதியை பொதுப் பயன்பாட்டு ஆணைக்குழு வழங்கியுள்ளது.\nஇதன்பிரகாரம் ஏ,பீ மற்றும் சி ஆகிய வலயங்களில் நான்கு மணிநேரம் 40 நிமிடங்கள் மின்வெட்டு அமுலில் இருக்கும்.\nஅதேபோல, பி,க்யூ, ஆர்,எஸ், டி,யூ,வி மற்றும் டப்ள்யு ஆகிய வலயங்களில் ஐந்து மணி​நேரம் 15 நிமிடங்கள் மின்வெட்டு அமுலில் இருக்கும் என அறிவிக்கப்பட்டுள்ளது.",
    "url":"https://www.tamilmirror.lk/%E0%AE%9A%E0%AF%86%E0%AE%AF%E0%AF%8D%E0%AE%A4%E0%AE%BF%E0%AE%95%E0%AE%B3%E0%AF%8D/5-%E0%AE%AE%E0%AE%A3%E0%AE%BF%E0%AE%A8%E0%AF%87%E0%AE%B0%E0%AE%A4%E0%AF%8D%E0%AE%A4%E0%AF%81%E0%AE%95%E0%AF%8D%E0%AE%95%E0%AF%81-%E0%AE%AE%E0%AF%87%E0%AE%B2%E0%AF%8D-%E0%AE%AE%E0%AE%BF%E0%AE%A9%E0%AF%8D%E0%AE%B5%E0%AF%86%E0%AE%9F%E0%AF%8D%E0%AE%9F%E0%AF%81/175-292003",
    "date":"2022-02-27",
    "category":"general"
}