{
    "title":"புட்டின் இடைநீக்கம்",
    "content":"சர்வதேச ஜூடோ கூட்டமைப்பின் (ஐஜேஎஃப்) கௌரவத் தலைவர் பதவியில் இருந்து ரஷ்ய ஜனாதிபதி விளாதிமீர் புட்டின் இடைநீக்கம் செய்யப்பட்டார் என விளையாட்டு நிர்வாகக் குழு அறிவித்துள்ளது.\nஉக்ரைன் மீதான ரஷ்யாவின் ஆக்கிரமிப்பு காரணமாக அந்த கௌரவத் தலைவர் பதவியில் இருந்து புட்டின் நீக்கப்பட்டுள்ளார் என அக்குழு அறிவித்துள்ளது.",
    "url":"https://www.tamilmirror.lk/%E0%AE%AA%E0%AE%BF%E0%AE%B0%E0%AE%A4%E0%AE%BE%E0%AE%A9-%E0%AE%B5%E0%AE%BF%E0%AE%B3%E0%AF%88%E0%AE%AF%E0%AE%BE%E0%AE%9F%E0%AF%8D%E0%AE%9F%E0%AF%81/%E0%AE%AA%E0%AF%81%E0%AE%9F%E0%AF%8D%E0%AE%9F%E0%AE%BF%E0%AE%A9%E0%AF%8D-%E0%AE%87%E0%AE%9F%E0%AF%88%E0%AE%A8%E0%AF%80%E0%AE%95%E0%AF%8D%E0%AE%95%E0%AE%AE%E0%AF%8D/44-292006",
    "date":"2022-02-27",
    "category":"world"
}