{
    "title":"நேற்றையதினம் பதிவான கொரோனா மரணங்கள்",
    "content":"கொரோனா தொற்றுக்கு உள்ளாகி நேற்றையதினம் மேலும் 24 பேர் உயிரிழந்துள்ளனர் என அரசாங்க தகவல் திணைக்களம் அறிவித்துள்ளது.\n15 ஆண்களும் 09 பெண்களும் உயிரிழந்துள்ளனர் என்பதுடன், கொரோனா தொற்றுக்கு உள்ளாகி உயிரிழந்தோர் எண்ணிக்கை  16,190 ஆக அதிகரித்துள்ளது.\n60 வயதுக்கு மேற்பட்டவர்களில் 20 பேரும் 30 வயதுக்கும் 59 வயதுக்கும் இடைப்பட்டவர்களில் 04 பேரும் மரணித்துள்ளனர் என்பது குறிப்பிடத்தக்கது.",
    "url":"https://www.tamilmirror.lk/%E0%AE%9A%E0%AF%86%E0%AE%AF%E0%AF%8D%E0%AE%A4%E0%AE%BF%E0%AE%95%E0%AE%B3%E0%AF%8D/%E0%AE%A8%E0%AF%87%E0%AE%B1%E0%AF%8D%E0%AE%B1%E0%AF%88%E0%AE%AF%E0%AE%A4%E0%AE%BF%E0%AE%A9%E0%AE%AE%E0%AF%8D-%E0%AE%AA%E0%AE%A4%E0%AE%BF%E0%AE%B5%E0%AE%BE%E0%AE%A9-%E0%AE%95%E0%AF%86%E0%AE%BE%E0%AE%B0%E0%AF%8B%E0%AE%A9%E0%AE%BE-%E0%AE%AE%E0%AE%B0%E0%AE%A3%E0%AE%99%E0%AF%8D%E0%AE%95%E0%AE%B3%E0%AF%8D/175-292007",
    "date":"2022-02-27",
    "category":"covid"
}