{
    "title":"உக்ரைனில் சிக்கியுள்ள இலங்கையர்கள் தொடர்பில் புதிய தகவல்",
    "content":"ரஷ்யா - உக்ரைன் போர் ஆரம்பித்துள்ள நிலையில் உக்ரைனில் சிக்கியுள்ள 20 இலங்கையர்கள் நாடு திரும்ப காத்திருப்பதாக தெரிவிக்கப்படுகின்றது.\nஇவர்கள் போலந்து எல்லையூடாக உக்ரைனிலிருந்து வௌியேற போலந்து எல்லையில்  காத்திருப்பதாக துருக்கி, ஜோர்ஜியா மற்றும் உக்ரைனுக்கான இலங்கை தூதுவர் எம்.ஆர். ஹசன் குறிப்பிட்டார்.\nஇந்த விடயம் தொடர்பில் எல்லைப் பகுதி அதிகாரிகளுக்கு தௌிவுபடுத்தப்பட்டுள்ளதாக அவர் கூறினார்.\nஇந்த நிலையில், உக்ரைனில் சிக்கியுள்ள இலங்கையர்கள் அனைவரையும் போலந்து ஊடாக நாட்டிற்கு அழைத்து வருவதற்கான கலந்துரையாடல்கள் தொடர்ச்சியாக முன்னெடுக்கப்பட்டு வருவதாக தூதுவர் எம்.ஆர். ஹசன் கூறினார்.",
    "url":"https://www.tamilmirror.lk/%E0%AE%89%E0%AE%B2%E0%AE%95-%E0%AE%9A%E0%AF%86%E0%AE%AF%E0%AF%8D%E0%AE%A4%E0%AE%BF%E0%AE%95%E0%AE%B3%E0%AF%8D/%E0%AE%89%E0%AE%95%E0%AF%8D%E0%AE%B0%E0%AF%88%E0%AE%A9%E0%AE%BF%E0%AE%B2%E0%AF%8D-%E0%AE%9A%E0%AE%BF%E0%AE%95%E0%AF%8D%E0%AE%95%E0%AE%BF%E0%AE%AF%E0%AF%81%E0%AE%B3%E0%AF%8D%E0%AE%B3-%E0%AE%87%E0%AE%B2%E0%AE%99%E0%AF%8D%E0%AE%95%E0%AF%88%E0%AE%AF%E0%AE%B0%E0%AF%8D%E0%AE%95%E0%AE%B3%E0%AF%8D-%E0%AE%A4%E0%AF%8A%E0%AE%9F%E0%AE%B0%E0%AF%8D%E0%AE%AA%E0%AE%BF%E0%AE%B2%E0%AF%8D-%E0%AE%AA%E0%AF%81%E0%AE%A4%E0%AE%BF%E0%AE%AF-%E0%AE%A4%E0%AE%95%E0%AE%B5%E0%AE%B2%E0%AF%8D/50-292011",
    "date":"2022-02-27",
    "category":"world"
}