{
    "title":"ஐந்து நாட்களுக்கு தேவையான எரிபொருளே உள்ளது",
    "content":"ஐந்து நாட்களுக்கு தேவையான எரிபொருள் மாத்திர​மே கையிருப்பில் உள்ளதாக ரயில்வே பொதுமுகாமையாளர் தம்மிக்க ஜயசுந்தர தெரிவித்துள்ளார்.\n10 நாட்களுக்கு ​தேவையான எரிபொருளை மாத்திரமே ரயில்வே திணைக்களத்தில் களஞ்சியப்படுத்தி வைக்க முடியும். தற்போது இந்த கையிருப்பு 50 சதவீதமாக குறைவடைந்துள்ளதாகவும் அவர் மேலும் தெரிவித்துள்ளார்.\nரயில்வே திணைக்களம் வசமுள்ள எரிபொருளின் அளவு குறைந்தாலும், ரயில் போக்குவரத்தில் பாதிப்பு ஏற்படாது. ரயில் போக்குவரத்துக்காக நாளொன்றுக்கு ஒரு இலட்சம் லீற்றர் தேவைப்படும் நிலையில், நாளாந்த கொள்முதல் அடிப்படையிலேயே ரயில்வே திணைக்களத்துக்கு இலங்கைப் பெற்றோலியக் கூட்டுத்தாபனம் எரிபொருளை வழங்கி வருவதாகவும் அவர் மேலும் தெரிவித்தார். ",
    "url":"https://www.tamilmirror.lk/%E0%AE%9A%E0%AF%86%E0%AE%AF%E0%AF%8D%E0%AE%A4%E0%AE%BF%E0%AE%95%E0%AE%B3%E0%AF%8D/%E0%AE%90%E0%AE%A8%E0%AF%8D%E0%AE%A4%E0%AF%81-%E0%AE%A8%E0%AE%BE%E0%AE%9F%E0%AF%8D%E0%AE%95%E0%AE%B3%E0%AF%81%E0%AE%95%E0%AF%8D%E0%AE%95%E0%AF%81-%E0%AE%A4%E0%AF%87%E0%AE%B5%E0%AF%88%E0%AE%AF%E0%AE%BE%E0%AE%A9-%E0%AE%8E%E0%AE%B0%E0%AE%BF%E0%AE%AA%E0%AF%8A%E0%AE%B0%E0%AF%81%E0%AE%B3%E0%AF%87-%E0%AE%89%E0%AE%B3%E0%AF%8D%E0%AE%B3%E0%AE%A4%E0%AF%81/175-292021",
    "date":"2022-02-27",
    "category":"economic"
}