{
    "title":"ராஜபக்ஷக்களுக்கு சவால் விடுகிறேன்",
    "content":"முடிந்தால் தேர்தலை நடத்துங்கள் என ராஜபக்ஷக்களுக்கு சவால் விடுவதாக தெரிவித்த மக்கள் விடுதலை முன்னணியின் அரசியற் குழு உறுப்பினர் கே.டி.லால்காந்த, அரசாங்கத்தை எவ்வாறு வெளியேற்றுவதென்றே மக்கள் பார்த்துகொண்டிருப்பதாகவும் தெரிவித்தார்.\nதங்கல்லயில் நேற்று முன்தினம் (27) நடைபெற்ற தேசிய மக்கள் சக்தியின் பேரணியில் கலந்துகொண்டு தொடர்ந்து உரையாற்றிய அவர், உலக மக்கள் அனைவரும் ரஷ்யா - உக்ரைன் யுத்தத்தைப் பார்த்துக்கொண்டிருக்கிறார்கள்.\nஆனால், இலங்கை மக்களோ அரசாங்கத்தை எவ்வாறு வெளியேற்றுவதென்றேப் பார்த்துக்கொண்டிருக்கிறார்கள். இந்த அரசாங்கத்தை வெளியேற்றுவதற்கான போராட்டத்தை நாம் ஆரம்பித்துள்ளோம் எனவும் தெரிவித்தார்.\nதேசிய மக்கள் சக்தியின் தலைவர் அநுரகுமார திஸாநாயக்கவுக்கு எதிராக நாட்டில் அதிகளவில் சேறுபூசும் நடவடிக்கைகள் மேற்கொள்ளப்படுகிறது. எதிரிகளுக்கு அதிகமாக வலிக்கிறது என்பதே இதனூடாக தெரிகிறது எனவும் கூறினார்.",
    "url":"https://www.tamilmirror.lk/%E0%AE%9A%E0%AF%86%E0%AE%AF%E0%AF%8D%E0%AE%A4%E0%AE%BF%E0%AE%95%E0%AE%B3%E0%AF%8D/%E0%AE%B0%E0%AE%BE%E0%AE%9C%E0%AE%AA%E0%AE%95%E0%AF%8D%E0%AE%B7%E0%AE%95%E0%AF%8D%E0%AE%95%E0%AE%B3%E0%AF%81%E0%AE%95%E0%AF%8D%E0%AE%95%E0%AF%81-%E0%AE%9A%E0%AE%B5%E0%AE%BE%E0%AE%B2%E0%AF%8D-%E0%AE%B5%E0%AE%BF%E0%AE%9F%E0%AF%81%E0%AE%95%E0%AE%BF%E0%AE%B1%E0%AF%87%E0%AE%A9%E0%AF%8D/175-292029",
    "date":"2022-02-27",
    "category":"political"

}