{
    "title":"ரயில் மோதி இளைஞர் மரணம்",
    "content":"களுத்துறை வடக்கு பகுதியில், கொழும்பு - கோட்டையிலிருந்து காலி நோக்கிப் பயணித்த ரயிலில் மோதி இளைஞர் ஒருவர் உயிரிழந்துள்ளார் என்று பொலிஸார் தெரிவித்தனர்.\nகளுத்துறை வடக்கைச் சேர்ந்த 28 வயதான ராஜேந்திரம் சனாதனன் என்பவரே உயிரிழந்துள்ளார் என்று அடையாளம் காணப்பட்டுள்ளார்.\nஇதேவேளை, களுத்துறை கல்லூரிக்கு முன்பாக சடலம் ஒன்று கண்டெடுக்கப்பட்டது எனக் களுத்துறை தெற்கு பொலிஸார் தெரிவித்தனர்.\n உயிரிழந்தவர் இதுவரை அடையாளம் காணப்படவில்லை எனவும் பொலிஸார் மேலும் கூறினர்",
    "url":"https://www.tamilmirror.lk/%E0%AE%9A%E0%AF%86%E0%AE%AF%E0%AF%8D%E0%AE%A4%E0%AE%BF%E0%AE%95%E0%AE%B3%E0%AF%8D/%E0%AE%B0%E0%AE%AF%E0%AE%BF%E0%AE%B2%E0%AF%8D-%E0%AE%AE%E0%AF%8B%E0%AE%A4%E0%AE%BF-%E0%AE%87%E0%AE%B3%E0%AF%88%E0%AE%9E%E0%AE%B0%E0%AF%8D-%E0%AE%AE%E0%AE%B0%E0%AE%A3%E0%AE%AE%E0%AF%8D/175-292025",
    "date":"2022-02-27",
    "category":"general"
}