{
    "title":"தேயிலை தொழிற்சாலையில் பாரிய தீ",
    "content":"கண்டி - பன்விலை, ராக்‌ஷாவ தோட்டத்தில் அமைந்துள்ள தேயிலை தொழிற்சாலையில் நேற்று மாலை ஏற்பட்ட தீ விபத்து காரணமாக தொழிற்சாலைக்கு பாரிய சேதம் ஏற்பட்டுள்ளது. \nதொழிற்சாலையில் ஊழியர்கள் வேலை செய்து கொண்டிருக்கும் போது தொழிற்சாலையில் ஒரு பகுதியில் இத் தீ ஏற்பட்டதாக நேரில் கண்டவர்கள் தெரிவித்தனர்.\nதேயிலை தொழிற்சாலையில் ஏற்பட்ட  தீ காரணமாக தொழிற்சாலையின் கட்டிடத்திற்கும், இயந்திரங்களுக்கும் பாரிய சேதம் ஏற்பட்டுள்ளதுடன் தயாரிக்கப்பட்டிருந்த பெருந்தொகை தேயிலையும் சேதமாகி உள்ளது.\nஇத் தீ ஏற்படுவதற்கு காரணம் இன்னும்  கண்டறியப்படவில்லை என்றும் மேலதிக விசாரணைகளை மேற்கொள்வதாகவும் பன்விலை பொலிஸார் தெரிவித்தனர்",
    "url":"https://www.tamilmirror.lk/%E0%AE%AE%E0%AE%B2%E0%AF%88%E0%AE%AF%E0%AE%95%E0%AE%AE%E0%AF%8D/%E0%AE%A4%E0%AE%AF%E0%AE%B2-%E0%AE%A4%E0%AE%B4%E0%AE%B1%E0%AE%9A%E0%AE%B2%E0%AE%AF%E0%AE%B2-%E0%AE%AA%E0%AE%B0%E0%AE%AF-%E0%AE%A4/76-291981",
    "date":"2022-02-27",
    "category":"general"
}