{
    "title":"புட்டின் விடுத்திருக்கும் புதிய உத்தரவு",
    "content":"உக்ரேன் மீதான படையெடுப்புக்கு மத்தியில் மேற்கத்திய நாடுகள், தனது நாட்டுக்கு எதிராக நட்பற்ற நடவடிக்கைகளை மேற்கொள்வதாக குற்றம் சாட்டியுள்ள ரஷ்ய ஜனாதிபதி விளாடிமிர் புட்டின், தனது பாதுகாப்பு பிரதானிகளுக்கு நாட்டின் தடுப்புப் படைகளை அதிக எச்சரிக்கையுடன் வைக்குமாறு உத்தரவிட்டுள்ளார்.",
    "url":"https://www.tamilmirror.lk/%E0%AE%89%E0%AE%B2%E0%AE%95-%E0%AE%9A%E0%AF%86%E0%AE%AF%E0%AF%8D%E0%AE%A4%E0%AE%BF%E0%AE%95%E0%AE%B3%E0%AF%8D/%E0%AE%AA%E0%AF%81%E0%AE%9F%E0%AF%8D%E0%AE%9F%E0%AE%BF%E0%AE%A9%E0%AF%8D-%E0%AE%B5%E0%AE%BF%E0%AE%9F%E0%AF%81%E0%AE%A4%E0%AF%8D%E0%AE%A4%E0%AE%BF%E0%AE%B0%E0%AF%81%E0%AE%95%E0%AF%8D%E0%AE%95%E0%AF%81%E0%AE%AE%E0%AF%8D-%E0%AE%AA%E0%AF%81%E0%AE%A4%E0%AE%BF%E0%AE%AF-%E0%AE%89%E0%AE%A4%E0%AF%8D%E0%AE%A4%E0%AE%B0%E0%AE%B5%E0%AF%81/50-292032",
    "date":"2022-02-27",
    "category":"world"
}