{
    "title":"பூநகரி விபத்தில் பொலிஸார் ஒருவர் பலி",
    "content":"பூநகரி பொலிஸ் பிரிவுக்குட்பட்ட பகுதியில் இடம்பெற்ற மோட்டார் சைக்கிள் விபத்தில், பொலிஸ் உத்தியோகஸ்தர் ஒருவர் உயிரிழந்ததோடு, மற்றுமொரு பொலிஸ் உத்தியோகஸ்தர் படுகாயமடைந்த நிலையில் வைத்தியசாலையில் அனுமதிக்கப்பட்டுள்ளார். \nதிருகோணமலை காந்திபுரத்தை சேர்ந்த பொலிஸ் கொஸ்தாபலான கணேசரட்ணம் ஹரிகரன் (வயது 24) என்பவரே உயிரிழந்துள்ளார். அவருடன் பயணித்த மற்றுமொரு பொலிஸ் உத்தியோகஸ்தர் படுகாயமடைந்துள்ளார். \nமன்னாரில் பணி புரியும் இரு பொலிஸ் உத்தியோகஸ்தர்களும் பணி நிமித்தம் யாழ்ப்பாணத்துக்கு சென்றுவிட்டு மன்னார் நோக்கி திரும்பிக்கொண்டிருந்தவேளை பூநகரி - சங்குப்பிட்டி பாலம் கடந்து சற்று தொலைவில் , இராணுவ சோதனை சாவடிக்கு அருகில் அவர்கள் பயணித்த மோட்டார் சைக்கிள் வேக கட்டுப்பாட்டை இழந்தது வீதியோர கட்டுடன் மோதி விபத்துக்கு உள்ளானது. \nஅதில் இருவரும் கடலுக்குள் தூக்கி வீசப்பட்ட நிலையில் ஒருவர் சம்பவ இடத்திலையே உயிரிழந்துள்ளார். மற்றையவரை வீதியில் சென்றவர்கள் மீட்டு வைத்திய சாலையில் அனுமதித்துள்ளனர்.\n சம்பவம் தொடர்பில் பூநகரி பொலிஸார் விசாரணைகளை ஆரம்பித்துள்ளனர்.",
    "url":"https://www.tamilmirror.lk/%E0%AE%9A%E0%AF%86%E0%AE%AF%E0%AF%8D%E0%AE%A4%E0%AE%BF%E0%AE%95%E0%AE%B3%E0%AF%8D/%E0%AE%AA%E0%AF%82%E0%AE%A8%E0%AE%95%E0%AE%B0%E0%AE%BF-%E0%AE%B5%E0%AE%BF%E0%AE%AA%E0%AE%A4%E0%AF%8D%E0%AE%A4%E0%AE%BF%E0%AE%B2%E0%AF%8D-%E0%AE%AA%E0%AF%8A%E0%AE%B2%E0%AE%BF%E0%AE%B8%E0%AE%BE%E0%AE%B0%E0%AF%8D-%E0%AE%92%E0%AE%B0%E0%AF%81%E0%AE%B5%E0%AE%B0%E0%AF%8D-%E0%AE%AA%E0%AE%B2%E0%AE%BF/175-292038",
    "date":"2022-02-27",
    "category":"general"
}