{
    "title":"உக்ரைனுடன் கை கோர்த்த ‘எலோன் மஸ்க்",
    "content":"நேட்டோ அமைப்பில் உக்ரைன் இணைவதற்கு எதிர்ப்பு தெரிவித்து உக்ரைன் மீது ரஷ்யா தொடர்ந்து 4ஆவது நாளாகத் தாக்குதல் நடத்தி வருகிறது.\nஇந்நிலையில் ரஷ்யப் படையினரால் உக்ரைனில் இணைய சேவைகள் வழங்கி வந்த நிறுவனங்களின் சேவை கடுமையாக பாதிக்கப்பட்டுள்ளதால்,  தங்கள் நாட்டிற்கு இணைய சேவை வழங்குமாறு உக்ரைனின் துணை பிரதமர் மைக்கைலோ பெடோரோவ்,  உலக பணக்காரர்களில் ஒருவரும்  டெஸ்லா மற்றும் ஸ்பேஸ் எக்ஸ் நிறுவனங்களின் ஸ்தாபகரும், அதன்  தலைமை நிர்வாக அதிகாரியுமான எலோன் மஸ்க்கிடம் (Elon musk)   கோரிக்கை விடுத்தார்.\nஇந் நிலையில்  உக்ரைனுக்கு உதவும் வகையில் ”தனது நிறுவனமான ‘ஸ்டார்லிங்க்‘  மூலம் இணைய சேவையை உக்ரைனுக்கு வழங்குவதாக” எலோன் மஸ்க் தனது டுவிட்டர் பக்கத்தில் தெரிவித்துள்ளார்.\nஇதே போல் கூகுல் நிறுவனம் உக்ரைன் மீது  ரஷ்யா தொடுத்து வரும் போருக்கு எதிர்ப்பு தெரிவிக்கும் விதமாக கூகுள் இணையதளங்களிலும், கூகுளுக்கு சொந்தமான அப்கள் மற்றும் யூடியூப் உள்ளிட்டவற்றிலும் ரஷ்யாவின் நாட்டின் அரசு மற்றும் தனியார் ஊடகங்கள் விளம்பரங்கள் மூலம் பெறும் வருமானத்திற்கு தடை விதித்துள்ளது.\nஇத் தகவலை கூகுள் நிறுவனத்தின் தலைமை அமைப்பான ஆல்பாபெட் அறிவித்துள்ளது",
    "url":"https://www.tamilmirror.lk/%E0%AE%89%E0%AE%B2%E0%AE%95-%E0%AE%9A%E0%AF%86%E0%AE%AF%E0%AF%8D%E0%AE%A4%E0%AE%BF%E0%AE%95%E0%AE%B3%E0%AF%8D/%E0%AE%89%E0%AE%95%E0%AE%B0%E0%AE%A9%E0%AE%9F%E0%AE%A9-%E0%AE%95-%E0%AE%95%E0%AE%B0%E0%AE%A4%E0%AE%A4-%E0%AE%8E%E0%AE%B2%E0%AE%A9-%E0%AE%AE%E0%AE%B8%E0%AE%95/50-292026",
    "date":"2022-02-27",
    "category":"world"
}