{
    "title":"இம்ரானின் மொஸ்கோவுக்கான விஜயம் ’முட்டாள்’ தனமானது",
    "content":"உக்ரேனில் நடந்து வரும் மோதல்களுக்கு மத்தியில், பாகிஸ்தான் பிரதமர் இம்ரான் கான், மொஸ்கோவுக்குச் செல்ல தீர்மானித்தமை 'தவறான நேரம்' மற்றும் 'முட்டாள்தனமானது' என்று தெரிவிக்கப்படுகிறது.\nஇம்ரான் கான், நம்பிக்கையில்லா தீர்மானத்தை எதிர்கொள்ளும் போது மற்றும் ​​சர்வதேச நாணய நிதியத்தின் கடன்கள் மிகவும் தேவைப்படும்போது புட்டினுடன் இணக்கமாக இருப்பது மிகவும் மோசமானது என்றும் 'மோசமான இராஜதந்திரம்' என்றும் குறிப்பிட்டு, இன்சைட் ஓவருக்காக எழுதும் ஃபெடரிகோ கியுலியானி, தெரிவித்துள்ளார்.\nஉக்ரேன் நெருக்கடியின் போது நடந்த இந்த விஜயத்தை 'மோசமாக நேரமாகிவிட்டது' என்று கூறிய கட்டுரை, பெரிய ஒப்பந்தம் எதுவும் உறுதியளிக்கப்படவில்லை அல்லது ரஷ்யர்களிடமிருந்து கடனைப் பெற பாகிஸ்தானுக்கு வாய்ப்பு இல்லை என்பதை எடுத்துக்காட்டுகிறது.\nபாகிஸ்தானிலுள்ள உள்நாட்டு பார்வையாளர்களுக்கு இந்த பயணம் ரஷ்யாவை இந்தியாவிலிருந்து விலக்குவதற்கான ஒரு 'வெற்றிகரமான' முயற்சி என்று கூறப்படுகிறது. \nஎவ்வாறாயினும், இந்தியாவும் ரஷ்யாவும் பிரிந்து செல்வது பற்றிய எந்தவொரு கருத்தும் 'முட்டாள்தனமானது', இந்தியா பாதுகாப்பு உபகரணங்களை அதிகம் வாங்கும் நாடாக இருக்கும் போது, ​​பாகிஸ்தானை விட ரஷ்யாவுக்கு அதிக வணிகத்தை வழங்க முடியுமா என்று கட்டுரை மேலும் வாதிட்டது.\nஉக்ரேன்-ரஷ்ய எல்லையில் நிலவும் நெருக்கடிக்கு மத்தியில், ரஷ்ய அதிபர் விளாடிமிர் புட்டினை இம்ரான் கான், வியாழக்கிழமை (24) சந்தித்தார்.\nகானின் தவறான இரண்டு நாள் பயணம், 23 ஆண்டுகளில் ஒரு பாகிஸ்தான் பிரதமரின் முதல் பயணமாகும் என்று குறிப்பிட்டப்பட்டுள்ளது.\nமேலும் ரஷ்ய நிறுவனங்களுடன் இணைந்து கட்டப்படும் நீண்ட தாமதமான, பல பில்லியன் டொலர் எரிவாயு குழாய் அமைப்பதற்கு அழுத்தம் கொடுப்பதை நோக்கமாகக் கொண்டுள்ளது.\nமொஸ்கோவுக்கு ஏதேனும் உத்தியை மனதில் கொண்டு கான் சென்றிருக்கிறாரா என்று பாகிஸ்தான் பாதுகாப்பு நிபுணர்கள் சந்தேகிக்கின்றனர்.\nரஷ்யர்கள், இந்தியா மற்றும் மோடியின் மீது அதிக மரியாதை வைத்துள்ளனர் என்பதால் புட்டினுடன் கையாளும் போது கவனமாக இருக்க வேண்டும் என்று அவர் வலியுறுத்தப்பட்டுள்ளார்.",
    "url":"https://www.tamilmirror.lk/%E0%AE%89%E0%AE%B2%E0%AE%95-%E0%AE%9A%E0%AF%86%E0%AE%AF%E0%AF%8D%E0%AE%A4%E0%AE%BF%E0%AE%95%E0%AE%B3%E0%AF%8D/%E0%AE%87%E0%AE%AE%E0%AE%B0%E0%AE%A9%E0%AE%A9-%E0%AE%AE%E0%AE%B8%E0%AE%95%E0%AE%B5%E0%AE%95%E0%AE%95%E0%AE%A9-%E0%AE%B5%E0%AE%9C%E0%AE%AF%E0%AE%AE-%E0%AE%AE%E0%AE%9F%E0%AE%9F%E0%AE%B3-%E0%AE%A4%E0%AE%A9%E0%AE%AE%E0%AE%A9%E0%AE%A4/50-292012",
    "date":"2022-02-27",
    "category":"world"
}