{
    "title":"பொருளாதாரக் குழப்பத்தில் மூழ்கியது பாகிஸ்தான்",
    "content":"பாகிஸ்தானின் பொருளாதாரம் ஏற்கெனவே வீழ்ச்சியடைந்து வரும் நிலையில், நாட்டின் வெளிநாட்டுக் கடன் நடப்பு நிதியாண்டின் முதல் ஏழு மாதங்களில் 13.1 பில்லியன் அமெரிக்க டொலர்களாக உயர்ந்துள்ளது.\nநாட்டைப் பொருளாதாரக் குழப்பத்தில் ஆழ்த்தியுள்ள பாகிஸ்தான், குறிப்பாக இம்ரான் கானின் நயா பாகிஸ்தான் சான்றிதழ்கள் என்ற புதிய கடன் வாங்கும் கருவியின் கீழ் முன்பை விட அதிக விலை கொண்ட வெளிநாட்டுக் கடன்களை பெற்றுள்ளது.\nமேலும், வெளிநாட்டுக் கடனாளிகளுக்குத் திருப்பிச் செலுத்துவதற்கான நிலையான ஆதாரத்தைக் கொண்டிருப்பதற்காக இந்தக் கடன்களைக் கொண்டு சொத்துக்கள் எதுவும் உருவாக்கப்படவில்லை என்று தி எக்ஸ்பிரஸ் ட்ரிப்யூன் தெரிவித்துள்ளது.\nகிட்டத்தட்ட 1.3 பில்லியன் அமெரிக்க டொலர்கள் அதிக விலையுயர்ந்த கடனையும் பெற்றுள்ளதாக பாகிஸ்தானின் அரச வங்கித் தரவு காட்டுகிறது.\nஜூலை முதல் ஜனவரி வரையான நயா பாகிஸ்தான் சான்றிதழ்களின் கீழ் 1.3 பில்லியன் அமெரிக்க டொலர் கடன்கள் 7 சதவீத வட்டி விகிதத்தில் வாங்கப்பட்டதாக பத்திரிகை தெரிவித்துள்ளது.\n2021-22 நிதியாண்டின் ஜூலை-ஜனவரி காலகட்டத்தில் 11.8 பில்லியன் அமெரிக்க டொலர்மொத்த வெளிநாட்டுக் கடன்களை பதிவு செய்துள்ளதாக பொருளாதார விவகார அமைச்சு தெரிவித்துள்ளது.\nதற்போதுள்ள கடன் பொருட்கள் வளர்ந்து வரும் கடன் தேவைகளை பூர்த்தி செய்ய போதுமானதாக இல்லை எனவும் நாடு பொருளாதார குழப்பத்தில் சரிந்து வருகிறது எனவும் தெரிவிக்கப்படுகிறது.",
    "url":"https://www.tamilmirror.lk/%E0%AE%89%E0%AE%B2%E0%AE%95-%E0%AE%9A%E0%AF%86%E0%AE%AF%E0%AF%8D%E0%AE%A4%E0%AE%BF%E0%AE%95%E0%AE%B3%E0%AF%8D/%E0%AE%AA%E0%AE%B0%E0%AE%B3%E0%AE%A4%E0%AE%B0%E0%AE%95-%E0%AE%95%E0%AE%B4%E0%AE%AA%E0%AE%AA%E0%AE%A4%E0%AE%A4%E0%AE%B2-%E0%AE%AE%E0%AE%B4%E0%AE%95%E0%AE%AF%E0%AE%A4-%E0%AE%AA%E0%AE%95%E0%AE%B8%E0%AE%A4%E0%AE%A9/50-292039",
    "date":"2022-02-27",
    "category":"economic,world"
}