{
    "title":"பேச்சுவார்த்தைக்கு உக்ரேன் தயார்",
    "content":"உக்ரேன்-பெலாரஸ் எல்லையில் ரஷ்ய அதிகாரிகளுடன் முன்நிபந்தனைகள் இல்லாமல் பேச்சுவார்த்தை நடத்துவதற்கு ஒரு தூதுக்குழுவை அனுப்ப கெய்வ் ஒப்புக்கொண்டுள்ளதாக உக்ரேன் ஜனாதிபதி வெளாடிமிர் செலென்ஸ்கி தெரிவித்துள்ளார்.\nஉக்ரேனிய தூதுக்குழு முன்நிபந்தனையின்றி ரஷ்ய தூதுக்குழுவை உக்ரேனிய-பெலாரஸ் எல்லையில், பிரிபியாட் ஆற்றுக்கு அருகில் சந்திப்பதாக நாங்கள் ஒப்புக்கொண்டோம் என்று செலென்ஸ்கி தனது அதிகாரப்பூர்வ டெலிகிராம் சனலில் அறிவித்துள்ளார். ",
    "url":"https://www.tamilmirror.lk/%E0%AE%89%E0%AE%B2%E0%AE%95-%E0%AE%9A%E0%AF%86%E0%AE%AF%E0%AF%8D%E0%AE%A4%E0%AE%BF%E0%AE%95%E0%AE%B3%E0%AF%8D/%E0%AE%AA%E0%AF%87%E0%AE%9A%E0%AF%8D%E0%AE%9A%E0%AF%81%E0%AE%B5%E0%AE%BE%E0%AE%B0%E0%AF%8D%E0%AE%A4%E0%AF%8D%E0%AE%A4%E0%AF%88%E0%AE%95%E0%AF%8D%E0%AE%95%E0%AF%81-%E0%AE%89%E0%AE%95%E0%AF%8D%E0%AE%B0%E0%AF%87%E0%AE%A9%E0%AF%8D-%E0%AE%A4%E0%AE%AF%E0%AE%BE%E0%AE%B0%E0%AF%8D/50-292040",
    "date":"2022-02-27",
    "category":"world"
}