{
    "title":"கொரோனா தொற்றாளர் தொகையில் திடீர் சரிவு",
    "content":"நாட்டில் கொரோனா தொற்று உறுதி செய்யப்பட்டோரின் எண்ணிக்கை 977 ஆக அதிகரித்துள்ளது.\nஅதன்படி, இலங்கையின் மொத்த கொரோனா தொற்றாளர்களின் எண்ணிக்கை 645,037 ஆக அதிகரித்துள்ளது.",
    "url":"https://www.tamilmirror.lk/%E0%AE%9A%E0%AF%86%E0%AE%AF%E0%AF%8D%E0%AE%A4%E0%AE%BF%E0%AE%95%E0%AE%B3%E0%AF%8D/%E0%AE%95%E0%AF%8A%E0%AE%B0%E0%AF%8B%E0%AE%A9%E0%AE%BE-%E0%AE%A4%E0%AF%8A%E0%AE%B1%E0%AF%8D%E0%AE%B1%E0%AE%BE%E0%AE%B3%E0%AE%B0%E0%AF%8D-%E0%AE%A4%E0%AF%8A%E0%AE%95%E0%AF%88%E0%AE%AF%E0%AE%BF%E0%AE%B2%E0%AF%8D-%E0%AE%A4%E0%AE%BF%E0%AE%9F%E0%AF%80%E0%AE%B0%E0%AF%8D-%E0%AE%9A%E0%AE%B0%E0%AE%BF%E0%AE%B5%E0%AF%81/175-292041",
    "date":"2022-02-27",
    "category":"covid"
}

