{
    "title":"3 டோஸ் போட்டிருந்தால் பரிசோதனை தேவையில்லை",
    "content":"இலங்கைக்கு வருகைத்தரும் வெளிநாடுகளைச் சேர்ந்தவர்கள், கொரோனா தடுப்பூசிகளில் மூன்று தடுப்பூசிகளையும் ஏற்றிக்கொண்டிருந்தால், அவ்வாறானவர்கள் கொ​விட் பரிசோதனைகளைச் செய்ய தேவையில்லையென சிவில் விமான சேவைகள் அதிகாரசபை தெரிவித்துள்ளது.\nஇந்த நடைமுறை, மார்ச் 1ஆம் திகதி முதல் அமுலுக்கு வரும்” என   அதிகார சபையின் தலைவர் உபுல் தர்மதாஸ தெரிவிக்கின்றார்.",
    "url":"https://www.tamilmirror.lk/%E0%AE%9A%E0%AF%86%E0%AE%AF%E0%AF%8D%E0%AE%A4%E0%AE%BF%E0%AE%95%E0%AE%B3%E0%AF%8D/3-%E0%AE%9F%E0%AE%B8-%E0%AE%AA%E0%AE%9F%E0%AE%9F%E0%AE%B0%E0%AE%A8%E0%AE%A4%E0%AE%B2-%E0%AE%AA%E0%AE%B0%E0%AE%9A%E0%AE%A4%E0%AE%A9-%E0%AE%A4%E0%AE%B5%E0%AE%AF%E0%AE%B2%E0%AE%B2/175-291979",
    "date":"2022-02-27",
    "category":"health,covid"
}