{
    "title":"வெளிநாடு செல்லவிருப்போரின் கவனத்துக்கு",
    "content":"ஐக்கிய அரபு  இராச்சியத்துக்கு பயணிக்கும் முழுமையாக தடுப்பூசி போடப்பட்ட பயணிகள் புறப்படுவதற்கு முன்னர் பி.சி.ஆர். பரிசோதனைக்கு உட்பட வேண்டிய அவசியமில்லை என சிவில் விமான போக்குவரத்து அதிகாரசபை (CAA) தெரிவித்துள்ளது.\nஇலங்கையில் இருந்து  ஐக்கிய அரபு  இராச்சியத்துக்கு பயணிப்பவர்களுக்கு மார்ச் 1 ஆம் திகதி முதல் இந்த தளர்வு நடைமுறைக்கு வருகின்றது. \nஐக்கிய அரபு இராச்சியத்தில் உள்ள அனைத்து முக்கிய சர்வதேச விமான நிலையங்களுக்கும் புறப்படும் விமானங்களுக்கு இந்த புதிய உத்தரவு பொருந்தும் என அதிகார சபையின் தலைவர் உபுல் தர்மதாச தெரிவித்தார்.\nஎவ்வாறெனினும் கொவிட் தடுப்பூசியில் ஒரு டோஸினை மாத்திரம் பெற்ற பெற்ற பயணிகள் புறப்படுவதற்கு 48 மணி நேரத்திற்கு முன் இரண்டாவது டோஸினை பெற வேண்டும் என்று அவர் கூறினார்.",
    "url":"https://www.tamilmirror.lk/%E0%AE%9A%E0%AF%86%E0%AE%AF%E0%AF%8D%E0%AE%A4%E0%AE%BF%E0%AE%95%E0%AE%B3%E0%AF%8D/%E0%AE%B5%E0%AE%B3%E0%AE%A8%E0%AE%9F-%E0%AE%9A%E0%AE%B2%E0%AE%B2%E0%AE%B5%E0%AE%B0%E0%AE%AA%E0%AE%AA%E0%AE%B0%E0%AE%A9-%E0%AE%95%E0%AE%B5%E0%AE%A9%E0%AE%A4%E0%AE%A4%E0%AE%95%E0%AE%95/175-291975",
    "date":"2022-02-27",
    "category":"covid"
}