{
    "title":"இன்று பல மாகாணங்களுக்கு மழைபெய்யும் சாத்தியம்",
    "content":"கிழக்கு மற்றும் ஊவா மாகாணங்களிலும் பொலன்னறுவை, மாத்தளை மற்றும் ஹம்பாந்தோட்டை மாவட்டங்களிலும் பலதடவைகள் மழை பெய்யும் என எதிர்பார்க்கப்படுவதாக வளிமண்டலவியல் திணைக்களம் அறிவித்துள்ளது. \nமேல் மற்றும் சப்ரகமுவ மாகாணங்களிலும் காலி மற்றும் மாத்தறை மாவட்டங்களிலும் பல இடங்களில் மாலையில் அல்லது இரவில் மழையோ அல்லது இடியுடன் கூடிய மழையோ பெய்யக் கூடிய சாத்தியம் காணப்படுகின்றது.\nஇரத்தினபுரி,காலி மற்றும் மாத்தறை மாவட்டங்களில் சில இடங்களில் 50 மி.மீ க்கும் அதிகமான ஓரளவு பலத்த மழைவீழ்ச்சி எதிர்பார்க்கப்படுவதாக அறிக்கையில் மேலும் தெரிவிக்கப்பட்டுள்ளது. \nஇடியுடன் கூடிய மழை பெய்யும் வேளைகளில் அப் பிரதேசங்களில் தற்காலிகமாக பலத்த காற்றும் வீசக்கூடும். மின்னல் தாக்கங்களினால் ஏற்படக்கூடிய பாதிப்புகளை குறைத்துக்கொள்ள தேவையான முன்னெச்சரிக்கை நடவடிக்கைகளை எடுத்துக் கொள்ளுமாறு பொதுமக்கள் அறிவுறுத்தப்படுகின்றார்கள்.",
    "url":"https://www.tamilmirror.lk/%E0%AE%9A%E0%AF%86%E0%AE%AF%E0%AF%8D%E0%AE%A4%E0%AE%BF%E0%AE%95%E0%AE%B3%E0%AF%8D/%E0%AE%87%E0%AE%A9%E0%AE%B1-%E0%AE%AA%E0%AE%B2-%E0%AE%AE%E0%AE%95%E0%AE%A3%E0%AE%99%E0%AE%95%E0%AE%B3%E0%AE%95%E0%AE%95-%E0%AE%AE%E0%AE%B4%E0%AE%AA%E0%AE%AF%E0%AE%AF%E0%AE%AE-%E0%AE%9A%E0%AE%A4%E0%AE%A4%E0%AE%AF%E0%AE%AE/175-291974",
    "date":"2022-02-27",
    "category":"climate"
}