{
    "title":"கைதான 35 பேர் பிணையில் விடுதலை ",
    "content":"பல்வேறு போதைப் பொருள்களுடன் சிவனொளிபாதமலைக்கு யாத்திரைச் சென்ற 35 பேர் கைதுசெய்யப்பட்டு பிணையில் விடுவிக்கப்பட்டுள்ளனர்.\nகைதுசெய்யப்பட்டவர்கள் ஹட்டன்- நீதவான் நீதிமன்றில் ஆஜர்படுத்தப்பட்டதையடுத்து, அவர்கள் பிணையில் விடுவிக்கப்பட்டுள்ளனர் என ஹட்டன் பொலிஸ் தலைமையக பிரதான பொலிஸ் பரிசோதகர் ரஞ்சித் ஜயசேன தெரிவித்தார்.\nபோதைப் பொருள்களுடன் சிவனொளிபாதமலை யாத்திரைக்குச் செல்பவர்களை கைதுசெய்யும் சோதனை  நடவடிக்கை, ஹட்டன் ரயில் நிலையம், ஹட்டன்- கொழும்பு பிரதான வீதியின் தியகல மற்றும் செனன் ஆகிய இடங்களில் முன்னெடுக்கப்பட்டு வருகின்றன.\nஅத்துடன் இந்த சோதனை நடவடிக்கைக்கு ஹட்டன் பொலிஸ் நிலையத்தின் ஸ்டுவட் என்ற மோப்ப நாயும் ஈடுபடுத்தப்பட்டு வருவதாக பிரதான பொலிஸ் பரிசோதகர் தெரிவித்தார்.\nஇவ்வாறு கைதுசெய்யப்பட்டவர்கள் 20- 35 வயதுக்கு இடைப்பட்டவர்கள் என்பதுடன், இவர்கள் காலி, மாத்தறை, கொழும்பு, குருநாகல் மற்றும் அநுராதபுரம் ஆகிய பிரதேசங்களைச் சேர்ந்தவர்கள் என்றும் தெரிவிக்கப்பட்டுள்ளது.\nஇதேவே​ளை, சிவனொளிபாதமலை யாத்திரை ஆரம்பிக்கப்பட்டு கடந்த 3 மாதங்களில் போதைப் பொருள்களுடன் பயணித்த 200 பேர் கைதுசெய்யப்பட்டு ஹட்டன் நீதவான் நீதிமன்றில் ஆஜர்படுத்தப்பட்டதையடுத்து,  அவர்களிடம் அபராதப் பணம் அறவிடப்பட்டுள்ளதாகவும் அவர் தெரிவித்தார்.",
    "url":"https://www.tamilmirror.lk/%E0%AE%AE%E0%AE%B2%E0%AF%88%E0%AE%AF%E0%AE%95%E0%AE%AE%E0%AF%8D/%E0%AE%95%E0%AE%A4%E0%AE%A9-35-%E0%AE%AA%E0%AE%B0-%E0%AE%AA%E0%AE%A3%E0%AE%AF%E0%AE%B2-%E0%AE%B5%E0%AE%9F%E0%AE%A4%E0%AE%B2/76-291984",
    "date":"2022-02-27",
    "category":"crime"
}