{
    "title":"தலதா மாளிகை முன்பாக பெண்ணொருவர் ஆர்ப்பாட்டம்",
    "content":"இலங்கையில் தனியார் நிறுவனம் ஒன்றில் பணிபுரியும் உக்ரேன் நாட்டு யுவதி ஒருவர், உக்ரேன் மீதான சோவியத் ரஷ்யாவின் தாக்குதலைக் கண்டித்து கண்டி ஶ்ரீதலதா மாளிகை முன்பாக நேற்று (26) ஆர்ப்பாட்டம் ஒன்றில் ஈடுபட்டார்.\nதமது தாய் நாட்டின் மீதான தாக்குதலுக்கு ஒவ்வொரு உக்ரேன் பிரஜையும் எதிர்ப்புத் தெரிவித்து வருவதாகவும் கண்டியில் தொழில் புரியும் தான் தனி ஒரு பெண்ணாக இருந்து தனது எதிர்ப்பை  தெரிவிக்க வேண்டும் என்பதற்காகவும் குறைந்த பட்சம் சமூக ஊடகங்கள் வாயிலாகவேனும் தனது தாய் நாட்டின் மீதான பற்றை வெளிக்காட்ட வேண்டும் என்பதற்காகவே இதை மேற்கொண்டுள்ளதாக தெரிவித்தார்.",
    "url":"https://www.tamilmirror.lk/%E0%AE%AE%E0%AE%B2%E0%AF%88%E0%AE%AF%E0%AE%95%E0%AE%AE%E0%AF%8D/%E0%AE%A4%E0%AE%B2%E0%AE%A4-%E0%AE%AE%E0%AE%B3%E0%AE%95-%E0%AE%AE%E0%AE%A9%E0%AE%AA%E0%AE%95-%E0%AE%AA%E0%AE%A3%E0%AE%A3%E0%AE%B0%E0%AE%B5%E0%AE%B0-%E0%AE%86%E0%AE%B0%E0%AE%AA%E0%AE%AA%E0%AE%9F%E0%AE%9F%E0%AE%AE/76-291978",
    "date":"2022-02-27",
    "category":"world,general"
}