{
    "title": "Sri Lanka’s rarest gemstones to shine at ‘Expo 2020’",
    "content": "The Sri Lankan Pavilion situated in the Opportunity District in Dubai is set to be a buzz on Saturday, 26 February 2022, where visitors will have the once in a lifetime opportunity to experience the largest single assortment of sapphire masterpieces from The Island of Gems, Sri Lanka. Sri Lanka, with its vibrant past in the gem and jewelry trade, will for the first time, display an extraordinary selection of its most exclusive sapphires, showcasing its rich national wonders and artistry.\n‘Day of Sapphires’ is set to transport visitors across the ages, through surviving treasures, like one engraved 14th century ring which adorns a sapphire from the 10th century with an Arabic name, thought to be from when Arab jewelers were known to travel through Sri Lanka on trading voyages as early as AD 1130.\nGracing her presence, renowned jewelry specialist Helen Molesworth is set to lead a walk-through to explain the importance of the gemstones of Sri Lankan: their place in history, trade, and enduring fascination through time all over the world. (Instore Mag)",
    "url": "https://dailynews.lk/2022/02/26/local/273522/sri-lanka%E2%80%99s-rarest-gemstones-shine-%E2%80%98expo-2020%E2%80%99",
    "date": "26-02-2022",
    "category": "art"
}