{
    "title": "Woman arrested over Mathugama murder",
    "content": "A 39-year-old woman has been arrested by the Police in connection with the shooting of a mother of three in Mathugama recently, Police said.\nThe suspect is accused of aiding and abetting the murder Chandima Dilhani Perera (40), a mother of three, who was shot dead inside a house in Mathugama on the night of February 15.\nTwo unidentified gunmen had entered her house and police believe they were intending to shoot her husband, a businessman in the area.\nHe was at home at the time of the incident but managed to survive with his children after locking himself and his children inside a room. Gun ammunition was found at the scene. The suspect woman had been arrested in the Nugegoda area and she is a resident of Matugama, police said.\nFurther investigations into the incident are being conducted by the Police.",
    "url": "https://dailynews.lk/2022/02/26/law-order/273546/woman-arrested-over-mathugama-murder",
    "date": "26-02-2022",
    "category": "crime"
}