{
    "title": "SL Deputy HC in Chennai issues 83 Birth and 208 Citizenship Certificates",
    "content": "The Sri Lanka Deputy High Commission in Chennai has issued 83 Birth Certificates and 208 Citizenship Certificates at special consular camps at the Chancery premises on February 15 and 23.\nOn February 15, 83 birth certificates were issued and applications for 64 citizenship certificates were accepted from Sri Lankans from Mandapam in Ramanathapuram and Puthupatty, Gopalpatty and Adiyanuthu in Dindigul. ON February 23, 208 Citizenship certificates were issued for Sri Lankans from Gummidipoondi and Puzhal in Tamil Nadu.\nSpecial consular camps by the Sri Lanka Deputy High Commission in Chennai extends a remarkable service to the Sri Lankan expatriate community living in Southern India, especially in birth and citizenship registrations.",
    "url": "https://dailynews.lk/2022/02/26/local/273528/sl-deputy-hc-chennai-issues-83-birth-and-208-citizenship-certificates",
    "date": "26-02-2022",
    "category": "world(India)"
}