{
    "title": "Privincial Councillor dies in motorbike accident",
    "content": "A SLFP councillor of the Bingiriya Pradeshiya Sabha of the Kurunegala District who was riding a motorbike without a helmet died in an accident yesterday (24).\nThe dead councillor has been identified as I.P. Amila Kumara (37) died on the spot after crashing into a lamp post along the Dummalasooriya – Bingiriya main road after travelling at break-neck speed.\nThe post mortem examination was to be held at Kuliyapitiya Teaching Hospital yesterday (25). Investigations are being conducted under the directions of Bingiriya Police OIC IP Harisson Somasiri.",
    "url": "https://dailynews.lk/2022/02/26/local/273507/privincial-councillor-dies-motorbike-accident",
    "date": "26-02-2022",
    "category": "general"
}