{
    "title": "Kuda Oya Amuna sand mining permit suspended",
    "content": "Environment Minister Mahinda Amaraweera yesterday instructed to Geological Survey and Mines Bureau (GS&MB) to immediately to suspend the sand mining permit issued by the Geological Survey and Mines Bureau for the removal of sand from the Kuda Oya Amuna in the Vijayabahupura Division of the Mahaweli 'B' Zone of the Sri Lanka Mahaweli Authority.\nThe Minister states that there have been many public protests regarding the environmental damage around the Kuda Oya Amuna area.\nAccordingly, the Geological Survey and Mines Bureau have taken steps to suspend the excavation permit yesterday.\nDirector General of the Geological Survey and Mines Bureau Sajjana Silva said that the license was temporarily revoked due to public protests and submissions made to the Parliament over the special permit issued to V.K. Group for sand mining and the trade license for sand storage.",
    "url": "https://dailynews.lk/2022/02/26/local/273508/kuda-oya-amuna-sand-mining-permit-suspended",
    "date": "26-02-2022",
    "category": "crime"
}