{
    "title": "UNP to begin promotion drive from March 12",
    "content": "The UNP will launch a constituency level membership promotion and a propaganda campaign with the objective of making people aware that the Party is the only alternative to rescue the country from the current economic crisis. The constituency level UNP membership promotion and propaganda campaign will commence on March 12 and 13.\nUNP General Secretary Palitha Range Bandara said that the purpose of this programme was to make the people understand that the UNP is the alternative with an internationally recognized leader in Ranil Wickremesinghe to turn the country around from the foreign exchange crisis.\nHe said that the programme will start from the Western Province and later will cover all districts of the country, including the North and East, on the instructions of UNP leader Ranil Wickremesinghe.UNP seniors have been deployed at the provincial and district levels to oversee the programme.\nThe Party seniors are scheduled to report weekly to UNP General Secretary Palitha Range Bandara on the progress of the relevant political activities.",
    "url": "https://dailynews.lk/2022/02/26/political/273549/unp-begin-promotion-drive-march-12",
    "date": "26-02-2022",
    "category": "political"
}