{
    "title": "Veteran athlete Narasinghe clinches three Gold Medals",
    "content": "N.L.W.Narasinghe of Kandy District came out with flying colours to win 1500, 2000 Metres.\nobstacle race and 5000 Metres. race at the Veterans Athletic Championship participating in the 80 – 85 age group securing three Gold Medals which is a rare achievement. This veteran Athletic Championship was held at the Sugathadasa Stadium on 19th& 20 th of February, 2022 and in addition he was placed third in the 800 Metres. race in the same age group. In this event the first two places were won by two Indian Athletes. Before this as an experienced Athlete he has won many International Veteran Meets especially in 2013 he has won 5000 Metres. in the Masters Games in Geelong, Australia and in the year 2006 he has won 5000 Metres. in India competing in the Veterans Meet in his age group. Apart from that in the year 2002 a meet was held from 2nd to 7th December,2019 in China and Malaysia and he has won 5000 and 2000 Metres. events by securing the second Place and obtained two Silver Medals.\nNarasinghe has been in the Athletic Field since 1985 and since then he has been among the first three in whatever event he has taken part in. He has been an Arts Degree holder of the University of Peradeniya and was a Principal in a Government School in Ratnapura. He says that as he was involved in Athletics from his younger days he is still physically fit although he is 85 years old and he has enough time and space to do fitness excercises in his home town but at present he is residing in Gannoruwa,Kandy. His advice to the present day athletes is to pay more attention to their physical training regularly so that they will improve their talent in time to come.",
    "url": "https://dailynews.lk/2022/02/26/sports/273499/veteran-athlete-narasinghe-clinches-three-gold-medals",
    "date": "26-02-2022",
    "category": "sports"
}