{
    "title": "Ankara hotline for Sri Lankans in Ukraine",
    "content": "The Foreign Ministry has instructed the Sri Lanka Embassy in Ankara, which is concurrently accredited to Kyiv, to take appropriate measures to coordinate the safe passage of the remaining Sri Lankan nationals in Ukraine.\nSri Lankan nationals in Ukraine are advised to contact the 24x7 hotline established at the Sri Lanka Embassy in Ankara via mobile: +90 534 456 94 98 ; land line: +90 312 427 10 32;",
    "url": "https://dailynews.lk/2022/02/26/local/273539/ankara-hotline-sri-lankans-ukraine",
    "date": "26-02-2022",
    "category": "world"
}