﻿{
  "title": "සුව ඇමතිගේ සාකච්ඡාවෙන් පසු වෛද්‍ය වර්ජනය අත්හිටුවයි",
  "content": "රජයේ වෛද්‍ය නිලධාරීන්ගේ සංගමයට අයත් වෛද්‍යවරුන් අනිද්දා ක්‍රියාත්මක කිරීමට නියමිතව තිබූ වැඩවර්ජනය තාවකාලිකව අත්හිටුවා තිබෙනවා.ඒ අග්‍රාමාත්‍යවරයාගේ මැදිහත්වීමෙන් සෞඛ්‍ය අමාත්‍යවරයා සහ සෞඛ්‍ය බලධාරීන් සමග ඊයේ පැවති සාකච්ඡාව සාර්ථක වීම හේතුවෙන්.ජාතික වැටුප් කොමිෂන් සභාවට පරිබාහිරව ජාතික ප්‍රතිපත්තියකින් තොරව රාජ්‍ය සේවයේ වැටුප් වැඩිකිරීම, වැටුප් විෂමතා ගැටලු සහ ස්ථාන මාරුවීම් ගැටලු ඇතුලු ගැටලු කිහිපයක් මුල් කර ගනිමින් රජයේ වෛද්‍ය නිලධාරීන්ගේ සංගමය අදාළ වර්ජනය ක්‍රියාත්මක කිරීමට නියමිතව තිබුණා.",
  "url": "https://www.hirunews.lk/297409/%E0%B7%83%E0%B7%94%E0%B7%80-%E0%B6%87%E0%B6%B8%E0%B6%AD%E0%B7%92%E0%B6%9C%E0%B7%9A-%E0%B7%83%E0%B7%8F%E0%B6%9A%E0%B6%A0%E0%B7%8A%E0%B6%A1%E0%B7%8F%E0%B7%80%E0%B7%99%E0%B6%B1%E0%B7%8A-%E0%B6%B4%E0%B7%83%E0%B7%94-%E0%B7%80%E0%B7%9B%E0%B6%AF%E0%B7%8A%E2%80%8D%E0%B6%BA-%E0%B7%80%E0%B6%BB%E0%B7%8A%E0%B6%A2%E0%B6%B1%E0%B6%BA-%E0%B6%85%E0%B6%AD%E0%B7%8A%E0%B7%84%E0%B7%92%E0%B6%A7%E0%B7%94%E0%B7%80%E0%B6%BA%E0%B7%92",
  "date": "2022-02-19",
  "category": "health, political"
}