﻿{
  "title": "පූර්ණ එන්නත්කරණය සොයන්න ඇප් එකක්",
  "content": "මේ වනවිට රට තුල පවතින කොරෝනා ප්‍රතිශක්තිකරණ එන්නත් තොග ලබන ජූලි මාසයේදී කල් ඉකුත් වන බව සෞඛ්‍ය සේවා අධ්‍යක්ෂ ජනරාල්වරයා පවසනවා.එමෙන්ම, අප්‍රේල් 30 වනදායින් පසු පොදු ස්ථානවලට ඇතුලු වීමේදී පූර්ණ එන්නත්කරණය සම්පූර්ණ කර ඇත්දැයි පරීක්ෂා කිරීම සඳහා යෙදවුමක් හඳුන්වාදීමටයි සැලසුම් කර ඇත්තේ.මෙරට ඉලක්ක ගත ජනගහණයට ප්‍රමාණවත් එන්නත් තොග මේ වනවිට රට තුල පවතින බව සෞඛ්‍ය සේවා අධ්‍යක්ෂ ජනරාල් වෛද්‍ය අසේල ගුණවර්ධන ප්‍රකාශ කළා.කොළඹ ඊයේ පැවති මාධ්‍ය හමුවකදී සෞඛ්‍ය සේවා අධ්‍යක්ෂ ජනරාල්වරයා කියා සිටියේ කොරෝනා ආසාදනය වීමේදී සංකූලතා අවම කර ගැනීම සඳහා සියලු පුරවැසියන් කඩිනමින් බූස්ටර් මාත්‍රාව ලබා ගැනීමට කටයුතු කරන ලෙස ඉල්ලා සිටින බවයි.",
  "url": "https://www.hirunews.lk/297406/%E0%B6%B4%E0%B7%96%E0%B6%BB%E0%B7%8A%E0%B6%AB-%E0%B6%91%E0%B6%B1%E0%B7%8A%E0%B6%B1%E0%B6%AD%E0%B7%8A%E0%B6%9A%E0%B6%BB%E0%B6%AB%E0%B6%BA-%E0%B7%83%E0%B7%9C%E0%B6%BA%E0%B6%B1%E0%B7%8A%E0%B6%B1-%E0%B6%87%E0%B6%B4%E0%B7%8A-%E0%B6%91%E0%B6%9A%E0%B6%9A%E0%B7%8A",
  "date": "2022-02-19",
  "category": "tech, health, covid"
}