﻿{
  "title": "මැයි මාසයෙන් පසු සුඛෝපභෝගී වාහන ටයර් හිඟයක්",
  "content": "ඩොලර් හිඟයේ බලපෑම හේතුවෙන් ලබන මැයි මාසයෙන් පසු ඇතැම් සුඛෝපබෝගී වාහන වර්ගවල ටයර් හිඟයක් ඇති විය හැකි බව ටයර් ආනයනකරුවන් පවසනවා.මේ වන විට වෙළඳපලේ ආනයනික ටයර්වල හිඟයක් නොපවතින නමුත් ඇතැම් කළු කඩ වෙළඳුන් හිඟයක් මවා පා ටයර් මිල ඉහළ නැංවීම අනුමත නොකරන බවයි, ආසියානු ටයර් ආනයනකරුවන්ගේ සංගමයේ සභාපති සුනිල් ෆොන්සේකා ප්‍රකාශ කළේ.මෙරට තුළ වාහන අසූ තුන් ලක්ෂ තිස් එක්දහසක් පවතින අතර සමස්ථ ටයර් අවශ්‍යතාව තිස් එක් ලක්ෂ දහඅට දහස් පන්සියයක්.",
  "url": "https://www.hirunews.lk/297404/%E0%B6%B8%E0%B7%90%E0%B6%BA%E0%B7%92-%E0%B6%B8%E0%B7%8F%E0%B7%83%E0%B6%BA%E0%B7%99%E0%B6%B1%E0%B7%8A-%E0%B6%B4%E0%B7%83%E0%B7%94-%E0%B7%83%E0%B7%94%E0%B6%9B%E0%B7%9D%E0%B6%B4%E0%B6%B7%E0%B7%9D%E0%B6%9C%E0%B7%93-%E0%B7%80%E0%B7%8F%E0%B7%84%E0%B6%B1-%E0%B6%A7%E0%B6%BA%E0%B6%BB%E0%B7%8A-%E0%B7%84%E0%B7%92%E0%B6%9F%E0%B6%BA%E0%B6%9A%E0%B7%8A",
  "date": "2022-02-19",
  "category": "auto, business"
}