﻿{
  "title": "ගාල්ලේ ආදරවන්තයින්ගේ සටනේ වසර 50ක් පැරණි රණසිංහගේ ලකුණු වාර්තාව",
  "content": "ගාල්ල රිච්මන්ඩ් - මහින්ද ආදරවන්තයින්ගේ සටන මෙරට පාසල් මහා තරග ඉතිහාසයේ වසර සියයකට වඩා පැරණි පාසල් මහා ක්‍රිකට් තරගයක්.1905 දී ඇරඹි ආදරවන්තයන්ගේ සටන කොවිඩ් වසංගතය හේතුවෙන් වසර දෙකක් පැවැත්වීමට නොහැකි වූ අතර මෙවර මහ සටන අප්‍රේල් මස 8 හා 9 දෙදින තුළ ගාල්ල ජාත්‍යන්තර ක්‍රිකට් ක්‍රීඩාංගණයේදී පැවැත්වීමට සැලසුම් කර තිබෙනවා.මෙවර රිච්මන්ඩ් - මහින්ද මහා ගැටුමේ කැපී පෙනෙන විශේෂ සිදු වීමක් වන්නේ පාසල් දෙක අතර තරග ඉතිහාසයේ වැඩිම ලකුණු ලබා ගැනීමේ වාර්තාවක් මෙවර මහා තරගය තුළ දී සුවිශේෂී කඩඉමක් පසු කිරීමයි.",
  "url": "https://www.hirunews.lk/297381/%E0%B6%9C%E0%B7%8F%E0%B6%BD%E0%B7%8A%E0%B6%BD%E0%B7%9A-%E0%B6%86%E0%B6%AF%E0%B6%BB%E0%B7%80%E0%B6%B1%E0%B7%8A%E0%B6%AD%E0%B6%BA%E0%B7%92%E0%B6%B1%E0%B7%8A%E0%B6%9C%E0%B7%9A-%E0%B7%83%E0%B6%A7%E0%B6%B1%E0%B7%9A-%E0%B7%80%E0%B7%83%E0%B6%BB-50%E0%B6%9A%E0%B7%8A-%E0%B6%B4%E0%B7%90%E0%B6%BB%E0%B6%AB%E0%B7%92-%E0%B6%BB%E0%B6%AB%E0%B7%83%E0%B7%92%E0%B6%82%E0%B7%84%E0%B6%9C%E0%B7%9A-%E0%B6%BD%E0%B6%9A%E0%B7%94%E0%B6%AB%E0%B7%94-%E0%B7%80%E0%B7%8F%E0%B6%BB%E0%B7%8A%E0%B6%AD%E0%B7%8F%E0%B7%80",
  "date": "2022-02-18",
  "category": "sports"
}