﻿{
  "title": "ගිනිගත් නැව වෙනුවෙන් රුපියල් බිලියනයක වන්දි ලැබී අවසන්",
  "content": "ගිනි ගැනීමට ලක්වු Xpress pearl නෞකාවට අදාළ වන්දි වශයෙන් රුපියල් බිලියනක පමණ මුදලක් මේ වන විට ලැබී ඇති බව අධිකරණ අමාත්‍ය අලි සබ්රි පවසනවා.අමාත්‍යවරයා මේ බව කියා සිටියේ ගිනි ගැනීමට ලක්ව මුහුදු බත්වූ එක්ස්ප්‍රස් පර්ල් නෞකාව එම ස්ථානයෙන් ඉවත් කිරීමට අදාළ මෙහෙයුම් නිරීක්ෂණය කිරීම සදහා අද එම ස්ථානයට ගිය අවස්ථාවේදීයි.
නැව ගිනිගත් මොහොතේදී පාරිසරික ව්‍යසනය අවම කර ගනිමින් රජය කටයුතු කල බව පෙන්වාදුන් අමාත්‍යවයා මේ වනවිට ගින්නෙන් පසු නැවෙන් විසිරුණු භාණ්ඩ ඉවත් කිරීමද සියයට 90 කින් පමණ අවසන් කර ඇති බවයි කියා සිටියේ.",
  "url": "https://www.hirunews.lk/297383/%E0%B6%9C%E0%B7%92%E0%B6%B1%E0%B7%92%E0%B6%9C%E0%B6%AD%E0%B7%8A-%E0%B6%B1%E0%B7%90%E0%B7%80-%E0%B7%80%E0%B7%99%E0%B6%B1%E0%B7%94%E0%B7%80%E0%B7%99%E0%B6%B1%E0%B7%8A-%E0%B6%BB%E0%B7%94%E0%B6%B4%E0%B7%92%E0%B6%BA%E0%B6%BD%E0%B7%8A-%E0%B6%B6%E0%B7%92%E0%B6%BD%E0%B7%92%E0%B6%BA%E0%B6%B1%E0%B6%BA%E0%B6%9A-%E0%B7%80%E0%B6%B1%E0%B7%8A%E0%B6%AF%E0%B7%92-%E0%B6%BD%E0%B7%90%E0%B6%B6%E0%B7%93-%E0%B6%85%E0%B7%80%E0%B7%83%E0%B6%B1%E0%B7%8A-%E0%B7%80%E0%B7%93%E0%B6%A9%E0%B7%92%E0%B6%BA%E0%B7%9D",
  "date": "2022-02-18",
  "category": "general"
}