﻿{
  "title": "සිව්වන පන්දුවාර 20 තරගයෙන් ඔස්ට්‍රේලියානු කණ්ඩායමට කඩුලු 6ක ජයක්",
  "content": "සංචාරක ශ්‍රී ලංකා කණ්ඩායම සහ ඔස්ට්‍රේලියානු කණ්ඩායම අතර ඔස්ට්‍රේලියාවේ මෙල්බර්න් ක්‍රීඩාංගනයේදී නිමාවුණු සිව්ව්වන පන්දුවාර විස්ස තරගයෙන් කඩුලු 6ක පහසු ජයක් අත්කර ගන්නට ඕස්ට්‍රේලියානු කණ්ඩායම සමත්වුණා.මේ අනුව ඔවුන් තරග පහකින් සමන්විත පන්දුවාර 20 තරගාවලියේ තරග හතරට බින්දුවක් ලෙස ඉදිරියෙන් සිටිනවා.ශ්‍රී ලංකා කණ්ඩායම මේ තරඟගාවලිය පුරාවට ම ප්‍රදර්ශනය කළ දුර්වල පිතිකරණ රටාව මේ තරගයේදීත් හොඳින් දක්නට ලැබුණු අතර තරගාවලිය පුරාම සාර්ථක වූ පැතුම් නිස්සංක පමණක් පන්දු 40 කදී ලකුණු 46ක් රැස්කර ගත්තා.මීට අමතරව කුසල් මෙන්ඩිස් ලකුණු 27ක් සහ චරිත් අසලංක ලකුණු 22ක් රැස්කර ගත්තා.",
  "url": "https://www.hirunews.lk/297372/%E0%B7%83%E0%B7%92%E0%B7%80%E0%B7%8A%E0%B7%80%E0%B6%B1-%E0%B6%B4%E0%B6%B1%E0%B7%8A%E0%B6%AF%E0%B7%94%E0%B7%80%E0%B7%8F%E0%B6%BB-20-%E0%B6%AD%E0%B6%BB%E0%B6%9C%E0%B6%BA%E0%B7%99%E0%B6%B1%E0%B7%8A-%E0%B6%94%E0%B7%83%E0%B7%8A%E0%B6%A7%E0%B7%8A%E2%80%8D%E0%B6%BB%E0%B7%9A%E0%B6%BD%E0%B7%92%E0%B6%BA%E0%B7%8F%E0%B6%B1%E0%B7%94-%E0%B6%9A%E0%B6%AB%E0%B7%8A%E0%B6%A9%E0%B7%8F%E0%B6%BA%E0%B6%B8%E0%B6%A7-%E0%B6%9A%E0%B6%A9%E0%B7%94%E0%B6%BD%E0%B7%94-6%E0%B6%9A-%E0%B6%A2%E0%B6%BA%E0%B6%9A%E0%B7%8A",
  "date": "2022-02-18",
  "category": "sports"
}