﻿{
  "title": "සල්ගාදු පිටියේ රැස්වීමට ජනපති විරුද්ධ වුණා ද ?",
  "content": "ආණ්ඩු පක්ෂය මෙන්ම විපක්ෂයේ නායකයෝද රටේ ප්‍රශ්න වලට වඩා ඉදිරි මැතිවරණ ගැන උන්නදු වූ දේශපාලන සතියක් නිමාව වුණාමීට වසරකට පෙර ජනාධිපතිවරයා මහනුවර මල්වතු විහාරයට ගිය වේලාවක දී මල්වතු විහාර බිමේ පැවැති එක්තරා ගරාවැටුණු විහාරයක් නරඹන්නට ගොස් මල්වතු මහා නායක තිබ්බොටවාවේ සුමංගල මහානායක හිමියන් වෙත පොරොන්දුවක් ලබා දී තිබුණා.ඒ අතරින් මල්වතු අනුනායක හිමියන් වැඩවාසය කරන මාත්ගමුව විහාරය සංඝාවාසයකට සුදුසු නොවන ලෙස ගරාවැටී අබලන්ව තිබෙනවා.ඒ අනුව මෙම විහාරය වසරක් ඇතුලත ගොඩනගන බවට ජනාධිපතිවරයා මෙහිදී පොරොන්දුවක් ලබා දී තිබුණා.",
  "url": "https://www.hirunews.lk/297364/%E0%B7%83%E0%B6%BD%E0%B7%8A%E0%B6%9C%E0%B7%8F%E0%B6%AF%E0%B7%94-%E0%B6%B4%E0%B7%92%E0%B6%A7%E0%B7%92%E0%B6%BA%E0%B7%9A-%E0%B6%BB%E0%B7%90%E0%B7%83%E0%B7%8A%E0%B7%80%E0%B7%93%E0%B6%B8%E0%B6%A7-%E0%B6%A2%E0%B6%B1%E0%B6%B4%E0%B6%AD%E0%B7%92-%E0%B7%80%E0%B7%92%E0%B6%BB%E0%B7%94%E0%B6%AF%E0%B7%8A%E0%B6%B0-%E0%B7%80%E0%B7%94%E0%B6%AB%E0%B7%8F-%E0%B6%AF",
  "date": "2022-02-18",
  "category": "political"
}