﻿{
  "title": "දුම්රිය දෙපාර්තමේන්තුවේ අකාර්යක්ෂමතාව ගැන හෙළිදරව්වක්",
  "content": "ජනාධිපති ගෝඨාභය රාජපක්ෂගේ මැදිහත්වීම සහ උපදෙස් මත ධාවනයට එක් කර නොතිබූ 'එම් 11' වර්ගයේ ඉන්දියානු නව දුම්රියක් යළි ධාවනයට එක් කිරීමේ අවස්ථාව උදාවී ඇති බව දුම්රිය ස්ථානාධිපතිවරුන්ගේ සංගමයේ සභාපති සුමේධ සෝම‍රත්න පවසනවා.අද (18) පෙරවරුවේ මරදාන ස්ථානාධිපතිවරුන්ගේ සංගමයේ පැවති මාධ්‍ය හමුවකදී එම සංගමයේ සභාපතිවරයා කියා සිටියේ, මෙවැනි අක්‍රමිකතා සිදු වී ඇත්තේ දුම්රිය දෙපාර්තමේන්තුවේ අකාර්යක්ෂමතාව හේතුවෙන් නිසා බවයි.මහජන මුදලින් මෙරටට ගෙන ආ අදාළ ඉන්දීය දුම්රිය මෙලෙස යළි භාවිතයට ගැනීමට හැකිවීම පිළිබඳ ව තම සංගමය වඩාත් සතුටු වන බවයි සභාපති සුමේධ සෝමරත්න පැවසුවේ.",
  "url": "https://www.hirunews.lk/297361/%E0%B6%AF%E0%B7%94%E0%B6%B8%E0%B7%8A%E0%B6%BB%E0%B7%92%E0%B6%BA-%E0%B6%AF%E0%B7%99%E0%B6%B4%E0%B7%8F%E0%B6%BB%E0%B7%8A%E0%B6%AD%E0%B6%B8%E0%B7%9A%E0%B6%B1%E0%B7%8A%E0%B6%AD%E0%B7%94%E0%B7%80%E0%B7%9A-%E0%B6%85%E0%B6%9A%E0%B7%8F%E0%B6%BB%E0%B7%8A%E0%B6%BA%E0%B6%9A%E0%B7%8A%E0%B7%82%E0%B6%B8%E0%B6%AD%E0%B7%8F%E0%B7%80-%E0%B6%9C%E0%B7%90%E0%B6%B1-%E0%B7%84%E0%B7%99%E0%B7%85%E0%B7%92%E0%B6%AF%E0%B6%BB%E0%B7%80%E0%B7%8A%E0%B7%80%E0%B6%9A%E0%B7%8A",
  "date": "2022-02-18",
  "category": "general"
}