﻿{
  "title": "රන් කරඬු සොරකම් කළ සැකකරුවන් ගැන කිව්වොත් මිලියන 2.5ක ත්‍යාග මුදලක්",
  "content": "රඹුක්කන දැලිවල කොටවෙහෙර රජමහා විහාරස්ථානයේ ධාතු මන්දිරයේ තිබූ පුරාවිද්‍යාත්මක වටිනාකමකින් යුත් රන් කරඬු සොරකම් කිරීමට අදාළ සැකකරුවන් සොයා පොලිසිය විශේෂ පරීක්ෂණයක් ආරම්භ කර තිබෙනවා.සිද්ධියට අදාළව අපරාධ පරීක්ෂණ දෙපාර්තමේන්තුව ද මෙහෙයුම් සිදුකරන බවයි පොලිසිය සඳහන් කළේ.මෙම කරඬු සොරකම් කළ සැකකරුවන් සම්බන්ධයෙන් නිවැරදි තොරතුරක් ලබාදෙන්නෙකුට රුපියල් ලක්ෂ 25ක ත්‍යාග මුදලක් පිරිනැමීමට ද පොලිස්පතිවරයා තීරණය කර තිබෙනවා.මේ සම්බන්ධයෙන් යම් තොරතුරක් හෝ සැකකරුවන් සම්බන්ධයෙන් තොරතුරු පහත දුරකථන අංක වෙත දැනුම්දෙන ලෙසටයි අපරාධ පරීක්ෂණ දෙපාර්තමේන්තුව ඉල්ලා සිටින්නේ.",
  "url": "https://www.hirunews.lk/297356/%E0%B6%BB%E0%B6%B1%E0%B7%8A-%E0%B6%9A%E0%B6%BB%E0%B6%AC%E0%B7%94-%E0%B7%83%E0%B7%9C%E0%B6%BB%E0%B6%9A%E0%B6%B8%E0%B7%8A-%E0%B6%9A%E0%B7%85-%E0%B7%83%E0%B7%90%E0%B6%9A%E0%B6%9A%E0%B6%BB%E0%B7%94%E0%B7%80%E0%B6%B1%E0%B7%8A-%E0%B6%9C%E0%B7%90%E0%B6%B1-%E0%B6%9A%E0%B7%92%E0%B7%80%E0%B7%8A%E0%B7%80%E0%B7%9C%E0%B6%AD%E0%B7%8A-%E0%B6%B8%E0%B7%92%E0%B6%BD%E0%B7%92%E0%B6%BA%E0%B6%B1-2-5%E0%B6%9A-%E0%B6%AD%E0%B7%8A%E2%80%8D%E0%B6%BA%E0%B7%8F%E0%B6%9C-%E0%B6%B8%E0%B7%94%E0%B6%AF%E0%B6%BD%E0%B6%9A%E0%B7%8A",
  "date": "2022-02-18",
  "category": "crime"
}