﻿{
  "title": "හදිසි බිඳවැටීමක් හේතුවෙන් කොළඹ ප්‍රදේශ රැසකට ජලය කැපෙයි",
  "content": "කොළඹට ජලය සැපයෙන ප්‍රධාන සම්ප්‍රේෂණ නලයේ ඇති වූ හදිසි බිඳ වැටීමක් හේතුවෙන් කොළඹ ප්‍රදේශ කිහිපයකට මේ වනවිට ජල සැපයුම අත්හිටුවා තිබෙනවා.අද පෙරවරු 10 සිට හෙට රාත්‍රී 10 දක්වා පැය 36ක් මෙලෙස ජල සැපයුම අත්හිටුවන බවයි ජාතික ජලසම්පාදන හා ජලාපවාහන මණ්ඩලය සඳහන් කළේ.ඒ අනුව, කොළඹ 01, 07, 09, 10 සහ 12 යන ප්‍රදේශවලට ජල සැපයුම අත්හිටුවා ඇති අතර, කොළඹ 08 සහ 11 ප්‍රදේශවලට අඩු පීඩනයක් යටතේ ජලය සැපයෙන බවයි ජාතික ජල සම්පාදන හා ජලාපවාහන මණ්ඩලය නිවේදනයක් නිකුත් කරමින් සඳහන් කළේ.",
  "url": "https://www.hirunews.lk/297339/%E0%B7%84%E0%B6%AF%E0%B7%92%E0%B7%83%E0%B7%92-%E0%B6%B6%E0%B7%92%E0%B6%B3%E0%B7%80%E0%B7%90%E0%B6%A7%E0%B7%93%E0%B6%B8%E0%B6%9A%E0%B7%8A-%E0%B7%84%E0%B7%9A%E0%B6%AD%E0%B7%94%E0%B7%80%E0%B7%99%E0%B6%B1%E0%B7%8A-%E0%B6%9A%E0%B7%9C%E0%B7%85%E0%B6%B9-%E0%B6%B4%E0%B7%8A%E2%80%8D%E0%B6%BB%E0%B6%AF%E0%B7%9A%E0%B7%81-%E0%B6%BB%E0%B7%90%E0%B7%83%E0%B6%9A%E0%B6%A7-%E0%B6%A2%E0%B6%BD%E0%B6%BA-%E0%B6%9A%E0%B7%90%E0%B6%B4%E0%B7%99%E0%B6%BA%E0%B7%92",
  "date": "2022-02-18",
  "category": "general"
}