﻿{
  "title": "සුනිත්‍ය බලශක්ති අධිකාරිය ජනපති නිරීක්ෂණයට",
  "content": "කොළඹ 07, ආනන්ද කුමාරස්වාමි මාවතේ පිහිටි ශ්‍රී ලංකා සුනිත්‍ය බලශක්ති අධිකාරිය අද (18) පෙරවරුවේ ජනාධිපති ගෝඨාභය රාජපක්ෂගේ හදිසිනිරීක්ෂණයට ලක් වී තිබෙනවා.විදුලිබල උත්පාදනයට ජල, සූර්ය ශක්තිය, සුළං වැනි පුනර්ජනනීය ප්‍රභවයන් යොදාගැනීමට ඇති හැකියාව ශ්‍රී ලංකා සුනිත්‍ය බලශක්ති අධිකාරියේ නිලධාරීන් ව සෘජු ව හමු වී තොරතුරු විමසා බැලීම ජනාධිපතිගේ මෙම හදිසි නිරීක්ෂණ චාරිකාවේ අරමුණ යි.'සෞභාග්‍යයේ දැක්ම' ප්‍රතිපත්ති ප්‍රකාර ව 2030 වන විට සමස්ත විදුලිබල උත්පාදනයෙන් 70%ක් සඳහා පුනර්ජනනීය බලශක්තිය යොදාගැනීම මෙහි ප්‍රධාන අරමුණක්.අලුතින් ඇරඹීමට ඉල්ලුම් කර ඇති පුනර්ජනනීය බලශක්ති ව්‍යාපෘති සඳහා අනුමැතිය ලබාදීමේ දී සිදු ව ඇති ප්‍රමාදයන් පිළිබඳ සොයා බැලීම මෙම චාරිකාවේ තවත් අරමුණක් බව වාර්තා වනවා.",
  "url": "https://www.hirunews.lk/297338/%E0%B7%83%E0%B7%94%E0%B6%B1%E0%B7%92%E0%B6%AD%E0%B7%8A%E2%80%8D%E0%B6%BA-%E0%B6%B6%E0%B6%BD%E0%B7%81%E0%B6%9A%E0%B7%8A%E0%B6%AD%E0%B7%92-%E0%B6%85%E0%B6%B0%E0%B7%92%E0%B6%9A%E0%B7%8F%E0%B6%BB%E0%B7%92%E0%B6%BA-%E0%B6%A2%E0%B6%B1%E0%B6%B4%E0%B6%AD%E0%B7%92-%E0%B6%B1%E0%B7%92%E0%B6%BB%E0%B7%93%E0%B6%9A%E0%B7%8A%E0%B7%82%E0%B6%AB%E0%B6%BA%E0%B6%A7",
  "date": "2022-02-18",
  "category": "political, tech"
}