﻿{
  "title": "දුම්රියක් පීලිපැන ප්‍රධාන මාර්ගයේ දුම්රිය ධාවනයට බාධා",
  "content": "වේයන්ගොඩ දුම්රිය ස්ථානය ආසන්නයේ දී දුම්රියක් පීලිපැනීම හේතුවෙන් ප්‍රධාන මාර්ගයේ දුම්රිය ධාවන කටයුතුවලට බාධා එල්ල වී තිබෙනවා.දුම්රිය දෙපාර්තමේන්තුව සඳහන් කළේ, රඹුක්කන සිට කොටුව දුම්රිය ස්ථානය දක්වා ධාවනය වූ ශීඝ්‍රගාමී දුම්රියක් මෙලෙස පීලිපැනීමකට ලක්ව ඇති බවයි.මේ හේතුවෙන් වේයන්ගොඩ සහ ගම්පහ අතර දුම්රිය ධාවන කටයුතුවලට බාධා එල්ල වී ඇති බව පාලක මැදිරිය සඳහන් කළා.",
  "url": "https://www.hirunews.lk/297327/%E0%B6%AF%E0%B7%94%E0%B6%B8%E0%B7%8A%E0%B6%BB%E0%B7%92%E0%B6%BA%E0%B6%9A%E0%B7%8A-%E0%B6%B4%E0%B7%93%E0%B6%BD%E0%B7%92%E0%B6%B4%E0%B7%90%E0%B6%B1-%E0%B6%B4%E0%B7%8A%E2%80%8D%E0%B6%BB%E0%B6%B0%E0%B7%8F%E0%B6%B1-%E0%B6%B8%E0%B7%8F%E0%B6%BB%E0%B7%8A%E0%B6%9C%E0%B6%BA%E0%B7%9A-%E0%B6%AF%E0%B7%94%E0%B6%B8%E0%B7%8A%E0%B6%BB%E0%B7%92%E0%B6%BA-%E0%B6%B0%E0%B7%8F%E0%B7%80%E0%B6%B1%E0%B6%BA%E0%B6%A7-%E0%B6%B6%E0%B7%8F%E0%B6%B0%E0%B7%8F",
  "date": "2022-02-18",
  "category": "ggeneral"
}