﻿{
  "title": "සංචාරකයින් ඉලක්ක කරගත් දුම්රිය සේවා කිහිපයක් ඇරඹේ",
  "content": "දේශීය හා විදේශීය සංචාරකයන් සඳහා අතිසුඛෝපභෝගී විශේෂ නව දුම්රිය කිහිපයක් යෙදවීමට දුම්රිය දෙපාර්තමේන්තුව සැලසුම් කර තිබෙනවා.ඒ අනුව එහි පළමු දුම්රිය ලබන මාර්තු මස සිට මහනුවර සහ ඇල්ල අතර ධාවනය කිරීමටයි තීරණය කර ඇති බවයි දුම්රිය සාමාන්‍යාධිකාරී ධම්මික ජයසුන්දර හිරු ප්‍රවෘත්තී අංශයට කියා සිටියේ.",
  "url": "https://www.hirunews.lk/297325/%E0%B7%83%E0%B6%82%E0%B6%A0%E0%B7%8F%E0%B6%BB%E0%B6%9A%E0%B6%BA%E0%B7%92%E0%B6%B1%E0%B7%8A-%E0%B6%89%E0%B6%BD%E0%B6%9A%E0%B7%8A%E0%B6%9A-%E0%B6%9A%E0%B6%BB%E0%B6%9C%E0%B6%AD%E0%B7%8A-%E0%B6%AF%E0%B7%94%E0%B6%B8%E0%B7%8A%E0%B6%BB%E0%B7%92%E0%B6%BA-%E0%B7%83%E0%B7%9A%E0%B7%80%E0%B7%8F-%E0%B6%9A%E0%B7%92%E0%B7%84%E0%B7%92%E0%B6%B4%E0%B6%BA%E0%B6%9A%E0%B7%8A-%E0%B6%87%E0%B6%BB%E0%B6%B9%E0%B7%9A",
  "date": "2022-02-18",
  "category": "general"
}