﻿{
  "title": "චීනය නිසා සමස්ත ආසියාව ම වෙනසකට ලක් වෙලා - අගමැති",
  "content": "චීනය නිසා අද වනවිට සමස්ත ආසියාව ම වෙනසකට ලක්ව ඇති බව අග්‍රාමාත්‍ය මහින්ද රාජපක්ෂ පවසනවා.චීන - ශ්‍රී ලංකා රාජ්‍ය තාන්ත්‍රික සබඳතාවලට වසර 65 ක් සපිරීම සහ රබර් - සහල් ගිවිසුමට වසර 70ක් සපිරීම නිමිත්තෙන් නෙළුම් පොකුණ රඟහලේදී ඊයේ පැවති සමරු උත්සවයට එක්වෙමිනුයි අග්‍රාමාත්‍යවරයා මේ බව කියා සිටියේ.ශ්‍රී ලංකා - චීන තානාපති සබඳතාවල හැටපස් වන සමරුව සහ චීන ශ්‍රී ලංකා රබර්, සහල් ගිවිසුමට වසර 70ක් පිරීම නිමිත්තෙන් වන සමරු උළෙල කොළඹ නෙළුම් පොකුණ රඟහලේ දී ඊයේ (17) පැවැත්වුණා.",
  "url": "https://www.hirunews.lk/297323/%E0%B6%A0%E0%B7%93%E0%B6%B1%E0%B6%BA-%E0%B6%B1%E0%B7%92%E0%B7%83%E0%B7%8F-%E0%B7%83%E0%B6%B8%E0%B7%83%E0%B7%8A%E0%B6%AD-%E0%B6%86%E0%B7%83%E0%B7%92%E0%B6%BA%E0%B7%8F%E0%B7%80-%E0%B6%B8-%E0%B7%80%E0%B7%99%E0%B6%B1%E0%B7%83%E0%B6%9A%E0%B6%A7-%E0%B6%BD%E0%B6%9A%E0%B7%8A-%E0%B7%80%E0%B7%99%E0%B6%BD%E0%B7%8F-%E0%B6%85%E0%B6%9C%E0%B6%B8%E0%B7%90%E0%B6%AD%E0%B7%92",
  "date": "2022-02-18",
  "category": "political"
}