﻿{
  "title": "ඊයේ කොරෝනා ආසාදිතයන් 1,235ක්",
  "content": "රෝහල්ගත වන කොරෝනා ආසාදිතයන් අතර බූස්ටර් මාත්‍රාව ලබා ගත් රෝගින් සිටින්නේ ඉතා සුළු ප්‍රමාණයක් බවට අනාවරණය වී තිබෙනවා.එමෙන්ම මේ වනවිට කොරෝනා සහ ඩෙංගු ආසාදිත රෝගිීන් ද හඳුනාගෙන ඇති බව සෞඛ්‍ය අංශ පවසනවා.කොළඹ රිජ්වේ ආර්යා ළමා රෝහලේ ළමා රෝග විශේෂඥ වෛද්‍ය දීපාල් පෙරේරා කොළඹ ඊයේ පැවති මාධ්‍ය හමුවකදී කියා සිටියේ, කොරෝනා සහ ඩෙංගු යන රෝගී තත්ත්වයන් දෙකම සහිත පුද්ගලයන්ගේ පොදු රෝග ලක්ෂණ කිහිපයක්ම හඳුනා ගෙන ඇති බවයි.මේ අතර, කොරෝනා මර්දන එන්නත්කරණයේ බූස්ටර් මාත්‍රාව ලබා ගෙන පැය 48කට පසුවත් අපහසුතාවයන් පවතින්නේ නම් වෛද්‍ය උපදෙස් වෙත යොමු වන ලෙස සෞඛ්‍ය අමාත්‍යංශයේ කොරෝනා පිළිබඳ සම්බන්ධීකාරක වෛද්‍ය අන්වර් හම්දානි කොළඹ ඊයේ පැවැති මාධ්‍ය හමුවකදී ජනතාව වෙතින් ඉල්ලීමක් කළා.",
  "url": "https://www.hirunews.lk/297319/%E0%B6%8A%E0%B6%BA%E0%B7%9A-%E0%B6%9A%E0%B7%9C%E0%B6%BB%E0%B7%9D%E0%B6%B1%E0%B7%8F-%E0%B6%86%E0%B7%83%E0%B7%8F%E0%B6%AF%E0%B7%92%E0%B6%AD%E0%B6%BA%E0%B6%B1%E0%B7%8A-1235%E0%B6%9A%E0%B7%8A",
  "date": "2022-02-18",
  "category": "health, covid"
}