﻿{
  "title": "මහව දී මනුෂ්‍ය ඝාතනයක්",
  "content": "මහව පොලිස් වසමේ බලගොල්ලාගම ප්‍රදේශයේ දී පෞද්ගලික ආරවුලක් හේතුවෙන් බෑනා විසින් ඔහුගේ මාමා හට තියුණු ආයුධයකින් පහර දී ඝාතනය කළ සිදුවීමක් වාර්තා වනවා.මියගොස් ඇත්තේ, වයස අවුරුදු 60ක බලගොල්ලාගම - බලල්ල ප්‍රදේශයේ පදිංචිකරුවෙක්.සැකකරු මේ වන විට අත් අඩංගුවට ගෙන ඇති අතර, ඔහු ව අද (18) දින මහව මහේස්ත්‍රාත් අධිකරණය වෙත ඉදිරිපත් කිරීමට නි‍යමිත යි.සිද්ධිය පිළිබඳ වැඩිදුර පරීක්ෂණ මහව පොලිසිය විසින් සිදු කෙරෙනු ලැබෙ යි.",
  "url": "https://www.hirunews.lk/297314/%E0%B6%B8%E0%B7%84%E0%B7%80-%E0%B6%AF%E0%B7%93-%E0%B6%B8%E0%B6%B1%E0%B7%94%E0%B7%82%E0%B7%8A%E2%80%8D%E0%B6%BA-%E0%B6%9D%E0%B7%8F%E0%B6%AD%E0%B6%B1%E0%B6%BA%E0%B6%9A%E0%B7%8A",
  "date": "2022-02-18",
  "category": "crime"
}