﻿{
  "title": "ඉන්ධන නොමැතිව කැළණිතිස්ස නවතී",
  "content": "ඉන්ධන නොමැති වීම හේතුවෙන් කැළණිතිස්ස තාප විදුලි බලාගාරයේ විදුලි ජනන කටයුතු සම්පූර්ණයෙන්ම නැවතී ඇති බව විදුලි බල මණ්ඩල මාධ්‍ය ප්‍රකාශක සුලක්ෂණ ජයවර්ධන පවසනවා.නැප්තා නොමැතිවීම හේතුවෙන් කැළණිතිස්ස තාප විදුලි බලාගාරයේ ජනන කටයුතු ඇනහිට ඇත්තේ අද සවස 7ට පමණ බවයි වාර්තා වන්නේ.කැළණිතිස්ස විදුලි බලාගාරයෙන් ජාතික විදුලිබල පද්ධතියට මෙගාවොට් 165ක විදුලි ධාරිතාවක් සැපයෙනවා.මෙම බලාගාරය ක්‍රියාතමක කිරීම සඳහා දිනකට නැප්තා මෙට්‍රික් ටොන් 900ත් 1000ක් පමණ අවශ්‍ය වනවා.බලාගාරය නැවත ක්‍රියාත්මක කිරීමට අවශ්‍ය නැප්තා තොග අද රාත්‍රියේ හෝ හෙට උදෑසන වන විට ලැබෙනු ඇති බවටයි විදුලිබල මණ්ඩලය විශ්වාසය පළ කළේ.",
  "url": "https://www.hirunews.lk/297303/%E0%B6%89%E0%B6%B1%E0%B7%8A%E0%B6%B0%E0%B6%B1-%E0%B6%B1%E0%B7%9C%E0%B6%B8%E0%B7%90%E0%B6%AD%E0%B7%92%E0%B7%80-%E0%B6%9A%E0%B7%90%E0%B7%85%E0%B6%AB%E0%B7%92%E0%B6%AD%E0%B7%92%E0%B7%83%E0%B7%8A%E0%B7%83-%E0%B6%B1%E0%B7%80%E0%B6%AD%E0%B7%93",
  "date": "2022-02-17",
  "category": "business"
}