﻿{
  "title": "ආහාර බඳුන්වල පිලිකාකාරක ඉහළ මට්ටමින් - නවතම අධ්‍යයනයක් හෙලි කරයි",
  "content": "ළදරුවන් සඳහා කිරි හා අමතර ආහාර ලබාදෙන බෝතල්වල සහ ආහාර බඳුන්වල බිස්ෆිනෝල් නැමැති පිළිකා කාරක රසායනිකය අඩංගු බවට නවතම ජාත්‍යන්තර අධ්‍යයනයකින් හෙළි වී තිබෙනවා.පරිසර යුක්ති කේන්ද්‍රය ද දායකත්වය ලබාදුන් අන්තර් ජාතික දූෂණ තුරන් කිරීමේ ජාලය සිදුකළ නවතම අධ්‍යයනයකිනුයි මේ බව අනාවරණ කර ඇත්තේ.එම පර්යේෂණය සඳහා ශ්‍රී ලංකාව, බංග්ලාදේශය, චීනය, භූතානය, මැලේසියාව, ඉන්දුනීසියාව, රුසියාව සහ ටැන්සානියාව යන රටවලින් මෙහි නියැදි ලෙස ළදරු කිරි බෝතල් හා ආහාර බඳුන් යොදාගෙන තිබෙනවා.මේ වන විටත් යුරෝපා සංගමයේ සාමාජික රටවල් මෙන්ම මැලේසියාව, චීනය හා ඉන්දුනීසියාව වැනි රටවල ළදරු ආහාර භාණ්ඩ සඳහා එම රසායනිකය සීමා කිරීමටයි පියවර ගෙන ඇත්තේ.",
  "url": "https://www.hirunews.lk/297297/%E0%B6%86%E0%B7%84%E0%B7%8F%E0%B6%BB-%E0%B6%B6%E0%B6%B3%E0%B7%94%E0%B6%B1%E0%B7%8A%E0%B7%80%E0%B6%BD-%E0%B6%B4%E0%B7%92%E0%B6%BD%E0%B7%92%E0%B6%9A%E0%B7%8F%E0%B6%9A%E0%B7%8F%E0%B6%BB%E0%B6%9A-%E0%B6%89%E0%B7%84%E0%B7%85-%E0%B6%B8%E0%B6%A7%E0%B7%8A%E0%B6%A7%E0%B6%B8%E0%B7%92%E0%B6%B1%E0%B7%8A-%E0%B6%B1%E0%B7%80%E0%B6%AD%E0%B6%B8-%E0%B6%85%E0%B6%B0%E0%B7%8A%E2%80%8D%E0%B6%BA%E0%B6%BA%E0%B6%B1%E0%B6%BA%E0%B6%9A%E0%B7%8A-%E0%B7%84%E0%B7%99%E0%B6%BD%E0%B7%92-%E0%B6%9A%E0%B6%BB%E0%B6%BA%E0%B7%92-%E0%B7%80%E0%B7%93%E0%B6%A9%E0%B7%92%E0%B6%BA%E0%B7%9D",
  "date": "2022-02-17",
  "category": "health"
}