﻿{
  "title": "හෙද පරිපූරකයන් වැඩට එද්දී, වෛද්‍යවරුන් වර්ජනයකට සැරසේ - අවසන් තීරණය ඉරිදා",
  "content": "ලබන 21 වන දා සංකේත වර්ජන ක්‍රියාමාර්ගයකට අවතීර්ණ වීමට අද පැවති මධ්‍යම කාරක සභාවේදී තීරණය කළ බව රජයේ වෛද්‍ය නිලධාරීන්ගේ සංගමය පවසනවා.එහි විධායක කමිටු සාමාජික වෛද්‍ය ප්‍රසාද් කොළඹගේ කියා සිටියේ ජාතික වැටුප් ප්‍රතිපත්තිය උල්ලංගණය කිරීම සහ අමාත්‍ය මණ්ඩල පත්‍රිකා මගින් සමස්ත රාජ්‍ය සේවයම වර්ජන රැල්ලකට යොමු කරමින් රජය කටයුතු කිරීමට එරෙහිව මෙලෙස වෘත්තීය ක්‍රියාමාර්ගයකට අවතීර්ණවීමට තීරණය කළ බවයි.කෙසේ වෙතත්, මධ්‍යම කාරක සභාව ගත් සංකේත වර්ජන ක්‍රියාමාර්ගය පිළිබද තීරණය ලබන ඉරිදා පැවැත්වෙන රජයේ වෛද්‍ය නිලධාරීන්ගේ සංගමයේ විධායක සභාව වෙත යොමු කර අවසන් තීන්දුවකට එළඹෙන බවයි වෛද්‍ය සමන්ත ආනන්ද සදහන් කළේ.",
  "url": "https://www.hirunews.lk/297285/%E0%B7%84%E0%B7%99%E0%B6%AF-%E0%B6%B4%E0%B6%BB%E0%B7%92%E0%B6%B4%E0%B7%96%E0%B6%BB%E0%B6%9A%E0%B6%BA%E0%B6%B1%E0%B7%8A-%E0%B7%80%E0%B7%90%E0%B6%A9%E0%B6%A7-%E0%B6%91%E0%B6%AF%E0%B7%8A%E0%B6%AF%E0%B7%93-%E0%B7%80%E0%B7%9B%E0%B6%AF%E0%B7%8A%E2%80%8D%E0%B6%BA%E0%B7%80%E0%B6%BB%E0%B7%94%E0%B6%B1%E0%B7%8A-%E0%B7%80%E0%B6%BB%E0%B7%8A%E0%B6%A2%E0%B6%B1%E0%B6%BA%E0%B6%9A%E0%B6%A7-%E0%B7%83%E0%B7%90%E0%B6%BB%E0%B7%83%E0%B7%9A-%E0%B6%85%E0%B7%80%E0%B7%83%E0%B6%B1%E0%B7%8A-%E0%B6%AD%E0%B7%93%E0%B6%BB%E0%B6%AB%E0%B6%BA-%E0%B6%89%E0%B6%BB%E0%B7%92%E0%B6%AF%E0%B7%8F",
  "date": "2022-02-17",
  "category": "health, political"
}