﻿{
  "title": "යාපනය සරසවි සිසුන් විරෝධතාවයක",
  "content": "විශ්වවිද්‍යාල පරිපාලනය සිදු කරන අනවශ්‍ය බලපෑම් නතර කරන ලෙස ඉල්ලමින් යාපනය විශ්වවිද්‍යාල මහා ශිෂ්‍ය සංගමය අද දහවල් විරෝධතාවයක නිරත වුණා.විශ්වවිද්‍යාල ගේට්ටුව වසා දමමින් සිසුන් විරෝධාතාවයෙන් නිරත වු අතර ඔවුන්, ආචාර්යවරුන්ට සහ අනෙක් සිසුන්ට විශ්වවිද්‍යාලයට ඇතුළු වීමට ඉඩ ලබා නොදුන් බවයි අප වාර්තාකරු ප්‍රකාශ කළේ.සාකච්ජා මාර්ගයෙන් විසදුම් ලබාදීමට යාපනය විශ්වවිද්‍යාලයේ උපකුලපතිවරයා එකගත්වය පළ කළද ඊට සිසුන් කැමැත්ත පළ කර නැහැ.සිසුන්ගේ විරෝධය හේතුවෙන් යාපනය විශ්වවිද්‍යාලය ඉදිරිපිට මාර්ගයේ රථ වාහන ගමනාගමනයට බාධා එල්ල වී තිබුණා.",
  "url": "https://www.hirunews.lk/297270/%E0%B6%BA%E0%B7%8F%E0%B6%B4%E0%B6%B1%E0%B6%BA-%E0%B7%83%E0%B6%BB%E0%B7%83%E0%B7%80%E0%B7%92-%E0%B7%83%E0%B7%92%E0%B7%83%E0%B7%94%E0%B6%B1%E0%B7%8A-%E0%B7%80%E0%B7%92%E0%B6%BB%E0%B7%9D%E0%B6%B0%E0%B6%AD%E0%B7%8F%E0%B7%80%E0%B6%BA%E0%B6%9A",
  "date": "2022-02-17",
  "category": "education, political"
}