﻿{
  "title": "අනුර දිසානායකට කොවිඩ්",
  "content": "අග්‍රාමාත්‍ය ලේකම් අනුර දිසානායකට කොවිඩ්-19 ආසාදනය වී ඇති බව තහවුරු වී තිබෙනවා.අගමැති කාර්යාලය මේ බව නිවේදනය කළා.මේ අතර, ශ්‍රී ලංකා පොදුජන පෙරමුණේ කෑගල්ල දිස්ත්‍රික් පාර්ලිමේන්තු මන්ත්‍රිනී රාජිකා වික්‍රමසිංහට ද කොරෝනා වෛරසය ආසාදනය වී තිබෙනවා.ඒ ඊයේ (16) දිනයේ සිදු කළ කොරෝනා පරීක්ෂණයක දී.මේ අතර. කොවිඩ් මර්දන පූර්ණ එන්නත්කරණයට ලක්වූ ගැබිනි මව්වරුන්ගේ බිළිඳුන්ට වෛරසයට එරෙහි ඉහළ ප්‍රතිශක්තිකරණ හැකියාවක් උපතේදීම හිමිවන බව නව අමෙරිකානු අධ්‍යයන වාර්තාවක් මගින් අනාවරණ කරනවා.මේ අතර, මෙරට රෝහල්වල සිදුවන මරණවලට අදාළ පශ්චාත් මරණ පරීක්ෂණ සඳහා කොවිඩ් පරීක්ෂණ සිදුකිරීම අනිවාර්ය නොකරමින් නව චක්‍ර ලේඛයක් නිකුත් කර තිබෙනවා.",
  "url": "https://www.hirunews.lk/297246/%E0%B6%85%E0%B6%B1%E0%B7%94%E0%B6%BB-%E0%B6%AF%E0%B7%92%E0%B7%83%E0%B7%8F%E0%B6%B1%E0%B7%8F%E0%B6%BA%E0%B6%9A%E0%B6%A7-%E0%B6%9A%E0%B7%9C%E0%B7%80%E0%B7%92%E0%B6%A9%E0%B7%8A",
  "date": "2022-02-17",
  "category": "health, political"
}