﻿{
  "title": "ආයෝජකයින් දිරි ගැන්වීමට මහබැංකුව සැරසේ",
  "content": "විදේශ තානාපති කාර්යාලවල සහයෝගය ඇතිව ශ්‍රී ලංකා සංවර්ධන බැඳුම්කර තුළ ආයෝජනය කිරීමට සුදුසුකම්ලත් ආයෝජකයින් දිරි ගන්වමින් සිටින බව මහ බැංකුව පවසනවා.වසරේ මේ දක්වා කාලය තුළ ශ්‍රී ලංකා සංවර්ධන බැඳුම්කර නිකුතු මගින් ඩොලර් මිලියන 111.5ක අරමුදලක් රැස්කරගෙන ඇති අතර, කුඩා පරිමාණ මෙන්ම මහා පරිමාණ ආයෝජකයින්ද ඒ සඳහා ඉදිරිපත්ව සිටියා.",
  "url": "https://www.hirunews.lk/297226/%E0%B6%86%E0%B6%BA%E0%B7%9D%E0%B6%A2%E0%B6%9A%E0%B6%BA%E0%B7%92%E0%B6%B1%E0%B7%8A-%E0%B6%AF%E0%B7%92%E0%B6%BB%E0%B7%92-%E0%B6%9C%E0%B7%90%E0%B6%B1%E0%B7%8A%E0%B7%80%E0%B7%93%E0%B6%B8%E0%B6%A7-%E0%B6%B8%E0%B7%84%E0%B6%B6%E0%B7%90%E0%B6%82%E0%B6%9A%E0%B7%94%E0%B7%80-%E0%B7%83%E0%B7%90%E0%B6%BB%E0%B7%83%E0%B7%9A",
  "date": "2022-02-17",
  "category": "economic, business"
}