﻿{
  "title": "ඔටුන්න සහ ගොවියා මැතිවරණ ලකුණු ලැයිස්තුවෙන් ඉවතට",
  "content": "දේශපාලන පක්ෂවල ලකුණු ලෙස යොදා ගැනීමට වෙන් කර දී ඇති ලැයිස්තුවෙන් ලකුණු 2ක් ඉවත් කිරීමට මැතිවරණ කොමිෂන් සභාව පියවර ගෙන තිබෙනවා.ඒ මැතිවරණ කොමසාරිස් ජනරාල් සමන් ශ්‍රී රත්නායක විසින් නිකුත් කළ අතිවිශේෂ ගැසට් නිවේදනයකින්.එහි දැක්වෙන්නේ ඔටුන්න සහ ගොවියා යන සලකුණු මෙලෙස දේශපාලන පක්ෂවල ලකුණු ලෙස යොදා ගැනීමට වෙන් කර ඇති ලැයිස්තුවෙන් ඉවත් කරන බවයි.දේශපාලන පක්ෂ සඳහා අනුමත කර ඇති ලකුණු ඇතුළත් නව ලැයිස්තුව පසුගිය ජනවාරි 21 වනදා මැතිවරණ කොමිෂන් සභාව මගින් ප්‍රකාශයට පත් කර තිබුණා.",
  "url": "https://www.hirunews.lk/297176/%E0%B6%94%E0%B6%A7%E0%B7%94%E0%B6%B1%E0%B7%8A%E0%B6%B1-%E0%B7%83%E0%B7%84-%E0%B6%9C%E0%B7%9C%E0%B7%80%E0%B7%92%E0%B6%BA%E0%B7%8F-%E0%B6%B8%E0%B7%90%E0%B6%AD%E0%B7%92%E0%B7%80%E0%B6%BB%E0%B6%AB-%E0%B6%BD%E0%B6%9A%E0%B7%94%E0%B6%AB%E0%B7%94-%E0%B6%BD%E0%B7%90%E0%B6%BA%E0%B7%92%E0%B7%83%E0%B7%8A%E0%B6%AD%E0%B7%94%E0%B7%80%E0%B7%99%E0%B6%B1%E0%B7%8A-%E0%B6%89%E0%B7%80%E0%B6%AD%E0%B6%A7",
  "date": "2022-02-16",
  "category": "political"
}