﻿{
  "title": "කිතුල් පැණිවලට ප්‍රමිතියක්",
  "content": "කිතුල් පැණි සඳහා ප්‍රමිති සහතිකයක් නිකුත් කිරීමට වැවිලි අමාත්‍යාංශය තීරණය කර තිබෙනවා.ඒ අනුව හෙට ගාල්ල - අක්මීමන ප්‍රදේශයේදී සරුසාර කිතුලයි - තිරසාර හෙටයි යන තේමාව යටතේ ජනාධිපති ගෝඨාභය රාජපක්ෂගේ ප්‍රධානත්වයෙන් පැවැත්වෙන වැඩසටහනේ දී මෙය ක්‍රියාවට නංවන බවයි එම අමාත්‍යාංශය නිවේදනය කළේ.එසේම කිතුල් සංවර්ධන මණ්ඩලයේ ඉදිරි වැඩපිළිවෙල ද මෙහි දී එළිදැක්වීමට නියමිත යි.",
  "url": "https://www.hirunews.lk/297165/%E0%B6%9A%E0%B7%92%E0%B6%AD%E0%B7%94%E0%B6%BD%E0%B7%8A-%E0%B6%B4%E0%B7%90%E0%B6%AB%E0%B7%92%E0%B7%80%E0%B6%BD%E0%B6%A7-%E0%B6%B4%E0%B7%8A%E2%80%8D%E0%B6%BB%E0%B6%B8%E0%B7%92%E0%B6%AD%E0%B7%92%E0%B6%BA%E0%B6%9A%E0%B7%8A",
  "date": "2022-02-16",
  "category": "business"
}