﻿{
  "title": "කොරෝනා පරීක්ෂණ සිදු කිරීමේදී නව චක්‍රලේඛයක්",
  "content": "මිය යන පුද්ගලයින්ගේ මෘත දේහ සම්බන්ධයෙන් කොරෝනා පරීක්ෂණ සිදු කිරීම පිළිබඳ සෞඛ්‍ය සේවා අධ්‍යක්ෂ ජනරාල් වෛද්‍ය අසේල ගුණවර්ධන නව චක්‍රලේඛයක් නිකුත් කර තිබෙනවා.ඒ අනුව මෙතෙක් සෑ ම මරණයක් සම්බන්ධයෙන් ම කොරෝනා පරීක්ෂණයක් සිදු කිරීම අනිවාර්ය කිරීමේ නීතිය ලිහිල් කර ඇති බවයි කොවිඩ් මෘත දේහ කළමනාකරණ කමිටුවේ සභාපති විශේෂඥ අධිකරණ වෛද්‍ය චන්න පෙරේරා සඳහන් කළේ.ඒ අනුව අධිකරණ වෛද්‍ය නිලධාරීවරයාගේ අභිමතය පරිදි අදාළ පරීක්ෂණ සිදුකළ හැකි බවට අදාළ නව චක්‍රලේඛයෙන් දක්වා තිබෙනවා.",
  "url": "https://www.hirunews.lk/297155/%E0%B6%9A%E0%B7%9C%E0%B6%BB%E0%B7%9D%E0%B6%B1%E0%B7%8F-%E0%B6%B4%E0%B6%BB%E0%B7%93%E0%B6%9A%E0%B7%8A%E0%B7%82%E0%B6%AB-%E0%B7%83%E0%B7%92%E0%B6%AF%E0%B7%94-%E0%B6%9A%E0%B7%92%E0%B6%BB%E0%B7%93%E0%B6%B8%E0%B7%9A%E0%B6%AF%E0%B7%93-%E0%B6%B1%E0%B7%80-%E0%B6%A0%E0%B6%9A%E0%B7%8A%E2%80%8D%E0%B6%BB%E0%B6%BD%E0%B7%9A%E0%B6%9B%E0%B6%BA%E0%B6%9A%E0%B7%8A",
  "date": "2022-02-16",
  "category": "covid, legal"
}