﻿{
  "title": "වෛද්‍ය සංගමයේ මධ්‍යම කාරක සභාව හෙට රැස්වෙයි",
  "content": "අත්තනෝමතික ලෙස විවිධ ක්ෂේත්‍රවල වැටුප් විෂමතා ඉවත් කිරීම සම්බන්ධයෙන් සාකච්ඡා කිරීම සඳහා හෙට සිය මධ්‍යම කාරක සභාව රැස්වන බව රජයේ වෛද්‍ය නිලධාරීන්ගේ සංගමය පවසනවා.එහි සාමාජික වෛද්‍ය රුවන් ජයසූරිය කියා සිටියේ, එහි දී ගන්නා ඕනෑ ම තීරණයක් ඒකමතික ව සම්මත කිරීමට සූදානම් බවයි.මේ අතර, දින 9 පුරා අඛණ්ඩ ව පැවැති සෞඛ්‍ය වර්ජනය අවසන් කර අද පෙරවරු 8 සිට යළි සේවයට වාර්තා කරන බව සෞඛ්‍ය වෘත්තීයවේදීන්ගේ සම්මේලනය ප්‍රකාශ කළා.",
  "url": "https://www.hirunews.lk/297138/%E0%B7%80%E0%B7%9B%E0%B6%AF%E0%B7%8A%E2%80%8D%E0%B6%BA-%E0%B7%83%E0%B6%82%E0%B6%9C%E0%B6%B8%E0%B6%BA%E0%B7%9A-%E0%B6%B8%E0%B6%B0%E0%B7%8A%E2%80%8D%E0%B6%BA%E0%B6%B8-%E0%B6%9A%E0%B7%8F%E0%B6%BB%E0%B6%9A-%E0%B7%83%E0%B6%B7%E0%B7%8F%E0%B7%80-%E0%B7%84%E0%B7%99%E0%B6%A7-%E0%B6%BB%E0%B7%90%E0%B7%83%E0%B7%8A%E0%B7%80%E0%B7%99%E0%B6%BA%E0%B7%92",
  "date": "2022-02-16",
  "category": "health, political"
}