﻿{
  "title": "පිරවුම්හල් ආශ්‍රිත ව දිගු පෝලිම්",
  "content": "ලංකා ඛනිජ තෙල් නීතිගත සංස්ථාවට අයත් ඉන්ධන පිරවුම්හල් ආශ්‍රිත ව අද දිගු පෝලිම් දක්නට ලැබුණා.ඒ ඉන්ධන මිල යළි ඉහළ යනු ඇති බවට පළ වූ වාර්තා හේතුවෙන්.ලංකා අයි.ඕ.සී සමාගම විසින් ඉන්ධන මිල ගණන් ඉහළ දමා තිබූ පසුබිමක යළි මිල ඉහළ දැමීමට ඛනිජ තෙල් නීතිගත සංස්ථාව මුදල් අමාත්‍යාංශයෙන් ඉල්ලීමක් කර තිබුණා.කෙසේ වෙතත්, බලශක්ති අමාත්‍ය උදය ගම්මන්පිල ප්‍රකාශ කළේ, ඉන්ධන මිල ඉහළ දැමීමේ තීරණයක් මෙතෙක් ගෙන නො මැති බව යි.කෙසේ වෙතත්, බලශක්ති අමාත්‍ය උදය ගම්මන්පිල ප්‍රකාශ කළේ, ඉන්ධන මිල ඉහළ දැමීමේ තීරණයක් මෙතෙක් ගෙන නො මැති බව යි.",
  "url": "https://www.hirunews.lk/297116/%E0%B6%B4%E0%B7%92%E0%B6%BB%E0%B7%80%E0%B7%94%E0%B6%B8%E0%B7%8A%E0%B7%84%E0%B6%BD%E0%B7%8A-%E0%B6%86%E0%B7%81%E0%B7%8A%E2%80%8D%E0%B6%BB%E0%B7%92%E0%B6%AD-%E0%B7%80-%E0%B6%AF%E0%B7%92%E0%B6%9C%E0%B7%94-%E0%B6%B4%E0%B7%9D%E0%B6%BD%E0%B7%92%E0%B6%B8%E0%B7%8A",
  "date": "2022-02-15",
  "category": "business"
}