﻿{
  "title": "වසර 28කට පසුව ශේන් වෝන්ගෙන් ආන්දෝලනාත්මක හෙළිදරව්වක්",
  "content": "හිටපු ඔස්ට්‍රෙලියානු සුපිරි දඟ පන්දු යවන්නෙකු වන ශේන් වෝන් ආන්දෝලනාත්මක හෙළිදරව්වක් සිදු කර තිබෙනවා.ඒ ඉදිරියේ දී ජනගත කිරීමට නියමිත ඔහුගේ චරිතාපදානය ඇතුළත් වෝන් නම් වාර්තාමය වැඩසටහනේ අදහස් දක්වමින්.එම වැඩ වැඩසටහන් එක් අවස්ථාවක ශේන් වෝන් 1994 වර්ෂයේ පාකිස්ථානයේ පැවති ටෙස්ට් තරගයක් පිළිබඳ ඔහුගේ මතකය අවදි කරමින් ඔහු පවසන්නේ, එය ඔහුගේ පළමු පාකිස්තාන් තරග සංචාරය බවයි.තරගයේ සිවු වැනි දිනය නිමාවීමෙන් අනතුරුව ඔහු සිය කාමර සගයා වන ටීම් මේ සමග කාමරයේ රැඳී සිටිය දී පාකිස්තාන කණ්ඩායම් නායක සලීම් මලික් ",
  "url": "https://www.hirunews.lk/297111/%E0%B7%80%E0%B7%83%E0%B6%BB-28%E0%B6%9A%E0%B6%A7-%E0%B6%B4%E0%B7%83%E0%B7%94%E0%B7%80-%E0%B7%81%E0%B7%9A%E0%B6%B1%E0%B7%8A-%E0%B7%80%E0%B7%9D%E0%B6%B1%E0%B7%8A%E0%B6%9C%E0%B7%99%E0%B6%B1%E0%B7%8A-%E0%B6%86%E0%B6%B1%E0%B7%8A%E0%B6%AF%E0%B7%9D%E0%B6%BD%E0%B6%B1%E0%B7%8F%E0%B6%AD%E0%B7%8A%E0%B6%B8%E0%B6%9A-%E0%B7%84%E0%B7%99%E0%B7%85%E0%B7%92%E0%B6%AF%E0%B6%BB%E0%B7%80%E0%B7%8A%E0%B7%80%E0%B6%9A%E0%B7%8A",
  "date": "2022-02-15",
  "category": "sports"
}