﻿{
  "title": "අධිවේගී මඟේ ගිය අති සුඛෝපභෝගී ජීප් රථ දෙකේ ඇත්ත කතාව",
  "content": "දක්ෂිණ අධිවේගී මාර්ගයේ ප්‍රවාහනය කෙරෙන අතිසුඛෝපභෝගී කැඩිලැක් එස්කෙලාඩ් ජීප් රථ දෙකක් සම්බන්ධයෙන් වන වීඩියෝවක් මේ දිනවල සමාජ මාධ්‍ය ඔස්සේ දැඩි ලෙස සංසරණය වනවා.",එම වාහන දෙක ප්‍රවාහනය කෙරෙන ආකාරය වීඩියෝගත කරනුයේ ඊට පසු පසින් ගමන් ගන්නා තවත් වහනයක සිටිනා පුද්ගලයෙක්.එමෙන්ම ඔහු එම රූගත කිරීම සිදු කරන අවස්ථාවේ මෙම රථවාහන මෙරටට ගෙන ආ ආකාරය සහ මේ වන විට රථ වාහන ආනයනයට තහනමක් පනවා ඇති මොහොතක මෙලෙස රථ වාහන ලංකාවට පැමිණෙන්නේ කෙසේ ද යන්න සම්බන්ධයෙන් ද ප්‍රශ්න කිරීමක් සිදු කරනවා.
  "url": "https://www.hirunews.lk/297001/%E0%B6%85%E0%B6%B0%E0%B7%92%E0%B7%80%E0%B7%9A%E0%B6%9C%E0%B7%93-%E0%B6%B8%E0%B6%9F%E0%B7%9A-%E0%B6%9C%E0%B7%92%E0%B6%BA-%E0%B6%85%E0%B6%AD%E0%B7%92-%E0%B7%83%E0%B7%94%E0%B6%9B%E0%B7%9D%E0%B6%B4%E0%B6%B7%E0%B7%9D%E0%B6%9C%E0%B7%93-%E0%B6%A2%E0%B7%93%E0%B6%B4%E0%B7%8A-%E0%B6%BB%E0%B6%AE-%E0%B6%AF%E0%B7%99%E0%B6%9A%E0%B7%9A-%E0%B6%87%E0%B6%AD%E0%B7%8A%E0%B6%AD-%E0%B6%9A%E0%B6%AD%E0%B7%8F%E0%B7%80",
  "date": "2022-02-14",
  "category": "auto, crime"
}