﻿{
  "title": "බරාව තෙත් බිම සංවේදී පරිසර කලාපයක් ලෙස සංරක්ෂණය කෙරේ",
  "content": "කැලණි ගඟේ අතු ගංඟාවක් වන පුස්සෑලි ඔය ආශ්‍රිත ව පිහිටා ඇති බරාව තෙත් බිම සංවේදී පරිසර කලාපයක් ලෙස සංරක්ෂණය කිරීමට පරිසර අමාත්‍යාංශය තීරණය කර තිබෙනවා.මෙරට ජෛව විවිධත්වයෙන් වැදගත් පාරිසරික කලාප සංරක්ෂණය කිරීමේ වැඩසටහන යටතේ මෙම තෙත් බිම සංරක්ෂණය කෙරෙන බව එමඟින් නිකුත් කළ නිවේදනයක දැක්වෙන්නේ.මෙම වැඩසටහන යටතේ ගඟේ වාඩිය, එළුවන්කුලම, ගල්නෑව සහ මානෑව යන ප්‍රදේශ ද මේ වන විට සංවේදී පරිසර කලාප ලෙස නම් කර තිබෙනවා.මිනිස් ක්‍රියාකාරකම් හේතුවෙන් බරාව තෙත් විනාශ වීමේ තර්ජනයකට ද මේ වන විට ලක් ව ඇති බව සඳහන්.",
  "url": "https://www.hirunews.lk/297064/%E0%B6%B6%E0%B6%BB%E0%B7%8F%E0%B7%80-%E0%B6%AD%E0%B7%99%E0%B6%AD%E0%B7%8A-%E0%B6%B6%E0%B7%92%E0%B6%B8-%E0%B7%83%E0%B6%82%E0%B7%80%E0%B7%9A%E0%B6%AF%E0%B7%93-%E0%B6%B4%E0%B6%BB%E0%B7%92%E0%B7%83%E0%B6%BB-%E0%B6%9A%E0%B6%BD%E0%B7%8F%E0%B6%B4%E0%B6%BA%E0%B6%9A%E0%B7%8A-%E0%B6%BD%E0%B7%99%E0%B7%83-%E0%B7%83%E0%B6%82%E0%B6%BB%E0%B6%9A%E0%B7%8A%E0%B7%82%E0%B6%AB%E0%B6%BA-%E0%B6%9A%E0%B7%99%E0%B6%BB%E0%B7%9A",
  "date": "2022-02-15",
  "category": "general"
}