﻿{
  "title": "කැලණි විශ්වවිද්‍යාලයේ ගැටුමක්",
  "content": "කැලණිය විශ්වවිද්‍යාලයේ ඊයේ ඇති වූ ගැටුමකින් සිසුන් දෙදෙනෙකු තුවාල ලබා රෝහල්ගත කර තිබෙනවා.විශ්වවිද්‍යාල අවසන් වසරේ සිසුන් පිරිසක් විසින් තෙවන වසරේ සිසුන් දෙදෙනෙකුට යි මෙම පහරදීම සිදු කර ඇත්තේ.පහරදීමට හේතුව මෙතෙක් අනාවරණ වී නො මැති අතර, සිද්ධියෙන් තුවාල ලැබූ සිසුන් දෙදෙනෙකු රාගම රෝහලට ඇතුළත් කර තිබෙනවා.",
  "url": "https://www.hirunews.lk/297052/%E0%B6%9A%E0%B7%90%E0%B6%BD%E0%B6%AB%E0%B7%92-%E0%B7%80%E0%B7%92%E0%B7%81%E0%B7%8A%E0%B7%80%E0%B7%80%E0%B7%92%E0%B6%AF%E0%B7%8A%E2%80%8D%E0%B6%BA%E0%B7%8F%E0%B6%BD%E0%B6%BA%E0%B7%9A-%E0%B6%9C%E0%B7%90%E0%B6%A7%E0%B7%94%E0%B6%B8%E0%B6%9A%E0%B7%8A",
  "date": "2022-02-15",
  "category": "education, crime, political"
}