﻿{
  "title": "බස්, දුම්රිය ගාස්තු වැඩි කරන්නේ නෑ - මුදල් ඇමති",
  "content": "ඉකුත් පාලන සමයේ ඇණවුම් කර ආනයනය කළ දුම්රිය මැදිරිවල තාක්ෂණික දෝෂ නිවැරදි කොට වහාම ධාවනයට යොදවන ලෙස ජනාධිපති ගෝඨාභය රාජපක්ෂ නිලධාරීන්ට උපදෙස් ලබා දී තිබෙනවා.ප්‍රවාහන, ප්‍රවාහන නියාමන බස් රථ සේවා හා දුම්රිය මැදිරි හා මෝටර් රථ කර්මාන්ත අමාත්‍යාංශවල ප්‍රගති සමාලෝචන රැස්වීම ඊයේ ජනාධිපති කාර්යාලයේ දී පැවති අතර ඊට එක්වෙමිනුයි ජනාධිපතිවරයා මේ බව සඳහන් කළේ.එම සාකච්ඡාවට මුදල් අමාත්‍ය බැසිල් රාජපක්ෂ ඇතුළු පිරිසක් එක්ව සිටියා.",
  "url": "https://www.hirunews.lk/297042/%E0%B6%B6%E0%B7%83%E0%B7%8A-%E0%B6%AF%E0%B7%94%E0%B6%B8%E0%B7%8A%E0%B6%BB%E0%B7%92%E0%B6%BA-%E0%B6%9C%E0%B7%8F%E0%B7%83%E0%B7%8A%E0%B6%AD%E0%B7%94-%E0%B7%80%E0%B7%90%E0%B6%A9%E0%B7%92-%E0%B6%9A%E0%B6%BB%E0%B6%B1%E0%B7%8A%E0%B6%B1%E0%B7%9A-%E0%B6%B1%E0%B7%91-%E0%B6%B8%E0%B7%94%E0%B6%AF%E0%B6%BD%E0%B7%8A-%E0%B6%87%E0%B6%B8%E0%B6%AD%E0%B7%92",
  "date": "2022-02-15",
  "category": "political, business"
}