﻿{
  "title": "තෙවැනි තරගයට කුසල් මෙන්ඩිස් කැඳවෙන ලකුණු",
  "content": "කොවිඩ් වැළඳීම හේතුවෙන් ශ්‍රී ලංකා ඔස්ට්‍රෙලියා පළමු විස්ස යි විස්ස ක්‍රිකට් තරග දෙක ම අහිමි වූ කුසල් මෙන්ඩිස්ගේ රෝගී තත්ත්වට සුව අතට පැමිණ ඇති බව වාර්තා වනවා.ශ්‍රී ලංකා ක්‍රිකට් ආයතනය නිවේදනයක් නිකුත් කරමින් මේ බව දන්වා සිටියා.ඒ අනුව තෙවැනි තරගයේ එකොළොස් දෙනාගේ තේරිම් සඳහා කුසල් මෙන්ඩිස් ද සුදුසුකම් ලබනු ඇති.මේ අතර, කොවිඩ් වැළඳුණු වේග පන්දු යවන ක්‍රීඩක බිනුර ප්‍රනාන්දුගේ රෝගි තත්ත්වය තවමත් සුව අතට පත් වී නෑ.ඒ අනුව ඔහුට ශ්‍රී ලංකා ඔස්ට්‍රෙලියා තෙවැනි තරගය ද අහිමි වනු ඇති.",
  "url": "https://www.hirunews.lk/297008/%E0%B6%AD%E0%B7%99%E0%B7%80%E0%B7%90%E0%B6%B1%E0%B7%92-%E0%B6%AD%E0%B6%BB%E0%B6%9C%E0%B6%BA%E0%B6%A7-%E0%B6%9A%E0%B7%94%E0%B7%83%E0%B6%BD%E0%B7%8A-%E0%B6%B8%E0%B7%99%E0%B6%B1%E0%B7%8A%E0%B6%A9%E0%B7%92%E0%B7%83%E0%B7%8A-%E0%B6%9A%E0%B7%90%E0%B6%B3%E0%B7%80%E0%B7%99%E0%B6%B1-%E0%B6%BD%E0%B6%9A%E0%B7%94%E0%B6%AB%E0%B7%94",
  "date": "2022-02-14",
  "category": "sports"
}