﻿{
  "title": "දහම් පාසල් ගුරු සහතික පත්‍ර විභාගය ජුනි මාසයේ දී පැවැත්වීමට සැලසුම්",
  "content": "වාර්ෂිකව පවත්වනු ලබන දහම් පාසල් ගුරු සහතික පත්‍ර විභාගය ජුනි මස 18 වන දින පැවැත්වෙන බව බෞද්ධ කටයුතු දෙපාර්තමේන්තුව පවසනවා.2020 සහ 21 වර්ෂවල පැවති කොරෝනා වෛරස ව්‍යාප්තිය හේතුවෙන් මෙම විභාගය පැවැත්වීමට නො හැකි වූ අතර, එම වර්ෂවල අයදුම් කළ සියලු දහම් පාසල් ගුරු භවතුන්ට මෙම වර්ෂයට නැවත අයදුම්පත් යොමු කළ හැකියි.මේ වසරේ මාර්තු මස 15 වන දිනය වන විට අවම වශයෙන් මාස 6ක අඛණ්ඩව බෞද්ධ කටයුතු දෙපාර්තමේන්තුවේ ලියාපදිංචි දහම් පාසලක ගුරු භවතෙකු ලෙස කටයුතු කර තිබීම හා වයස අවුරුදු 18ට වැඩි වීම ඒ සඳහා අයදුම්පත් යොමු කිරීමට මූලික සුදුසුකම් වනවා.",
  "url": "https://www.hirunews.lk/297002/%E0%B6%AF%E0%B7%84%E0%B6%B8%E0%B7%8A-%E0%B6%B4%E0%B7%8F%E0%B7%83%E0%B6%BD%E0%B7%8A-%E0%B6%9C%E0%B7%94%E0%B6%BB%E0%B7%94-%E0%B7%83%E0%B7%84%E0%B6%AD%E0%B7%92%E0%B6%9A-%E0%B6%B4%E0%B6%AD%E0%B7%8A%E2%80%8D%E0%B6%BB-%E0%B7%80%E0%B7%92%E0%B6%B7%E0%B7%8F%E0%B6%9C%E0%B6%BA-%E0%B6%A2%E0%B7%94%E0%B6%B1%E0%B7%92-%E0%B6%B8%E0%B7%8F%E0%B7%83%E0%B6%BA%E0%B7%9A-%E0%B6%AF%E0%B7%93-%E0%B6%B4%E0%B7%90%E0%B7%80%E0%B7%90%E0%B6%AD%E0%B7%8A%E0%B7%80%E0%B7%93%E0%B6%B8%E0%B6%A7-%E0%B7%83%E0%B7%90%E0%B6%BD%E0%B7%83%E0%B7%94%E0%B6%B8%E0%B7%8A",
  "date": "2022-02-14",
  "category": "education"
}