{
    "title": "பழைய தேர்தல் முறையில் விரைவில் மாகாண சபை தேர்தல்",
    "content": "பாராளுமன்ற தெரிவுக்குழுவில் பரிந்துரை\nபுதிய தேர்தல் முறை உருவாக்கப்படும் வரை பழைய முறையில் மாகாண சபைத் தேர்தலை விரைவாக நடத்த வேண்டுமென அமைச்சர் தினேஷ் குணவர்த்தன தெரிவித்துள்ளார்.\nதேர்தல் முறைகள் மற்றும் தேர்தல் சட்டங்கள் தொடர்பில் திருத்தங்களை மேற்கொள்வதற்கான விஷேட பாராளுமன்ற தெரிவுக்குழுவின் அறிக்கையில் இவ்வாறு பரிந்துரைகளை முன்வைக்க அந்த தெரிவுக்குழு இணக்கம் தெரிவித்துள்ளதாகவும், குழுவின் தலைவரும் கல்வி அமைச்சருமான தினேஷ் குணவர்த்தன தெரிவித்துள்ளார்.\nசகல தேர்தல்களின்போதும் தொகுதிவாரியில் 60 வீதம், விகிதாசார முறையில் 40 வீதம் என்ற அடிப்படையில் பிரதிநிதிகளை தெரிவு செயயைும் கலப்பு தேர்தல் முறையிலான அறிக்கையை முறைப்படுத்துவதற்கு விஷேட தெரிவுக்குழு இணக்கம் தெரிவித்துள்ளதாக அவர் மேலும் சுட்டிக்காட்டியுள்ளார்.\nஅதற்கமைய, உள்ளூராட்சி மன்றங்களில் பெரும்பான்மை நிலைப்பாடுகளை உருவாக்குவதற்காக வெற்றிபெற்ற கட்சி அல்லது குழுவுக்கு மேலதிகமாக இரண்டு ஆசனங்களை பெற்றுக்கொடுக்கவும் பரிந்துரை முன்வைக்க கொள்கை அடிப்படையில் இணக்கப்பாடு காணப்பட்டுள்ளது.",
    "url": "https://www.thinakaran.lk/2022/02/26/%E0%AE%89%E0%AE%B3%E0%AF%8D%E0%AE%A8%E0%AE%BE%E0%AE%9F%E0%AF%81/81463/%E0%AE%AA%E0%AE%B4%E0%AF%88%E0%AE%AF-%E0%AE%A4%E0%AF%87%E0%AE%B0%E0%AF%8D%E0%AE%A4%E0%AE%B2%E0%AF%8D-%E0%AE%AE%E0%AF%81%E0%AE%B1%E0%AF%88%E0%AE%AF%E0%AE%BF%E0%AE%B2%E0%AF%8D-%E0%AE%B5%E0%AE%BF%E0%AE%B0%E0%AF%88%E0%AE%B5%E0%AE%BF%E0%AE%B2%E0%AF%8D-%E0%AE%AE%E0%AE%BE%E0%AE%95%E0%AE%BE%E0%AE%A3-%E0%AE%9A%E0%AE%AA%E0%AF%88-%E0%AE%A4%E0%AF%87%E0%AE%B0%E0%AF%8D%E0%AE%A4%E0%AE%B2%E0%AF%8D",
    "date": "26-02-2022",
    "category": "political"
}
