{
    "title": "ஏற்படவிருந்த பெரும் அழிவு நிலைமையை தடுப்பூசி மூலம் கட்டுப்படுத்த முடிந்தது”",
    "content": " உலகளாவிய தடுப்பூசி ஏற்றலை விரைவுபடுத்துவதற்கான உயர்மட்ட விவாதத்தில் ஜனாதிபதி\nநாட்டுக்குள் ஏற்படவிருந்த பெரும் அழிவு நிலைமையை, கொவிட் தடுப்பூசி வேலைத்திட்டத்தின் மூலமே கட்டுப்படுத்த முடிந்ததென்று, ஜனாதிபதி கோட்டாபய ராஜபக்ஷ தெரிவித்தார்.\nநியூயோர்க்கிலுள்ள ஐக்கிய நாடுகள் தலைமையகத்தை மையப்படுத்தி, நேற்றைய தினம் (25) வீடியோ தொழில்நுட்பத்தில் இடம்பெற்ற உலகளாவிய தடுப்பூசி ஏற்றலை விரைவுபடுத்துவதற்கான உயர்மட்ட விவாதத்தில் கலந்துகொண்டு உரையாற்றும் போதே, ஜனாதிபதி மேற்கண்டவாறு தெரிவித்தார்.\nஉலகளாவிய ரீதியில் தடுப்பூசிகளைப் பெற்றுக்கொள்வதில் காணப்படும் சமத்துவமின்மை மற்றும் ஆபத்துமிக்க புதிய திரிபுகள் ஏற்படுவதற்குள்ள நிகழ்தகவு போன்றவற்றைச் சுட்டிக்காட்டிய ஜனாதிபதி, அனைத்து இடங்களிலுமுள்ள அனைவருக்கும் தடுப்பூசி ஏற்றுவதே, இந்தத் தொற்றுப் பரவலில் இருந்து மீள்வதற்குள்ள ஒரே வழியென்றும் அரச தலைவர்கள் முன்னிலையில் எடுத்துரைத்தார்.\nஇந்த விவாதத்தை ஆரம்பித்து வைத்து உரையாற்றிய ஐக்கிய நாடுகள் பொதுச் சபையின் தலைவர் அப்துல்லா ஷாஹிட் (Abdulla Shahid) மற்றும் பொதுச் செயலாளர் அன்டோனியோ குட்டேரஸ் (Antonio Guterres) ஆகியோர், கொவிட் தடுப்பூசி ஏற்றலிலுள்ள முக்கியத்துவம் மற்றும் இது விடயத்தில் பல்வேறு நாடுகள் செயற்பட்ட விதம் தொடர்பில் குறிப்பிட்டனர்.\nஇந்த விவாதத்தின் முதல் சுற்றின் போது, தடுப்பூசி உற்பத்தி மற்றும் விநியோகத்தில் எதிர்கொள்ளப்படும் சவால்கள், தரம், குறைந்தளவு தடுப்பூசிகளைக் கொள்வனவு செய்த நாடுகளுக்கு அதிகளவில் விநியோகித்தல், விநியோக விகிதத்தை மேம்படுத்துதல் மற்றும் விநியோக முன்னறிவிப்பை உறுதி செய்தல் போன்ற விடயங்கள் குறித்து ஆராயப்பட்டன.\nவிவாதத்தின் இரண்டாம் சுற்றின் போது, தற்போதைய சவால்களை வெற்றிகொள்வதற்குத் தேவையான புதிய கண்டுபிடிப்புகள் மற்றும் தீர்வுகளைக் கண்டறிவதோடு, உலகளாவிய தடுப்பூசி ஏற்றலை விரைவுபடுத்துவதற்கும் எதிர்பார்க்கப்பட்டது.\nஉலக சுகாதார ஸ்தாபனத்தின் பணிப்பாளர் நாயகம், மனித உரிமைகள் ஆணையாளர் நாயகம், தடுப்பூசிக் கூட்டமைப்பான “கவி” (GAVI)இன் நிறைவேற்று அதிகாரி டொக்டர் செத் பர்க்லி மற்றும் அரச தலைவர்களும் இதன்போது உரை நிகழ்த்தினர்.",
    "url": "https://www.thinakaran.lk/2022/02/26/%E0%AE%89%E0%AE%B3%E0%AF%8D%E0%AE%A8%E0%AE%BE%E0%AE%9F%E0%AF%81/81476/%E2%80%9C%E0%AE%8F%E0%AE%B1%E0%AF%8D%E0%AE%AA%E0%AE%9F%E0%AE%B5%E0%AE%BF%E0%AE%B0%E0%AF%81%E0%AE%A8%E0%AF%8D%E0%AE%A4-%E0%AE%AA%E0%AF%86%E0%AE%B0%E0%AF%81%E0%AE%AE%E0%AF%8D-%E0%AE%85%E0%AE%B4%E0%AE%BF%E0%AE%B5%E0%AF%81-%E0%AE%A8%E0%AE%BF%E0%AE%B2%E0%AF%88%E0%AE%AE%E0%AF%88%E0%AE%AF%E0%AF%88-%E0%AE%A4%E0%AE%9F%E0%AF%81%E0%AE%AA%E0%AF%8D%E0%AE%AA%E0%AF%82%E0%AE%9A%E0%AE%BF-%E0%AE%AE%E0%AF%82%E0%AE%B2%E0%AE%AE%E0%AF%8D-%E0%AE%95%E0%AE%9F%E0%AF%8D%E0%AE%9F%E0%AF%81%E0%AE%AA%E0%AF%8D%E0%AE%AA%E0%AE%9F%E0%AF%81%E0%AE%A4%E0%AF%8D%E0%AE%A4-%E0%AE%AE%E0%AF%81%E0%AE%9F%E0%AE%BF%E0%AE%A8%E0%AF%8D%E0%AE%A4%E0%AE%A4%E0%AF%81-3",
    "date": "26-02-2022",
    "category": "covid"
}
