{
    "title": "சிவராத்திரியை முன்னிட்டு பிரதமரின் பணிப்புரைக்கமைய சிவாலயங்களுக்கு நிதியுதவி",
    "content": "சிவராத்திரி விரத புண்ணியகால நன்னாளை முன்னிட்டு சிவராத்திரி தினமான எதிர்வரும் மார்ச் 01ஆம் திகதி ஈழத்தின் பஞ்ச ஈஸ்வரத் தலங்கள் உட்பட, நாடளாவிய ரீதியில் தெரிவு செய்யப்பட்ட சிவாலயங்களுக்கு நிதியுதவி வழங்கும் செயற்றிட்டம் முன்னெடுக்கப்படவுள்ளது.\nபிரதமர்  மஹிந்த ராஜபக்ஷவின் பணிப்புரைக்கு அமைவாக, இந்து சமய, கலாசார அலுவல்கள் திணைக்களத்தினால் இந்நிதியுதவி வழங்கும் செயற்றிட்டம், தெரிவு செய்யப்பட்ட ஆலயங்களின் மாவட்ட செயலகம் மற்றும் பிரதேச செயலகங்களின் ஊடாக முன்னெடுக்கப்படவுள்ளது.\nஇளம் இந்துச் சிறார்களின் ஆன்மீக உணர்வுகளை மேன்மையுறச் செய்து, கலை நிகழ்வுகள் மூலமாக ஆக்கத்திறன் ஆளுமைகளுக்கு களம் அமைத்துக் கொடுப்பதோடு, மேன்மேலும் அவர்களுக்கு ஊக்கம் நல்கும் விதத்தில் பரிசில்கள் வழங்கிப் பாராட்டுதல் என்ற முக்கிய நோக்கத்தினை உடையதாகவே, மகாசிவராத்திரி விரத புண்ணிய நன்னாளை முன்னிட்டு, இந்து சமய, கலாசார அலுவல்கள் திணைக்களத்தால் நாடளாவிய ரீதியில் சிவாலயங்களுக்கு நிதியுதவி வழங்கப்படவுள்ளமை குறிப்பிடத்தக்க அம்சமாகும்.",
    "url": "https://www.thinakaran.lk/2022/02/26/%E0%AE%89%E0%AE%B3%E0%AF%8D%E0%AE%A8%E0%AE%BE%E0%AE%9F%E0%AF%81/81475/%E0%AE%9A%E0%AE%BF%E0%AE%B5%E0%AE%B0%E0%AE%BE%E0%AE%A4%E0%AF%8D%E0%AE%A4%E0%AE%BF%E0%AE%B0%E0%AE%BF%E0%AE%AF%E0%AF%88-%E0%AE%AE%E0%AF%81%E0%AE%A9%E0%AF%8D%E0%AE%A9%E0%AE%BF%E0%AE%9F%E0%AF%8D%E0%AE%9F%E0%AF%81-%E0%AE%AA%E0%AE%BF%E0%AE%B0%E0%AE%A4%E0%AE%AE%E0%AE%B0%E0%AE%BF%E0%AE%A9%E0%AF%8D-%E0%AE%AA%E0%AE%A3%E0%AE%BF%E0%AE%AA%E0%AF%8D%E0%AE%AA%E0%AF%81%E0%AE%B0%E0%AF%88%E0%AE%95%E0%AF%8D%E0%AE%95%E0%AE%AE%E0%AF%88%E0%AE%AF-%E0%AE%9A%E0%AE%BF%E0%AE%B5%E0%AE%BE%E0%AE%B2%E0%AE%AF%E0%AE%99%E0%AF%8D%E0%AE%95%E0%AE%B3%E0%AF%81%E0%AE%95%E0%AF%8D%E0%AE%95%E0%AF%81-1",
    "date": "26-02-2022",
    "category": "general"
}
