{
    "title": "புதிய அமெரிக்க தூதுவர் ஜனாதிபதியுடன் சந்திப்பு",
    "content": "இலங்கைக்குப் புதிதாக நியமிக்கப்பட்ட மூன்று தூதுவர்கள், ஜனாதிபதி கோட்டாபய ராஜபக்ஷவிடம் தமது நற்சான்றுப் பத்திரங்களைக் கையளிக்கும் நிகழ்வு, நேற்று (25) பிற்பகல் ஜனாதிபதி மாளிகையில் இடம்பெற்றது.\nஐக்கிய அரபு இராச்சியம், அமெரிக்கா மற்றும் லிபியா ஆகிய நாடுகளுக்கான புதிய தூதுவர்களே இவ்வாறு நியமிக்கப்பட்டுள்ளனர்.\n1. இலங்கைக்கான ஐக்கிய அரபு இராச்சியத்தின் தூதுவர் - காலித் நசார் சுலைமான் அல் அமெரி (Khaled Nasser Sulaiman Al Ameri)\n2. இலங்கைக்கான அமெரிக்கத் தூதுவர் ஜூலி ஜியோன் சுங் (Julie Jiyoon Chung)\n3. இலங்கைக்கான லிபியாவின் தூதுவர் நாசர் அல்ஃபுர்ஜானி (Nasser Alfurjani)\nபிராந்திய ஒத்துழைப்பு இராஜாங்க அமைச்சர் தாரக்க பாலசூரிய, ஜனாதிபதியின் செயலாளர் காமினி செனரத் மற்றும் பிரதான கூட்டமைப்பு அதிகாரி செனரத் திஸாநாயக்க ஆகியோரும் இந்த நிகழ்வில் கலந்துகொண்டிருந்தனர்.",
    "url": "https://www.thinakaran.lk/2022/02/26/%E0%AE%89%E0%AE%B3%E0%AF%8D%E0%AE%A8%E0%AE%BE%E0%AE%9F%E0%AF%81/81470/%E0%AE%AA%E0%AF%81%E0%AE%A4%E0%AE%BF%E0%AE%AF-%E0%AE%85%E0%AE%AE%E0%AF%86%E0%AE%B0%E0%AE%BF%E0%AE%95%E0%AF%8D%E0%AE%95-%E0%AE%A4%E0%AF%82%E0%AE%A4%E0%AF%81%E0%AE%B5%E0%AE%B0%E0%AF%8D-%E0%AE%9C%E0%AE%A9%E0%AE%BE%E0%AE%A4%E0%AE%BF%E0%AE%AA%E0%AE%A4%E0%AE%BF%E0%AE%AF%E0%AF%81%E0%AE%9F%E0%AE%A9%E0%AF%8D-%E0%AE%9A%E0%AE%A8%E0%AF%8D%E0%AE%A4%E0%AE%BF%E0%AE%AA%E0%AF%8D%E0%AE%AA%E0%AF%81",
    "date": "26-02-2022",
    "category": "world"
}
