{
    "title": "உக்ரைனில் அதிகரிக்கும் வன்முறைகள்; இலங்கை அரசு ஆழ்ந்த கவலை",
    "content": "உக்ரைனில் அண்மைக்காலமாக அதிகரித்து வரும் வன்முறைகள் தொடர்பில் இலங்கை அரசாங்கம் ஆழ்ந்த கவலையடைந்துள்ளதாக வெளிநாட்டமைச்சு விடுத்துள்ள அறிக்கையில் தெரிவிக்கப்பட்டுள்ளது.\nபிராந்தியத்தில் அமைதி, பாதுகாப்பு மற்றும் ஸ்திரத்தன்மையைப் பேணுவதற்காக, அதிகபட்சமான கட்டுப்பாட்டைக் கடைப் பிடிக்குமாறும், பகைமையை உடனடியாக நிறுத்தப் பணியாற்றுமாறும் சம்பந்தப்பட்ட அனைத்து தரப்பினரையும் இலங்கை கேட்டுக்கொள்கின்றது.\nஇராஜதந்திரம் மற்றும் நேர்மையான உரையாடலின் மூலம் நெருக்கடியைத் தீர்த்துக் கொள்வதற்காக சம்பந்தப்பட்ட அனைத்து தரப்பினரும் ஒருங்கிணைந்து முயற்சிப்பது அவசியமென இலங்கை வலியுறுத்துவதாகவும் அந்த அறிக்கையில் தெரிவிக்கப்பட்டுள்ளது",
    "url": "https://www.thinakaran.lk/2022/02/26/%E0%AE%89%E0%AE%B3%E0%AF%8D%E0%AE%A8%E0%AE%BE%E0%AE%9F%E0%AF%81/81468/%E0%AE%89%E0%AE%95%E0%AF%8D%E0%AE%B0%E0%AF%88%E0%AE%A9%E0%AE%BF%E0%AE%B2%E0%AF%8D-%E0%AE%85%E0%AE%A4%E0%AE%BF%E0%AE%95%E0%AE%B0%E0%AE%BF%E0%AE%95%E0%AF%8D%E0%AE%95%E0%AF%81%E0%AE%AE%E0%AF%8D-%E0%AE%B5%E0%AE%A9%E0%AF%8D%E0%AE%AE%E0%AF%81%E0%AE%B1%E0%AF%88%E0%AE%95%E0%AE%B3%E0%AF%8D-%E0%AE%87%E0%AE%B2%E0%AE%99%E0%AF%8D%E0%AE%95%E0%AF%88-%E0%AE%85%E0%AE%B0%E0%AE%9A%E0%AF%81-%E0%AE%86%E0%AE%B4%E0%AF%8D%E0%AE%A8%E0%AF%8D%E0%AE%A4-%E0%AE%95%E0%AE%B5%E0%AE%B2%E0%AF%88",
    "date": "26-02-2022",
    "category": "world"
}
