{
    "title": "மேலும் 207 பேர் குணமடைந்தனர்",
    "content": "நாட்டில் மேலும் 207 பேர் கொரோனா வைரஸ் தொற்றில் இருந்து குணமடைந்துள்ளனர்.\nஇதன்படி குணமடைந்தவர்களின் மொத்த எண்ணிக்கை 06 லட்சத்து 07 ஆயிரத்து 326 ஆக அதிகரித்துள்ளது.\nதற்போது சிகிச்சை பெற்று வருவோரின் எண்ணிக்கை 14 ஆயிரத்து 693 ஆக உள்ளது.\nநாட்டில் மொத்தமாக கொரோனா தொற்றுக்குள்ளானவர்களின் எண்ணிக்கை 06 இலட்சத்து 38 ஆயிரத்து 043 ஆகும்.\nஇலங்கையில் இதுவரை 16 ஆயிரத்து 024 கொவிட் மரணங்கள் பதிவாகியுள்ளன.",
    "url": "https://www.tamilmirror.lk/%E0%AE%9A%E0%AF%86%E0%AE%AF%E0%AF%8D%E0%AE%A4%E0%AE%BF%E0%AE%95%E0%AE%B3%E0%AF%8D/%E0%AE%AE%E0%AE%B2%E0%AE%AE-207-%E0%AE%AA%E0%AE%B0-%E0%AE%95%E0%AE%A3%E0%AE%AE%E0%AE%9F%E0%AE%A8%E0%AE%A4%E0%AE%A9%E0%AE%B0/175-291694",
    "date": "2022-02-22",
    "category": "covid"
}