{
    "title": "எரிபொருள் இன்மையால் மின் நிலையங்கள் செயலிழப்பு",
    "content": "மின்சார சபை பேச்சாளர் அண்ட்ரூ நவமணி\nஎரிபொருள் இன்மையால், மின்னுற்பத்தி நிலையங்கள் தொடர்ந்தும் செயலிழந்த நிலையில் உள்ளன.\nகொழும்பு துறைமுக பத்தல மின்முனையம் உலை எண்ணெய் இன்மையால், இன்று (26) மதியத்துடன் செயலிழப்பதாக மின்சார சபை பேச்சாளர் அண்ட்ரூ நவமணி தெரிவித்துள்ளார். அதேநேரம், தற்போது 165 மெகாவொட் மின்சாரத்தை உற்பத்தி செய்யும் களனிதிஸ்ஸ ஒருங்கிணைந்த சுழற்சி மின்மையம் மற்றும் 115 மெகாவொட் மின்சாரத்தை உற்பத்தி செய்யும் களனிதிஸ்ஸ மின்னுற்பத்தி நிலையம் என்பன எரிபொருள் இன்மையால் செயலிழந்துள்ளன.\nஅத்துடன், மத்துகம மின்னுற்பத்தி நிலையம், துல்கிரிய மின்னுற்பத்தி நிலையம் மற்றும் கெரவலப்பிட்டி மேற்கு முனைய மின்னுற்பத்தி நிலையம் என்பனவும் எரிபொருள் இன்மையால் செயலிழந்துள்ளன. இன்று (26) மதியம் பத்தல மின்னுற்பத்தி நிலையமும் செயலிழக்கின்றமையால், மின்சார விநியோகத்திற்கு பாரிய பாதிப்பு ஏற்படுவதாக மின்சார சபை தெரிவித்துள்ளது. மின்சார சபைக்கு எரிபொருளை வழங்குவதாக சில அதிகாரிகள் அறிவிப்புக்களை வெளியிட்டுள்ள போதிலும், இதுவரையில் அவசியமான எரிபொருள் கிடைக்கப்பெறவில்லை என அந்த சபையின் பேச்சாளர் அண்ட்ரூ நவமணி தெரிவித்துள்ளார்.",
    "url": "http://www.thinakaran.lk/2022/02/26/%E0%AE%89%E0%AE%B3%E0%AF%8D%E0%AE%A8%E0%AE%BE%E0%AE%9F%E0%AF%81/81466/%E0%AE%8E%E0%AE%B0%E0%AE%BF%E0%AE%AA%E0%AF%8A%E0%AE%B0%E0%AF%81%E0%AE%B3%E0%AF%8D-%E0%AE%87%E0%AE%A9%E0%AF%8D%E0%AE%AE%E0%AF%88%E0%AE%AF%E0%AE%BE%E0%AE%B2%E0%AF%8D-%E0%AE%AE%E0%AE%BF%E0%AE%A9%E0%AF%8D-%E0%AE%A8%E0%AE%BF%E0%AE%B2%E0%AF%88%E0%AE%AF%E0%AE%99%E0%AF%8D%E0%AE%95%E0%AE%B3%E0%AF%8D-%E0%AE%9A%E0%AF%86%E0%AE%AF%E0%AE%B2%E0%AE%BF%E0%AE%B4%E0%AE%AA%E0%AF%8D%E0%AE%AA%E0%AF%81",
    "date": "26-02-2022",
    "category": "economic"
}
