{
    "title": "ஐ.நா. மனித உரிமைகள் பேரவை கூட்டத்தொடர் திங்கள் ஆரம்பம்",
    "content": "இலங்கை குறித்து 3ஆம் திகதி உரையாடல்\nஐ.நா. மனித உரிமைகள் பேரவையில் இலங்கை தொடர்பாக எதிர்வரும் மார்ச் மாதம் (03) உரையாடல் நடைபெறவுள்ளதாக வெளிவிவகார அமைச்சு அறிவித்துள்ளது.\nஐக்கிய நாடுகள் மனித உரிமைகள் பேரவையின் 49ஆவது அமர்வு இம்மாதம் (28) முதல் ஏப்ரல் முதலாம் திகதி வரை ஜெனிவாவில் நடைபெறவுள்ளது. இந்த அமர்வின்போது இலங்கை தொடர்பிலான புதுப்பிக்கப்பட்ட எழுத்து மூல சமர்ப்பணத்தை ஐ.நா. மனித உரிமைகள் ஆணையாளர் மிச்செல் பச்லெட் முன்வைக்கவுள்ளார்.\nஇந்நிலையில், இலங்கை தொடர்பான உரையாடல் எதிர்வரும் மார்ச் (03) இடம்பெறவுள்ளதாக வெளிவிவகார அமைச்சு அறிவித்துள்ளது.\nஇந்த கூட்டத்தொடரில் கலந்துகொள்வதற்காக வெளிவிவகார அமைச்சர் பேராசிரியர் ஜி.எல்.பீரிஸ் தலைமையிலான விஷேட பிரதிநிதிகள் குழு நேற்று ஜெனிவாவுக்கு சென்றுள்ளது.\nமேலும் இலங்கை தொடர்பான அறிக்கை ஏற்கனவே அரசாங்கத்துக்கு வழங்கப்பட்டுள்ளதுடன், இலங்கை சார்பில் வெளிவிவகார அமைச்சர் ஜி.எல். பீரிஸ் அதற்கு பதிலளித்து உரையாற்றவுள்ளார்.",
    "url": "http://www.thinakaran.lk/2022/02/26/%E0%AE%89%E0%AE%B3%E0%AF%8D%E0%AE%A8%E0%AE%BE%E0%AE%9F%E0%AF%81/81464/%E0%AE%90%E0%AE%A8%E0%AE%BE-%E0%AE%AE%E0%AE%A9%E0%AE%BF%E0%AE%A4-%E0%AE%89%E0%AE%B0%E0%AE%BF%E0%AE%AE%E0%AF%88%E0%AE%95%E0%AE%B3%E0%AF%8D-%E0%AE%AA%E0%AF%87%E0%AE%B0%E0%AE%B5%E0%AF%88-%E0%AE%95%E0%AF%82%E0%AE%9F%E0%AF%8D%E0%AE%9F%E0%AE%A4%E0%AF%8D%E0%AE%A4%E0%AF%8A%E0%AE%9F%E0%AE%B0%E0%AF%8D-%E0%AE%A4%E0%AE%BF%E0%AE%99%E0%AF%8D%E0%AE%95%E0%AE%B3%E0%AF%8D-%E0%AE%86%E0%AE%B0%E0%AE%AE%E0%AF%8D%E0%AE%AA%E0%AE%AE%E0%AF%8D",
    "date": "26-02-2022",
    "category": "political"
}
