{
    "title": "20 வருடங்களின் பின்னர் லண்டனில் சந்தேக நபர் கைது",
    "content": "யாழ்ப்பாணத்தில் 20 வருடங்களுக்கு முன்னர் சுட்டுக் கொல்லப்பட்ட பிரபல பத்திரிகையாளர் மயில்வாகனம் நிமலராஜன் கொலையுடன் சம்மந்தப்பட்ட சந்தேகநபர் லண்டனில் கைது செய்யப்பட்டுள்ளார்.\nபோர்க்குற்றங்கள் தொடர்பான விசாரணைக்கு பொறுப்பான பொலிஸார் கடந்த கிழமை நோர்தாம்ப்டன்ஷயாரில் உள்ள அவரின் வீட்டில் வைத்து, அவரைக்கைது செய்ததாக பெருநகர பொலிஸின் இணையத்தளத்தில் தெரிவிக்கப்பட்டுள்ளது. 48 வயதான சந்தேகநபர் சர்வதேச குற்றவியல் நீதிமன்ற சட்டம் 2001இன் பிரிவு 51கீழ், குற்றங்கள் புரிந்தாரென்ற சந்தேகத்தில் கைது செய்யப்பட்டு காவலில் வைக்கப்பட்டு, விசாரணைகளின் பின்னர் பிணையில் விடுவிக்கப்பட்டார்.\n2000ஆம் ஆண்டு படுகொலை செய்யப்பட்ட பத்திரிகையாளர் மயில்வாகனம் நிமலராஜன் கொலைச் சம்பவத்துடன் இந்நபர் தொடர்புடையவர். இந்த நடவடிக்கை குறித்து நிமலராஜனின் குடும்பத்தாருக்கு தெரிவிக்கப்பட்டுள்ளது. அத்துடன், அவர்களுக்கு சிறப்பு அதிகாரிகள் ஆதரவளித்து வருகின்றனர். விசாரணைகள் தொடர்கின்றன.\nவிசாரணைக்கு உதவக்கூடிய தகவல்களைப் பெறுவதற்கு அதிகாரிகள் ஆர்வமாக உள்ளனர் – குறிப்பாக இங்கிலாந்தில் புலம்பெயர்ந்து வசிக்கும் இலங்கை சமூகத்தவர்களிமிருந்து, இத்தகவலை எதிர்பார்ப்பதாக பெருநகர பொலிஸின் பயங்கரவாத எதிர்ப்பு நடவடிக்கைக்குப் பொறுப்பான தளபதி றிச்சர்ட் ஸ்மித் தெரிவித்துள்ளார்.",
    "url": "http://www.thinakaran.lk/2022/02/26/%E0%AE%89%E0%AE%B3%E0%AF%8D%E0%AE%A8%E0%AE%BE%E0%AE%9F%E0%AF%81/81462/20-%E0%AE%B5%E0%AE%B0%E0%AF%81%E0%AE%9F%E0%AE%99%E0%AF%8D%E0%AE%95%E0%AE%B3%E0%AE%BF%E0%AE%A9%E0%AF%8D-%E0%AE%AA%E0%AE%BF%E0%AE%A9%E0%AF%8D%E0%AE%A9%E0%AE%B0%E0%AF%8D-%E0%AE%B2%E0%AE%A3%E0%AF%8D%E0%AE%9F%E0%AE%A9%E0%AE%BF%E0%AE%B2%E0%AF%8D-%E0%AE%9A%E0%AE%A8%E0%AF%8D%E0%AE%A4%E0%AF%87%E0%AE%95-%E0%AE%A8%E0%AE%AA%E0%AE%B0%E0%AF%8D-%E0%AE%95%E0%AF%88%E0%AE%A4%E0%AF%81",
    "date": "26-02-2022",
    "category": "crime"
}
