{
    "title": "இளவாலையில் வீடுடைத்து தொடர் திருட்டில் ஈடுபட்டு வந்த சந்தேகத்தில் ஒருவர் கைது",
    "content": " திருடப்பட்ட பொருட்கள் விற்பனை, அடகு தொடர்பில் தந்தை, மகள் கைது\nயாழ்ப்பாணம், இளவாலை பொலிஸ் பிரிவுக்கு உட்பட்ட பகுதியில் உள்ள வீடுகளில் திருட்டு நடவடிக்கைகளில் ஈடுபட்டு வந்த ஒருவர் கைது செய்யப்பட்டுள்ள நிலையில் , அவருடன் இணைந்து திருட்டில் ஈடுபட்டு வந்த இரு சந்தேகநபர்களை பொலிஸார் கைது செய்வதற்காக தேடி வருகின்றனர்.\nஅதேவேளை குறித்த கும்பலால் திருடப்பட்ட நகைகளை அடகு வைத்தமை , விற்பனை செய்தமை ஆகிய குற்றங்களின் கீழ் தந்தையும் மகளும் கைது செய்யப்பட்டுள்ளனர்.\nஇளவாலை பொலிஸ் பிரிவுக்கு உட்பட்ட பகுதிகளில் கடந்த சில தினங்களாக பகல் வேளைகளில் , வீட்டில் இருந்தோர் வேலைக்கு செல்கிற சமயம் ஆட்கள் அற்ற வீடுகளை உடைத்து திருட்டு சம்பவங்கள் இடம்பெற்று வந்துள்ளன.\nகுறித்த திருட்டுச் சம்பவங்கள் தொடர்பில் இளவாலை பொலிஸ் நிலையத்தில் 7 முறைப்பாடுகள் பதியப்பட்டுள்ளன.\nஅது தொடர்பில் தீவிர விசாரணைகளில் இறங்கிய பொலிஸார் காங்கேசன்துறை வறுத்தலைவிளான் பகுதியை சேர்ந்த 23 வயதுடைய இளைஞனை கைது செய்து விசாரணைகளை முன்னெடுத்தனர்.\nஅதன் அடிப்படையில் ,திருட்டு நகைகளை வாங்கி அடகு வைத்தமை , விற்பனை செய்தமை ஆகிய குற்றச்சாட்டில் தந்தையையும் மகளையும் பொலிஸார் கைது செய்துள்ளனர்.\nகைது செய்யப்பட்ட மூவரிடமும் மேற்கொள்ளப்பட்ட விசாரணைகளின் அடிப்படையில் அவர்களிடம் இருந்து 3 பவுண் நகையை பொலிஸார் மீட்டுள்ளனர்.\nஅதேவேளை குறித்த திருட்டுச் சம்பவங்களுடன் தொடர்புடைய மேலும் இரண்டு இளைஞர்கள் தலைமறைவாகியுள்ளதாகவும் , அவர்களை கைது செய்வதற்கான நடவடிக்கைகளை முன்னெடுத்து உள்ளதாகவும் பொலிஸார் தெரிவித்தனர்.",
    "url": "https://www.thinakaran.lk/2022/02/26/%E0%AE%95%E0%AF%81%E0%AE%B1%E0%AF%8D%E0%AE%B1%E0%AE%AE%E0%AF%8D/81474/%E0%AE%87%E0%AE%B3%E0%AE%B5%E0%AE%BE%E0%AE%B2%E0%AF%88%E0%AE%AF%E0%AE%BF%E0%AE%B2%E0%AF%8D-%E0%AE%B5%E0%AF%80%E0%AE%9F%E0%AF%81%E0%AE%9F%E0%AF%88%E0%AE%A4%E0%AF%8D%E0%AE%A4%E0%AF%81-%E0%AE%A4%E0%AF%8A%E0%AE%9F%E0%AE%B0%E0%AF%8D-%E0%AE%A4%E0%AE%BF%E0%AE%B0%E0%AF%81%E0%AE%9F%E0%AF%8D%E0%AE%9F%E0%AE%BF%E0%AE%B2%E0%AF%8D-%E0%AE%88%E0%AE%9F%E0%AF%81%E0%AE%AA%E0%AE%9F%E0%AF%8D%E0%AE%9F%E0%AF%81-%E0%AE%B5%E0%AE%A8%E0%AF%8D%E0%AE%A4-%E0%AE%9A%E0%AE%A8%E0%AF%8D%E0%AE%A4%E0%AF%87%E0%AE%95%E0%AE%A4%E0%AF%8D%E0%AE%A4%E0%AE%BF%E0%AE%B2%E0%AF%8D-%E0%AE%92%E0%AE%B0%E0%AF%81%E0%AE%B5%E0%AE%B0%E0%AF%8D",
    "date": "26-02-2022",
    "category": "crime"
}
