{
    "title": "சைக்கிளோட்ட வீரர் பொத்துவில் சுல்பிகாருக்கு சாய்ந்தமருது அல் - ஹிலால் வித்தியாலய கல்வி சமூகம் வரவேற்பு",
    "content": "இனங்களுக்கிடையில் இன ஐக்கியத்தை வலியுறுத்தி நாடு தழுவிய தனி நபர் சைக்கிளோட்டம்\nஅண்மையில் சுதந்திர சதுக்கத்தில் ஆரம்பிக்கப்பட்டது.\n74வ‌து சுத‌ந்திர‌ தின‌த்தை முன்னிட்டு இன‌ங்க‌ளுக்கிடையில் ஐக்கிய‌த்தை வ‌லியுறுத்தி நாடு முழுவ‌தும் த‌னிந‌ப‌ராக‌ 1407 கிலோமீற்றர் சைக்கிள் சவாரியை பொத்துவிலை சேர்ந்த‌ சுல்பிகார் ச‌ர்வ‌ம‌த‌ த‌லைவ‌ர்க‌ளின் ஆசீர்வாத‌த்துட‌ன் ஆர‌ம்பித்தார்.\nஇந்த‌ சைக்கிள் சவாரி கொழும்பிலிருந்து யாழ்ப்பாண‌ம், கிளிநொச்சி, திருகோண‌ம‌லை, க‌ல்முனை, பொத்துவில், ஹ‌ம்பாந்தோட்டை ஊடாக‌ கொழும்பை வ‌ந்த‌டையுள்ளது.\nபுதன்கிழமை மாலை சாய்ந்தமருதை சென்றடைந்த வேளையிலேயே இந்த நிகழ்வின் இடம்பெற்றது. இந்நிகழ்வில் கல்முனை வலய கல்விப்பணிப்பாளர் எஸ்.புவனேந்திரன் , சாய்ந்தமருது கோட்ட கல்விப்பணிப்பாளர் என்.எம்.ஏ.மலீக் , அல் ஹிலால் அதிபர் யு.எல்.நஸார் உட்ப‌ட‌ ப‌லரும் க‌ல‌ந்து சிற‌ப்பித்த‌ன‌ர்.",
    "url": "https://www.thinakaran.lk/2022/02/26/%E0%AE%B5%E0%AE%BF%E0%AE%B3%E0%AF%88%E0%AE%AF%E0%AE%BE%E0%AE%9F%E0%AF%8D%E0%AE%9F%E0%AF%81/81438/%E0%AE%9A%E0%AF%88%E0%AE%95%E0%AF%8D%E0%AE%95%E0%AE%BF%E0%AE%B3%E0%AF%8B%E0%AE%9F%E0%AF%8D%E0%AE%9F-%E0%AE%B5%E0%AF%80%E0%AE%B0%E0%AE%B0%E0%AF%8D-%E0%AE%AA%E0%AF%8A%E0%AE%A4%E0%AF%8D%E0%AE%A4%E0%AF%81%E0%AE%B5%E0%AE%BF%E0%AE%B2%E0%AF%8D-%E0%AE%9A%E0%AF%81%E0%AE%B2%E0%AF%8D%E0%AE%AA%E0%AE%BF%E0%AE%95%E0%AE%BE%E0%AE%B0%E0%AF%81%E0%AE%95%E0%AF%8D%E0%AE%95%E0%AF%81-%E0%AE%9A%E0%AE%BE%E0%AE%AF%E0%AF%8D%E0%AE%A8%E0%AF%8D%E0%AE%A4%E0%AE%AE%E0%AE%B0%E0%AF%81%E0%AE%A4%E0%AF%81-%E0%AE%85%E0%AE%B2%E0%AF%8D-%E0%AE%B9%E0%AE%BF%E0%AE%B2%E0%AE%BE%E0%AE%B2%E0%AF%8D",
    "date": "26-02-2022",
    "category": "sports"
}
