{
    "title": "தமிழ் அரசியல் கட்சிகள் புரிந்து கொள்ள வேண்டிய யதார்த்தம்!",
    "content": "இந்தியப் பிரதமர் நரேந்திர மோடி இலங்கைக்கு வருகை தரவிருப்பதனால் அவருடனான சந்திப்பொன்றுக்கு ஏற்பாடு செய்யும் முயற்சிகளில் தமிழ் தேசியக் கூட்டமைப்பினர் ஈடுபட்டிருப்பதாக செய்திகள் வெளியாகி உள்ளன. இந்தியப் பிரதமருடனான சந்திப்பொன்றை ஏற்பாடு செய்து கொள்வதில் கொழும்பில் உள்ள இந்தியத் தூதரகம் ஊடாகவே தமிழ்...",
    "url": "https://www.thinakaran.lk/editorial",
    "date": "26-02-2022",
    "category": "general"
}