{
    "title": "போலி PCR அறிக்கையை தயாரித்த மூவர் கைது",
    "content": "வௌிநாடுகளுக்கு செல்வோருக்காக போலி PCR அறிக்கைகளை தயாரித்த மூவர்  குற்றப்புலனாய்வு திணைக்களத்தினரால் கைது செய்யப்பட்டுள்ளனர்.\n வௌிநாடுகளுக்கு செல்வோருக்காக போலி PCR அறிக்கைகளை தயாரித்த மூவர்  குற்றப்புலனாய்வு திணைக்களத்தினரால் கைது செய்யப்பட்டுள்ளனர்.\n தனியார் வைத்தியசாலையொன்றின் பெயரைப் பயன்படுத்தி சந்தேகநபர்கள் போலியாக PCR அறிக்கைகளை தயாரித்துள்ளமை விசாரணைகளில் தெரியவந்துள்ளது.\n சம்பவம் தொடர்பில் விரிவான விசாரணைகள் முன்னெடுக்கப்பட்டு வருகின்றன.",
    "url": "https://www.tamilmirror.lk/%E0%AE%9A%E0%AF%86%E0%AE%AF%E0%AF%8D%E0%AE%A4%E0%AE%BF%E0%AE%95%E0%AE%B3%E0%AF%8D/%E0%AE%AA%E0%AE%B2-PCR-%E0%AE%85%E0%AE%B1%E0%AE%95%E0%AE%95%E0%AE%AF-%E0%AE%A4%E0%AE%AF%E0%AE%B0%E0%AE%A4%E0%AE%A4-%E0%AE%AE%E0%AE%B5%E0%AE%B0-%E0%AE%95%E0%AE%A4/175-291689",
    "date": "2022-02-22",
    "category": "covid, health"
}