{
    "title": "GST குறித்த வியாக்கியானத்தை அறிவித்தார் சபாநாயகர்",
    "content": "விசேட பண்டங்கள் மற்றும் சேவைகள் வரி” GST தொடர்பில் உயர்நீதிமன்றத்தில் தாக்கல் செய்யப்பட்ட மனுக்கள் தொடர்பிலான உயர் நீதிமன்றத்தின் வியாக்கியானம், சபாநாயகருக்கு அனுப்பிவைக்கப்பட்டுள்ளது.\n அதனை சபாநாயகர் மஹிந்த யாப்பா அபேவர்தன இன்று (22) அறிவித்தார்.\n அதில், பெருபாலான உறுப்புரைகள் அரசியலமைப்பின் சில ஷரத்துக்களுக்கு ஒவ்வாதவனாகின்றன என்றும் குறிப்பிடப்பட்டுள்ளது.",
    "url": "https://www.tamilmirror.lk/%E0%AE%9A%E0%AF%86%E0%AE%AF%E0%AF%8D%E0%AE%A4%E0%AE%BF%E0%AE%95%E0%AE%B3%E0%AF%8D/GST-%E0%AE%95%E0%AE%B1%E0%AE%A4%E0%AE%A4-%E0%AE%B5%E0%AE%AF%E0%AE%95%E0%AE%95%E0%AE%AF%E0%AE%A9%E0%AE%A4%E0%AE%A4-%E0%AE%85%E0%AE%B1%E0%AE%B5%E0%AE%A4%E0%AE%A4%E0%AE%B0-%E0%AE%9A%E0%AE%AA%E0%AE%A8%E0%AE%AF%E0%AE%95%E0%AE%B0/175-291687",
    "date": "2022-02-22",
    "category": "economic, legal"
}