{
    "title": "பஸ் - லொறி விபத்து; 8 பேர் வைத்தியசாலையில் அனுமதி",
    "content": "கொழும்பில் இருந்து திருகோணமலை நோக்கி வந்து கொண்டிருந்த சொகுசு பஸ்ஸொன்று லொறியுடன் மோதி விபத்துக்குள்ளானதில் பஸ்ஸில் பயணித்த 8 பேர் படுகாயமடைந்த நிலையில் தம்புள்ளை வைத்தியசாலையில் அனுமதிக்கப்பட்டுள்ளனர்.\nபஸ் - லொறி விபத்து; 8 பேர் வைத்தியசாலையில் அனுமதி-Colombo-Trincomalee Bus Acvident\nஇவ்விபத்து இன்று (26) அதிகாலை இடம்பெற்றுள்ளது.\nகொழும்பிலிருந்து வந்து கொண்டிருந்த சொகுசு பஸ் கலேவல பொலிஸ் பிரிவுக்குட்பட்ட பகுதியில் லொறியுடன் மோதி விபத்துக்குள்ளானதாகவும் இதில் காயமடைந்த 8 பேர் தம்புள்ளை வைத்தியசாலையில் சிகிச்சை பெற்று வருவதாகவும் பொலிஸார் தெரிவித்தனர்.\nஇவ்விபத்து தொடர்பிலான விசாரணைகளை கலேவல பொலிஸார் மேற்கொண்டு வருகின்றனர்.",
    "url": "https://www.thinakaran.lk/2022/02/26/%E0%AE%95%E0%AF%81%E0%AE%B1%E0%AF%8D%E0%AE%B1%E0%AE%AE%E0%AF%8D/81472/%E0%AE%AA%E0%AE%B8%E0%AF%8D-%E0%AE%B2%E0%AF%8A%E0%AE%B1%E0%AE%BF-%E0%AE%B5%E0%AE%BF%E0%AE%AA%E0%AE%A4%E0%AF%8D%E0%AE%A4%E0%AF%81-8-%E0%AE%AA%E0%AF%87%E0%AE%B0%E0%AF%8D-%E0%AE%B5%E0%AF%88%E0%AE%A4%E0%AF%8D%E0%AE%A4%E0%AE%BF%E0%AE%AF%E0%AE%9A%E0%AE%BE%E0%AE%B2%E0%AF%88%E0%AE%AF%E0%AE%BF%E0%AE%B2%E0%AF%8D-%E0%AE%85%E0%AE%A9%E0%AF%81%E0%AE%AE%E0%AE%A4%E0%AE%BF",
    "date": "26-02-2022",
    "category": "crime"
}
