{
    "title": "உக்ரைன் அகதிகளை ஏற்க அண்டைய நாடுகள் தயார்",
    "content": "ரஷ்யாவின் படையெடுப்பு காரணமாக உக்ரைனில் இருந்து வெளியேறும் அகதிகளை எதிர்கொள்ள உக்ரைனின் அண்டை நாடுகள் தயாராகியுள்ளன.ரஷ்யாவின் வான் தாக்குதல்கள் தொடரும் நிலையில் தலைநகர் கீவ்வில் இருக்கும் மக்கள் கிராமப்பகுதி அல்லது ஐரோப்பிய ஒன்றிய எல்லைகளை நோக்கி வெளியேறி வருகின்றனர்.சில நகரங்களில் வாகன நெரிசல்...",
    "url": "https://www.thinakaran.lk/2022/02/26/%E0%AE%B5%E0%AF%86%E0%AE%B3%E0%AE%BF%E0%AE%A8%E0%AE%BE%E0%AE%9F%E0%AF%81/81455/%E0%AE%89%E0%AE%95%E0%AF%8D%E0%AE%B0%E0%AF%88%E0%AE%A9%E0%AF%8D-%E0%AE%85%E0%AE%95%E0%AE%A4%E0%AE%BF%E0%AE%95%E0%AE%B3%E0%AF%88-%E0%AE%8F%E0%AE%B1%E0%AF%8D%E0%AE%95-%E0%AE%85%E0%AE%A3%E0%AF%8D%E0%AE%9F%E0%AF%88%E0%AE%AF-%E0%AE%A8%E0%AE%BE%E0%AE%9F%E0%AF%81%E0%AE%95%E0%AE%B3%E0%AF%8D-%E0%AE%A4%E0%AE%AF%E0%AE%BE%E0%AE%B0%E0%AF%8D",
    "date": "26-02-2022",
    "category": "world"
}
