{
    "title": "ஹொக்கி லயன்ஸ் கழகத்திற்கு புதியசீருடை அறிமுகம்",
    "content": "காரைதீவு ஹொக்கி லயன்ஸ் கழகத்திற்கு புதிய சீருடையை அருளானந்தம் சமூக அறக்கட்டளை நிதியம் (அஸ்கோ) வழங்கியுள்ளது.\nஹொக்கி லயன்ஸ் கழகத்திற்கு எதிர்வரும் காலங்களில் அஸ்கோ எனப்படும் அருளானந்தம் சமூக அறக்கட்டளை நிதியம் அனுசரணை வழங்க விருக்கிறது.\nசீருடை அறிமுக நிகழ்வு காரைதீவு விபுலானந்த விளையாட்டு மைதானத்தில் கழக தலைவர் த.லவன் தலைமையில் நடைபெற்றது. இந்நிகழ்வில் கழக ஆலோசகர் தி. உமா சங்கரன் மற்றும் அஸ்கோ அமைப்பின் சார்பில் அதன் பிரதிகளான எஸ். நந்தகுமார் எம். சுந்தரராஜன் கே. லோகேந்திரராஜா மற்றும் விளையாட்டு உத்தியோகத்தர்களான எல். சுலக்சன், வி.பாஸ்கரன் ஆகியோரும் கலந்து கொண்டார்கள்.\nஇந்நிகழ்வில் அஸ்கோ அனுசரணையுடன் புதிய சீருடை வெளியிட்டு வைக்கப்பட்டது.\n(காரைதீவு குறூப் நிருபர் )",
    "url": "https://www.thinakaran.lk/2022/02/27/%E0%AE%B5%E0%AE%BF%E0%AE%B3%E0%AF%88%E0%AE%AF%E0%AE%BE%E0%AE%9F%E0%AF%8D%E0%AE%9F%E0%AF%81/81436/%E0%AE%B9%E0%AF%8A%E0%AE%95%E0%AF%8D%E0%AE%95%E0%AE%BF-%E0%AE%B2%E0%AE%AF%E0%AE%A9%E0%AF%8D%E0%AE%B8%E0%AF%8D-%E0%AE%95%E0%AE%B4%E0%AE%95%E0%AE%A4%E0%AF%8D%E0%AE%A4%E0%AE%BF%E0%AE%B1%E0%AF%8D%E0%AE%95%E0%AF%81-%E0%AE%AA%E0%AF%81%E0%AE%A4%E0%AE%BF%E0%AE%AF%E0%AE%9A%E0%AF%80%E0%AE%B0%E0%AF%81%E0%AE%9F%E0%AF%88-%E0%AE%85%E0%AE%B1%E0%AE%BF%E0%AE%AE%E0%AF%81%E0%AE%95%E0%AE%AE%E0%AF%8D",
    "date": "27-02-2022",
    "category": "sports"
}