{
    "title": "நாட்டிலேயே தங்கி இருக்க உக்ரைன் ஜனாதிபதி முடிவு",
    "content": "உக்ரைன் ஜனாதிபதி வொலோடிமிர் செலென்ஸ்கி தொடர்ந்து நாட்டிலேயே தங்கியிருக்க விருப்பம் தெரிவித்துள்ளார்.\nஅவரும் அவரது குடும்பத்தினரும் ரஷ்யப் படையினரின் முதன்மையான இலக்காக இருக்கும்போதும் செலென்ஸ்கி அவ்வாறு கூறியுள்ளார்.\nநாட்டு மக்களுக்கு உரையாற்றிய அவர் வெளிநாட்டுத் தலைவர்களின் ஆதரவுக்கு நன்றி தெரிவித்தார். ஆனால் நேட்டோவின் செயல்பாடு ஏமாற்றமளிப்பதாகத் செலென்ஸ்கி கூறினார். \nபாதுகாப்புக் கூட்டணியினர் உக்ரைனுக்குள் வந்து உதவ வேண்டும் என்று அவர் கேட்டுக் கொண்டார். ஆனால் எவரும் அவ்வாறு உதவ முன்வருவதைப் பார்க்க முடியவில்லை என்று செலென்ஸ்கி கூறினார்.\nசண்டையிடுவதற்காக உக்ரைனுக்குப் படையினரை அனுப்பப் போவதில்லை என்று நேட்டோ திரும்பத் திரும்பக் கூறிவந்தது. கூட்டணி வசமுள்ள கிழக்குப் பகுதிக்குக் கூடுதல் படையினரை அனுப்பிவைக்கப் போவதாக மட்டும் அமெரிக்கா கூறியிருந்தது.",
    "url": "https://www.thinakaran.lk/2022/02/27/%E0%AE%B5%E0%AF%86%E0%AE%B3%E0%AE%BF%E0%AE%A8%E0%AE%BE%E0%AE%9F%E0%AF%81/81454/%E0%AE%A8%E0%AE%BE%E0%AE%9F%E0%AF%8D%E0%AE%9F%E0%AE%BF%E0%AE%B2%E0%AF%87%E0%AE%AF%E0%AF%87-%E0%AE%A4%E0%AE%99%E0%AF%8D%E0%AE%95%E0%AE%BF-%E0%AE%87%E0%AE%B0%E0%AF%81%E0%AE%95%E0%AF%8D%E0%AE%95-%E0%AE%89%E0%AE%95%E0%AF%8D%E0%AE%B0%E0%AF%88%E0%AE%A9%E0%AF%8D-%E0%AE%9C%E0%AE%A9%E0%AE%BE%E0%AE%A4%E0%AE%BF%E0%AE%AA%E0%AE%A4%E0%AE%BF-%E0%AE%AE%E0%AF%81%E0%AE%9F%E0%AE%BF%E0%AE%B5%E0%AF%81",
    "date": "27-02-2022",
    "category": "world,political"
}