{
    "title": "பெப்ரவரி 28 மின்வெட்டு: ABC: 4 மணித் 40 நிமிடங்கள்; PQRSTUVW: 5 மணித் 15 நிமிடங்கள்",
    "content": "நாளையதினம் (28) மின்வெட்டு அமுல்படுத்துவது தொடர்பான அட்டவணையை இலங்கை பொதுப் பயன்பாடுகள் ஆணைக்குழு வெளியிட்டுள்ளது.\nநாட்டை 11 வலயங்களாக பிரித்து ஒவ்வொரு வலயத்திலும் உள்ள பிரதேசங்களில் இரண்டு கட்டங்களில் இவ்வாறு மின்வெட்டு அமுல்படுத்தப்படவுள்ளதாக அறிவிக்கப்பட்டுள்ளது.\nபோதிய எரிபொருள் இன்மை காரணமாக இலங்கை மின்சார சபை விடுத்த வேண்டுகோளுக்கிணங்க குறித்த அனுமதி வழங்கப்பட்டுள்ளதாக, ஆணைக்குழு (PUCSL) தெரிவித்துள்ளது.\nஅதற்கமைய A,B,C பிரிவுகளில் உள்ள பிரதேசங்களுக்கு 4 மணி நேரம் 40 நிமிடங்கள் மின்வெட்டு அமுல்படுத்தப்படவுள்ளது.\nஏனைய (P,Q,R,S,T,U,V,W) பிரிவுகளில் உள்ள பிரதேசங்களுக்கு 5 மணி நேரம் 15 நிமிடங்கள் மின்வெட்டு அமுல்படுத்தப்படவுள்ளது.",
    "url": "https://www.thinakaran.lk/2022/02/27/%E0%AE%89%E0%AE%B3%E0%AF%8D%E0%AE%A8%E0%AE%BE%E0%AE%9F%E0%AF%81/81483/%E0%AE%AA%E0%AF%86%E0%AE%AA%E0%AF%8D%E0%AE%B0%E0%AE%B5%E0%AE%B0%E0%AE%BF-28-%E0%AE%AE%E0%AE%BF%E0%AE%A9%E0%AF%8D%E0%AE%B5%E0%AF%86%E0%AE%9F%E0%AF%8D%E0%AE%9F%E0%AF%81-abc-4-%E0%AE%AE%E0%AE%A3%E0%AE%BF%E0%AE%A4%E0%AF%8D-40-%E0%AE%A8%E0%AE%BF%E0%AE%AE%E0%AE%BF%E0%AE%9F%E0%AE%99%E0%AF%8D%E0%AE%95%E0%AE%B3%E0%AF%8D-pqrstuvw-5-%E0%AE%AE%E0%AE%A3%E0%AE%BF%E0%AE%A4%E0%AF%8D-15-1",
    "date": "27-02-2022",
    "category": "general"
}