{
    "title": "கொழும்பு ஜம்பட்டா வீதியிலுள்ள களஞ்சியசாலையில் தீ",
    "content": "கொழும்பு 13, ஜம்பட்டா வீதி பகுதியில் உள்ள களஞ்சியசாலை ஒன்றில் தீ பரவியுள்ளது.\nகுறித்த தீயை கட்டுப்பாட்டுக்குள் கொண்டுவர 10 இற்கும் அதிக தீயணைப்பு வாகனங்கள் பணியில் ஈடுபடுத்தப்பட்டுள்ளதாக கொழும்பு தீயணைப்பு திணைக்களம் அறிவித்துள்ளது.",
    "url": "https://www.thinakaran.lk/2022/02/27/%E0%AE%89%E0%AE%B3%E0%AF%8D%E0%AE%A8%E0%AE%BE%E0%AE%9F%E0%AF%81/81482/%E0%AE%95%E0%AF%8A%E0%AE%B4%E0%AF%81%E0%AE%AE%E0%AF%8D%E0%AE%AA%E0%AF%81-%E0%AE%9C%E0%AE%AE%E0%AF%8D%E0%AE%AA%E0%AE%9F%E0%AF%8D%E0%AE%9F%E0%AE%BE-%E0%AE%B5%E0%AF%80%E0%AE%A4%E0%AE%BF%E0%AE%AF%E0%AE%BF%E0%AE%B2%E0%AF%81%E0%AE%B3%E0%AF%8D%E0%AE%B3-%E0%AE%95%E0%AE%B3%E0%AE%9E%E0%AF%8D%E0%AE%9A%E0%AE%BF%E0%AE%AF%E0%AE%9A%E0%AE%BE%E0%AE%B2%E0%AF%88%E0%AE%AF%E0%AE%BF%E0%AE%B2%E0%AF%8D-%E0%AE%A4%E0%AF%80",
    "date": "27-02-2022",
    "category": "general"
}