{
    "title": "ஒரு மாகாணத்திற்கு மாத்திரம் மட்டுப்படுத்தப்படாது முழு இலங்கையும் சமமாக அபிவிருத்தியடையும்-Kirama Katuwana Water Supply Project Handing over to the Public",
    "content": "இவ்வாறானதொரு யுகம் இதற்கு முன்னர் காணப்படவில்லைஒரு பிரதேசத்திற்கோ மாகாணத்திற்கோ மாத்திரம் மட்டுப்படுத்தப்படாது முழு இலங்கையும் சமமாக அபிவிருத்தியடையும் இவ்வாறானதொரு யுகம் இதற்கு முன்னர் காணப்படவில்லை என பிரதமர் மஹிந்த ராஜபக்ஷ நேற்று (26) பிற்பகல் தெரிவித்தார்.கிரம - கட்டுவன ஒருங்கிணைந்த நீர்",
    "url": "https://www.thinakaran.lk/news",
    "date": "27-02-2022",
    "category": "political"
}