{
    "title": "AFC ஆசிய கிண்ண இறுதி தகுதிகாண் சுற்று; இலங்கை அணி C குழுவில்",
    "content": "எதிர்வரும் 2023ஆம் ஆண்டு சீனாவில் இடம்பெறவுள்ள ஏஎப்சி ஆசிய கிண்ண கால்பந்து சம்பியன்ஷிப்பிற்குரிய, தகுதிகாண் தொடரின் இறுதிச் சுற்றுக்குரிய அணிகள் நிரல்படுத்தல் மலேஷியாவின் கோலாலம்பூர் நகரில் இடம்பெற்றிருக்கின்றது.மொத்தம் 24 நாடுகளின் கால்பந்து அணிகள் பங்கெடுக்கும் இந்த தகுதிகாண் தொடரின் இறுதிச்...",
    "url": "https://www.thinakaran.lk/sport",
    "date": "27-02-2022",
    "category": "sports"
}