{
  "title": "கொழும்பின் சில பகுதிகளில் நீர்வெட்டு",
  "content": "கொழும்பின் சில பகுதிகளில் இன்றும் (18) நாளையும் (19) நீர்வெட்டு அமுல்படுத்தப்பட்டுள்ளது.இன்று முற்பகல் 10 மணி தொடக்கம் நாளை இரவு 10 மணி வரை 36 மணித்தியாலங்கள் நீர்வெட்டு அமுல்படுத்தப்பட்டுள்ளதாக தேசிய நீர்வழங்கல் வடிகாலமைப்பு சபை தெரிவித்தது.
கொழும்பு- 01, 07, 09, 10 மற்றும் 12 ஆகிய பகுதிகளில் நீர்வெட்டு அமுல்படுத்தப்பட்டுள்ளது.இதனை தவிர கொழும்பு 08 மற்றும் 11 ஆகிய பகுதிகளில் குறைந்த அழுத்தத்தில் நீர் விநியோகம் முன்னெடுக்கப்படும் என அறிவிக்கப்பட்டுள்ளது.
கொழும்பிற்கு நீரை விநியோகிக்கும் பிரதான கட்டமைப்பில் ஏற்பட்டுள்ள திடீர் கோளாறு காரணமாக நீர்வெட்டு அமுல்படுத்தப்பட்டுள்ளதாக தேசிய நீர்வழங்கல் வடிகாலமைப்பு சபை தெரிவித்துள்ளது.",
  "url": "https://www.newsfirst.lk/tamil/2022/02/18/%e0%ae%95%e0%af%8a%e0%ae%b4%e0%af%81%e0%ae%ae%e0%af%8d%e0%ae%aa%e0%ae%bf%e0%ae%a9%e0%af%8d-%e0%ae%9a%e0%ae%bf%e0%ae%b2-%e0%ae%aa%e0%ae%95%e0%af%81%e0%ae%a4%e0%ae%bf%e0%ae%95%e0%ae%b3%e0%ae%bf-48/",
  "date": "2022-02-18",
  "category": "general"
}