{
  "title": "மலையக மக்களின் அரசியல் ஆவணம் 21 ஆம் திகதி இறுதி வடிவம் பெறும்: மனோ கணேசன் அறிக்கை",
  "content": "இந்திய வம்சாவளி மலையக மக்களின் அரசியல் ஆவணம் எதிர்வரும் 21 ஆம் திகதி கொழும்பில் இறுதி வடிவம் பெறும் என தமிழ் முற்போக்கு கூட்டணியின் தலைவர், பாராளுமன்ற உறுப்பினர் மனோ கணேசன் தெரிவித்துள்ளார்.
இந்த விடயம் தொடர்பில் பாராளுமன்ற உறுப்பினர் மனோ கணேசன் அறிக்கை ஒன்றை வௌியிட்டுள்ளார். கண்டி சமூக அபிவிருத்தி மன்றம், சமூக செயற்பாட்டாளர் கௌதமன் பாலச்சந்திரனின் ஏற்பாட்டில் இந்திய வம்சாவளி மலையக மக்களின் அரசியல் ஆவணம் தயாரிக்கப்பட்டு வருவதாக அந்த அறிக்கையில் குறிப்பிடப்பட்டுள்ளது.
ஜனாதிபதி கோட்டாபய ராஜபக்ஸ, இந்திய பிரதமர் நரேந்திர மோடி, இலங்கையின் எதிர்க்கட்சித் தலைவர் சஜித் பிரேமதாச உள்ளிட்ட கட்சித் தலைவர்கள், தமிழக முதல்வர் மு.க.ஸ்டாலின், தமிழகக் கட்சிகளின் தலைவர்கள், பிரிட்டன், அமெரிக்கா, ஐரோப்பிய ஒன்றியம் உள்ளிட்ட சர்வதேச நாட்டு அரசுகள், சர்வதேச நிறுவனங்களுக்கும் இந்த ஆவணத்தை சமர்ப்பிக்க தீர்மானிக்கப்பட்டுள்ளது.",
  "url": "https://www.newsfirst.lk/tamil/2022/02/18/%e0%ae%ae%e0%ae%b2%e0%af%88%e0%ae%af%e0%ae%95-%e0%ae%ae%e0%ae%95%e0%af%8d%e0%ae%95%e0%ae%b3%e0%ae%bf%e0%ae%a9%e0%af%8d-%e0%ae%85%e0%ae%b0%e0%ae%9a%e0%ae%bf%e0%ae%af%e0%ae%b2%e0%af%8d-%e0%ae%86/",
  "date": "2022-02-18",
  "category": "legal,political"
}