{
  "title": "இலங்கைக்கு கடத்தப்படவிருந்த 250 கிலோகிராம் கஞ்சாவுடன் தமிழகத்தில் 14 பேர் கைது",
  "content": "இந்தியாவின் ஆந்திர மாநிலத்திலிருந்து தமிழகம் வழியாக இலங்கைக்கு கடத்தப்படவிருந்த 250 கிலோகிராம் கஞ்சாவுடன் 14 பேர் கைது செய்யப்பட்டுள்ளனர்.ஆந்திரா – விசாகப்பட்டினத்தில் இருந்து தமிழகம் வழியாக இலங்கைக்கு கஞ்சா கடத்தப்படுவதாக பொலிஸாருக்கு இரகசிய தகவல் கிடைத்தது.
அதனடிப்படையில், தஞ்சை பொலிஸாரின் தீவிர கண்காணிப்பு பணியின்போது திருச்சியிலிருந்து தஞ்சை நோக்கி வந்த லொரியை நிறுத்தி சோதனை மேற்கொண்டுள்ளனர்.இதன்போது சுமார் 60 இலட்சம் ரூபா இந்திய பெறுமதி மிக்க 250 கிலோகிராம் கஞ்சாவுடன் இருவர் கைது செய்யப்பட்டுள்ளனர்.
சந்தேகநபர்களிடம் மேற்கொள்ளப்பட்ட விசாரணைகளையடுத்து, இந்த கடத்தலுடன் தொடர்புடைய மேலும் 12 பேர் கைது செய்யப்பட்டதுடன், 3 கார்களும் மோட்டார் சைக்கிளொன்றும் கைப்பற்றப்பட்டுள்ளது.
மேலதிக விசாரணைகளை தஞ்சை பொலிஸார் மேற்கொண்டு வருகின்றனர்.",
  "url": "https://www.newsfirst.lk/tamil/2022/02/17/%e0%ae%87%e0%ae%b2%e0%ae%99%e0%af%8d%e0%ae%95%e0%af%88%e0%ae%95%e0%af%8d%e0%ae%95%e0%af%81-%e0%ae%95%e0%ae%9f%e0%ae%a4%e0%af%8d%e0%ae%a4%e0%ae%aa%e0%af%8d%e0%ae%aa%e0%ae%9f%e0%ae%b5%e0%ae%bf-12/",
  "date": "2022-02-17",
  "category": "crime"
}