{
  "title": "Omicron Variant detected in almost 99% of Sri Lankan COVID cases",
  "content": "Sri Lanka’s health ministry had warned that approximately 99% of the COVID-19 cases reported at present, are those who are infected with the Omicron variant.Earlier, the University of Sri Jayawardenapura also reported that the Omicron variant is the dominant variant in Sri Lanka.The Health Ministry also told News 1st that the Sri Lankan hospitals posses the required number of beds for COVID-19 patients.",
  "url": "https://www.newsfirst.lk/2022/02/13/omicron-variant-detected-in-almost-99-of-sri-lankan-covid-cases/",
  "date": "2022-02-13",
  "category": "covid"
}