{
  "title": "Navy seizes 2 Indian trawlers and detains 12 Indian fishermen for illegally entering Sea of Sri Lanka",
  "content": "In an operation conducted in seas north of Talaimannar in the dark hours of 12th February 2022, Sri Lanka Navy managed to seize 02 Indian trawlers with 12 Indian fishermen, whilst poaching in Sri Lankan waters.Sri Lanka Navy is conducting regular patrols and operations to curb illegal fishing activities in Sri Lankan waters, considering the impact of foreign fishermen poaching in Sri Lankan waters on the local fishing community and the sustainability of fishery resources of Sri Lanka.The Navy also nabbed 12 Indian fishermen aboard the poaching vessels in this operation.",
  "url": "https://www.newsfirst.lk/2022/02/13/navy-seizes-2-indian-trawlers-and-detains-12-indian-fishermen-for-illegally-entering-sea-of-sri-lanka/",
  "date": "2022-02-13",
  "category": "crime"
}