﻿{
  "title": "Power shedding plan for the weekend",
  "content": "Power cut for the weekend 5th March Saturday will be for areas P,Q,R,S,T,U,V,W, for 3 hours from 8.30am. to 5.30pm and and one hour from 6.00pm to 10.00pm.Power cut for the weekend 5th March Saturday for areas E & F  will be 4 hours from 8.30am to 4.30 pm and 3 hours from 4.30pm to 10.30pm.Sunday the 6th March the power cut will be for 2 hours and 30 minutes from 9.00am to 4.30 pm ONLY for areas A,B,C.",
  "url": "https://www.hirunews.lk/english/298654/power-shedding-plan-for-the-weekend",
  "date": "2022-03-04",
  "category": "general"
}