﻿{
  "title": "Bond issue: Case made under the Public Property Act cannot be maintained",
  "content": "Another court decision was given today (04) in the bond case filed against 08 persons including former Finance Minister Ravi Karunanayake, Arjuna Mahendran and Arjun Aloysius.The majority decision of the Colombo trial at bar states that the charges made under the Public Property Act cannot be maintained in the bond case against Ravi Karunanayake, Arjuna Mahendran, Arjun Aloysius and 8 others.",
  "url": "https://www.hirunews.lk/english/298652/bond-issue-case-made-under-the-public-property-act-cannot-be-maintained",
  "date": "2022-03-04",
  "category": "economic, political"
}