﻿{
  "title": "Changes in cabinet portfolios expected",
  "content": "According to internal government sources a cabinet reshuffle will take place soon.It is reported that the changes will be released to the media soon.According to sources it is reported that MP S.B. Dissanayake will be given a cabinet ministerial post.It is also reported that cabinet ministers Gamini Lokuge, Dinesh Gunawardena and Pavithra Wanniarachchi could be reshuffled.",
  "url": "https://www.hirunews.lk/english/298575/changes-in-cabinet-portfolios-expected",
  "date": "2022-03-03",
  "category": "political"
}