﻿{
  "title": "Ordinary Level Exam Results Released",
  "content": "The Department of Examinations has released the finalized results of 2020 (2021) G.C.E. Ordinary Level Examination, including the marks of the practical exams of aesthetic subjects.xam results can be obtained from the official website of the Department of Examinations – www.doenets.lk.Any inquiries regarding the results can be made by contacting the School Examination Organizations and Results Branch via the following telephone numbers:More than 622,300 candidates faced the Ordinary Level exam at 4,513 centers set up island-wide. A total of 423,746 school candidates and 198,606 private candidates turned up for the exam.",
  "url": "https://www.hirunews.lk/english/298578/ordinary-level-exam-results-released",
  "date": "2022-03-03",
  "category": "education"
}