﻿{
  "title": "S.B. Dissanayake sworn in as Minister of Industries",
  "content": "Member of Parliament S.B. Dissanayake was sworn in as a Minister of Industries in front of President Gotabhaya Rajapaksa at the Presidential Secretariat this afternoon (03)Secretary to the President Gamini Senarath was also present at the occasion, the President's Media Unit said.",
  "url": "https://www.hirunews.lk/english/298587/s-b-dissanayake-sworn-in-as-minister-of-industries",
  "date": "2022-03-03",
  "category": "political"
}