﻿{
  "title": "Sri Lanka's 17 State University declared open",
  "content": "The Vavuniya Campus of the Jaffna University was inaugurated today as the 17th University in the country under the patronage of President Gotabaya Rajapaksa. The Presidential Media Unit *stated that the Vavuniya Campus was developed to have all the facilities required for a university and was vested in the students",
  "url": "https://www.hirunews.lk/english/296745/sri-lankas-17-state-university-declared-open",
  "date": "2022-02-11",
  "category": "education"
}