﻿{
  "title": "Petitions against Yugadanavi dismissed by Supreme Court without a hearing",
  "content": "The Supreme Court dismissed the five fundamental rights petitions seeking annulment of the Cabinet decision to transfer 40% of the government-owned shares in the Kerawalapitiya Yugadanavi Power Plant to an American company.The verdict was unanimously taken by a five-judge bench comprising Chief Justice Jayantha Jayasuriya, justices Buwaneka Aluvihare, Priyantha Jayawardena, Vijith Malalgoda and L.T.B. Dehideniya.",
  "url": "https://www.hirunews.lk/english/298625/petitions-against-yugadanavi-dismissed-by-supreme-court-without-a-hearing",
  "date": "2022-03-04",
  "category": "legal, business"
}