﻿{
  "title": "No power cuts to be imposed till Monday",
  "content": "Public Utilities Commission Sri Lanka (PUCSL) Janaka Ratnayake said that enough electricity has been generated to meet the demand for electricity without interruption. Therefore, there will be no need to implement the power cut till next Monday (14), he noted However, the chairman of the Public Utilities Commission added that consumers should focus on using electricity sparingly",
  "url": "https://www.hirunews.lk/english/296730/no-power-cuts-to-be-imposed-till-monday",
  "date": "2022-02-11",
  "category": "general"
}