﻿{
  "title": "Puttalam - Kurunegala blocked due to protest",
  "content": "A group of residents in the area is engaged in a protest blocking the Puttalam - Kurunegala main road from the 3rd post area. The group is protesting against the police not taking action against the blockage of the drainage system in the area and the environmental damage caused by the unauthorized excavations taking place on private land covering an area of about 200 acres.",
  "url": "https://www.hirunews.lk/english/296723/puttalam-kurunegala-blocked-due-to-protest",
  "date": "2022-02-11",
  "category": "general"
}