﻿{
  "title": "Train operation along upcountry line disrupted",
  "content": "Train services on the Upcountry line have been disrupted due to a train derailment near the Watawala Railway Station. The Control Room stated that a freight train travelling from Kandy to Badulla had derailed this morning. The control room further stated that the train is currently being derailed and there will be a delay in the operation of the Upcountry line until it is restored.",
  "url": "https://www.hirunews.lk/english/296717/train-operation-along-upcountry-line-disrupted-photos",
  "date": "2022-02-11",
  "category": "general"
}