﻿{
  "title": "Prince Charles tests positive for Covid",
  "content": "The Prince of Wales has tested positive for Covid-19 and is now self-isolating, Clarence House has said on Twitter. Prince Charles received the positive result this morning and has postponed the unveiling of a statue in Winchester. On Wednesday, he and his wife the Duchess of Cornwall met people at a reception in the British Museum. This is the second time the 73-year-old has contracted coronavirus after he reported mild symptoms in March 2020. Charles had been due to unveil a statue of Licoricia of Winchester, a medieval Jewish businesswoman who was a money lender and single parent in the Hampshire city.",
  "url": "https://www.hirunews.lk/english/296686/prince-charles-tests-positive-for-covid",
  "date": "2022-02-10",
  "category": "covid"
}