{
  "title": "NO need IMF to boost investor confidence",
  "content": "Governor of the Central Bank of Sri Lanka, Ajith Nivad Cabraal had stated that there is NO need to go to the IMF to boost investor confidence, since investor confidence is already there in Sri Lanka. He stated that Sri Lanka’s bond auctions have been fully subscribed and the interest rates are moderate. Moreover, if one had a look at Sri Lanka’s GDP growth, it’s growing at 5% this year, he said. He stated that General Conditions of the banking sector are also in in good shape. The Central Bank Governor made these comments to bloomberg.",
  "url": "https://www.newsfirst.lk/2022/02/18/no-need-imf-to-boost-investor-confidence/",
  "date": "2022-02-18",
  "category": "economic, business"
}