﻿{
  "title": "Permission to CID to obtain statements from Zahran Hashim's father-in-law",
  "content": "Court approves the CID request to obtain statements from the father and brother of Zahran Hashim's wife.Currently they are in remand custody.The suspects were arrested on charges of directing and aiding the terrorist attack on April 21, 2019, targeting Catholic churches and Hotels in the island.",
  "url": "https://www.hirunews.lk/english/298655/permission-to-cid-to-obtain-statements-from-zahran-hashims-father-in-law",
  "date": "2022-03-04",
  "category": "crime"
}