﻿{
  "title": "CID allowed to record statements from Zahran's wife",
  "content": "The court today (10) allowed the Criminal Investigation Department (CID) to record statements from Zahran Hashim's wife. The CID presented its case before the Kuliyapitiya Magistrate's Court today. Hashim's wife Fatima Hadiya is currently in remand custody. The case is set to return to court on March 4",
  "url": "https://www.hirunews.lk/english/296679/cid-allowed-to-record-statements-from-zahrans-wife",
  "date": "2022-02-10",
  "category": "crime"
}