﻿{
  "title": "Chairperson appointed to Committee On Public Enterprises",
  "content": "Parliament sources confirmed today that the MP Prof. Charitha Herath was appointed as the new Chairman of Committee On Public Enterprises. It was also reported that MP Anura Priyadharshana Yapa was unanimously elected to serve as the Chairperson of the Committee on Public Finance. MP Prof Tissa Vitharana has been unanimously elected as the Chairperson of the Committee on Public Accounts.",
  "url": "https://www.hirunews.lk/english/296676/chairperson-appointed-to-committee-on-public-enterprises",
  "date": "2022-02-10",
  "category": "political"
}