{
  "title": "Dullas goes to Delft to deliver laptop with internet to remote school",
  "content": "Media Minister Dullas Alahapperuma on Friday (18) visited the Delft Island in the Jaffna Peninsula to donate a much-needed laptop with internet facilities to the J/Delft Saivapragasa Vidyalayam, in Jaffna. The J/Delft Saivapragasa Vidyalayam provided education to 68 children and consists of 16 teachers. The Minister said that 25% of primary school teachers are untrained and 53% of the northern teachers are also untrained. “This alone is enough to clearly understand the issue that we face,” said the Minister.",
  "url": "https://www.newsfirst.lk/2022/02/18/dullas-goes-to-delft-to-deliver-laptop-with-internet-to-remote-school/",
  "date": "2022-02-18",
  "category": "education"
}