﻿{
  "title": "Writ petition filed by Dr Shafi to be taken up next week",
  "content": "The writ petition filed by Dr Shafi Shihabdeen seeking an order to settle his salary and allowance arrears incurred when he was sent on compulsory leave following false allegations that he performed illegal sterilizations on pregnant women, was ordered to be taken up on 17 February by the Court of Appeal. The petition was taken up before the bench of Justices Sobhitha Rajakaruna and Dhammika Ganepola today. Additional Solicitor General Sumathi Dharmawardena, who appeared for the respondents in the petition, said that he had received the petition and the relevant documents yesterday and asked for time to study them.",
  "url": "https://www.hirunews.lk/english/296663/writ-petition-filed-by-dr-shafi-to-be-taken-up-next-week",
  "date": "2022-02-10",
  "category": "legal"
}