﻿{
  "title": "University registration commences",
  "content": "The Department of Examinations has commenced the registration of universities for the academic year 2020-2021 based on the re-scrutinized results of the GCE Advanced Level released on December 29, 2021. The relevant cut-off marks were issued on February 4, 2022, by the University Grants Commission. Thus, the selected students for the relevant course will be able to register online.",
  "url": "https://www.hirunews.lk/english/296645/university-registration-commences",
  "date": "2022-02-10",
  "category": "education"
}