﻿{
  "title": "Prayers for the sick child; police finds the decaying body",
  "content": "The Police Media Spokesperson stated that a decaying body of a young child was found at a house in Andumulla, Badalgama following the complaints lodged by neighbours regarding a bad odor. Upon investigation, the police had found the body of a 10-year-old boy in a room of the house. It was reported that the child had become ill on 07 February and as per the religion followed by the parents, they have conducted a prayer session in hopes of curing the child. However, the child had succumbed to his illness, which resulted in the continuation of the prayer session, with the hopes of getting his life back. The police stated that the parents of the young child and the grandmother has been arrested in connection with the incident.",
  "url": "https://www.hirunews.lk/english/296644/prayers-for-the-sick-child-police-finds-the-decaying-body",
  "date": "2022-02-10",
  "category": "crime"
}