﻿{
  "title": "Billion-year-old black diamond sold for £3.16m",
  "content": "A billion-year-old black diamond, believed to be the largest cut diamond in the world, has been sold for £3.16m. Named The Enigma, the 555.55 carat gem, which weighs about the same as a banana, had been expected to fetch more than £4.4m. Auctioneer Sotheby's said "the buyer has opted to use cryptocurrency for the purchase." There are competing theories about the origins of the stone, including that it was carried to Earth by an asteroid. After the auction, cryptocurrency entrepreneur Richard Heart took to social media to claim that he was the buyer of The Enigma. He told his more than 180,000 Twitter followers that "as soon as the payment's gone through and possession's been taken" the gem would be renamed the "HEX.com diamond", in reference to the blockchain platform he founded.",
  "url": "https://www.hirunews.lk/english/296642/billion-year-old-black-diamond-sold-for-3-16m",
  "date": "2022-02-10",
  "category": "business"
}