{
  "title": "Fourth dose for Sri Lankans planning to go overseas",
  "content": "Sri Lanka is planning on administering a fourth dose for people who are traveling overseas, given the fact that some vaccines used in Sri Lanka are not accepted in certain countries. Director-General of Health Services Dr. Asela Gunawardena told reporters on Thursday (17) that some countries do not accept the Sinopharm vaccine as a vaccine against COVID-19. Dr. Gunawardena also noted that the Foreign Ministry will inform the Ministry of Health of the vaccines that are accepted in different countries and the vaccine that is required to travel there.",
  "url": "https://www.newsfirst.lk/2022/02/18/fourth-dose-for-sri-lankans-planning-to-go-overseas/",
  "date": "2022-02-18",
  "category": "health, covid"
}