﻿{
  "title": "Colombo Stock Exchange closes in red",
  "content": "The All Share Price Index of the Colombo Stock Exchange fell significantly by 300 points to 12,081 at the end of the day. S&P, which represents twenty leading companies. The Sri Lanka Twenty Index also fell by 113 points to 4,052. The total turnover of the stock market yesterday was 5.2 billion rupees.",
  "url": "https://www.hirunews.lk/english/296628/colombo-stock-exchange-closes-in-red",
  "date": "2022-02-10",
  "category": "economic"
}