﻿{
  "title": "Major breakthrough on nuclear fusion energy",
  "content": "European scientists say they have made a major breakthrough in their quest to develop practical nuclear fusion - the energy process that powers the stars. The UK-based JET laboratory has smashed its own world record for the amount of energy it can extract by squeezing together two forms of hydrogen. If nuclear fusion can be successfully recreated on Earth it holds out the potential of virtually unlimited supplies of low-carbon, low-radiation energy. The experiments produced 59 megajoules of energy over five seconds (11 megawatts of power). This is more than double what was achieved in similar tests back in 1997. It's not a massive energy output - only enough to boil about 60 kettles' worth of water. But the significance is that it validates design choices that have been made for an even bigger fusion reactor now being constructed in France.",
  "url": "https://www.hirunews.lk/english/296593/major-breakthrough-on-nuclear-fusion-energy",
  "date": "2022-02-10",
  "category": "tech"
}