﻿{
  "title": "Don't wait for a decisive moment to leave the Govt",
  "content": "Minister of State Shehan Semasinghe stated that the Sri Lanka Freedom Party should leave the government without waiting for a decisive moment. Addressing a media briefing held in Medawachchiya yesterday (08) he said that they hope to form a new alliance with certain political parties represented by the government in the future. Meanwhile, the Sri Lanka People's Front will launch a series of special public rallies at district level from today (09) covering the entire island. Its first rally will be held this afternoon under the patronage of President Gotabhaya Rajapaksa at the Salgaduwa Stadium in Anuradhapura.",
  "url": "https://www.hirunews.lk/english/296564/dont-wait-for-a-decisive-moment-to-leave-the-govt",
  "date": "2022-02-09",
  "category": "political"
}