﻿{
  "title": "Indian fishermen protest auction of Indian fishing vessels in Sri Lanka",
  "content": "Fishermen in the Rameshwaram, Tamil Nadu have started a strike against the auction of confiscated Indian fishing vessels. They also staged a protest in front of the Rameshwaran Fisheries Office, demanding that the Sri Lankan government pay at least 25 percent of the proceeds from the auction of Indian fishing vessels to India. They also demanded the release of 11 Indian fishermen and three trawlers arrested while fishing illegally near the Delft Island in Jaffna. According to the Indian media, about 800 fishing vessels anchored at the Rameshwaram fishing harbor have been prevented from going fishing. It is said that the Indian government is losing nearly INR 100 million a day due to their strike. Meanwhile, Fisheries Minister Douglas Devananda conducted a virtual interview with a group of Indian fisheries representatives yesterday afternoon.",
  "url": "https://www.hirunews.lk/english/296562/indian-fishermen-protest-auction-of-indian-fishing-vessels-in-sri-lanka",
  "date": "2022-02-09",
  "category": "general"
}