﻿{
  "title": "GoSL will ensure ISB settlement without default",
  "content": "Central Bank says with the realization of expected forex inflows and the build-up of international reserves, the need for initiating discussions with investors on debt restructuring as claimed by media reports does not arise. The Sri Lankan Government would be able to ensure settlement of its sovereign debt without default.",
  "url": "https://www.hirunews.lk/english/296558/gosl-will-ensure-isb-settlement-without-default",
  "date": "2022-02-09",
  "category": "economic"
}