﻿{
  "title": "Female police sergeant set on fire by husband, dies",
  "content": "A female police sergeant who was hospitalized after being set on fire by her husband has died in the Gonapinuwala area in Galle. She succumbed to her injuries at the Balapitiya Base Hospital yesterday. The 35-year-old police sergeant attached to the Gonapinuwala police station had petrol poured on her body by her husband and set it on fire following an argument when she returned home from work.",
  "url": "https://www.hirunews.lk/english/296556/female-police-sergeant-set-on-fire-by-husband-dies",
  "date": "2022-02-09",
  "category": "crime"
}