﻿{
  "title": "Sri Lankans recognise India as a true, reliable friend",
  "content": "Sri Lankans increasingly recognize that India is “a true friend” who they can "rely on at all time", Sri Lankan Foreign Minister G L Peiris said on Tuesday, appreciating the $2.4 billion assistance that New Delhi extended to the crisis-gripped country. He also added the ties between the two countries have moved from a “transactional relationship” to a “strategic partnership.” Peiris on Tuesday concluded his first visit to India after being appointed as the foreign minister last year. The delegations of the two countries held extensive discussions on a range of issues, including “economic cooperation, power and energy cooperation, connectivity, people to people contact, etc.” Colombo also sought “ways and means to harness the growing Indian outward tourism to revive the tourism industry in Sri Lanka were also discussed.” Peiris also extended an invitation to Indian External Affairs Minister S Jaishankar for visiting Sri Lanka in March.",
  "url": "https://www.hirunews.lk/english/296543/sri-lankans-recognise-india-as-a-true-reliable-friend-foreign-minister",
  "date": "2022-02-09",
  "category": "political"
}