﻿{
  "title": "14-hour water cut in several areas in Katunayake",
  "content": "The National Water Supply and Drainage Board states that the water supply to several areas including the Katunayake Free Trade Zone will be suspended from 04:00 p.m. today to 06:00 a.m. tomorrow (08). Accordingly, the water supply to Ekala, Kotugoda, Udhammita, Raja Mawatha, Negombo Road, Wahatiyagama, Delathura, Katunayake, Seeduwa, Udugampola, Minuwangoda, Katunayake Free Trade Zone, Katunayake Free Trade Zone and Katana South will be suspended for 14 hours. This water cut is due to an improvement in the plumbing system of the Ja-Ela road.",
  "url": "https://www.hirunews.lk/english/296541/14-hour-water-cut-in-several-areas-in-katunayake",
  "date": "2022-02-09",
  "category": "general"
}