﻿{
  "title": "Finance Minister and Treasury Secretary to India",
  "content": "Finance Minister Basil Rajapaksa and the Treasury Secretary S. R Attygalle to visit India on Friday (25)Discussions will focus on enhancing cooperation between the two countries on the economic crisis facing Sri Lanka.Sri Lanka as a country is currently facing a number of severe economic crises, the main challenges of which are to reactivate the inflow of dollars into the country to resolve the fuel and electricity crises.It is also the biggest economic challenge facing Sri Lanka as a developing middle income country.",
  "url": "It is also the biggest economic challenge facing Sri Lanka as a developing middle income country.",
  "date": "2022-02-23",
  "category": ""political, economic
}