﻿{
  "title": "Close associate of Ratmalane Anju arrested",
  "content": "The Police Special Task Force has arrested a close associate of Rathmalane Anju, a member of an organized crime gang and a drug dealer with ice drugs.The suspect was arrested during a special raid carried out in the Gonapala area in Moragahahena yesterday.Police also found 78 grams of ice in his possession and 421,000 rupees earned from the sale of the drug.Meanwhile, two more persons have been arrested in connection with the murder of a police constable in Tangalle - Vitharandeniya area.Accordingly, six persons have been arrested in connection with the incident so far.",
  "url": "https://www.hirunews.lk/english/297787/close-associate-of-ratmalane-anju-arrested",
  "date": "2022-02-23",
  "category": "crime"
}