﻿{
  "title": "Ruling party allies meet former president Maithripala",
  "content": "A meeting between former President Maithripala Sirisena and representatives of the government's allies took place last night (23).It was at the residence of former President Maithripala Sirisena.Secretary General of the Sri Lanka Freedom Party, State Minister Dayasiri Jayasekara was also present at the meeting.It was reported that the discussion also focused on the current energy crisis.The proposal prepared by the government partners to build the country is due to be handed over to the government on the 2nd of next month.",
  "url": "https://www.hirunews.lk/english/297892/ruling-party-allies-meet-former-president-maithripala",
  "date": "2022-02-24",
  "category": "political"
}