﻿{
  "title": "CA prevents elevated highway construction over wetlands",
  "content": "Sri Lanka’s Court of Appeal on Monday (21) issued an order temporarily preventing the construction of a 4-lane elevated highway from the New Kelani Bridge to Athurugiriya, across the Thalangama Wetlands. The Thalangama (Talangama) wetlands are an environmental protection area and a biodiversity hotspot in a rapidly urbanizing environment. The Minister of Highways and officials were prohibited from engaging in any form of construction in the Wetlands, without submitting a proper Environment Impact Assessment report, to the Court of Appeal.",
  "url": "https://www.newsfirst.lk/2022/02/21/ca-prevents-elevated-highway-construction-over-wetlands/",
  "date": "2022-02-21",
  "category": "general, legal"
}