﻿{
  "title": "Power cut disrupts online education",
  "content": "It is reported that students engaged in online education have been severely inconvenienced due to the power cuts that are currently in effect island wide.The Ceylon Teachers' Union stated that the problem arose due to the need for electricity to activate the technical equipment used for online education.Also, with power cuts in each area at different times, teachers and students in remote areas are being barred from engaging in online education at the same time.",
  "url": "https://www.hirunews.lk/english/297890/power-cut-disrupts-online-education",
  "date": "2022-02-24",
  "category": "political, education"
}