﻿{
  "title": "Special gazette issued by the President",
  "content": "A special gazette notification has been issued with the signature of President Gotabhaya Rajapaksa.Through that gazette notification, steps have been taken to re-establish the State Ministry of Prison Management and Prison Rehabilitation.This gazette notification issued under the National Priority Program details the institutions and legal frameworks.",
  "url": "https://www.hirunews.lk/english/297869/special-gazette-issued-by-the-president",
  "date": "2022-02-23",
  "category": "political"
}