﻿{
  "title": "Global Digital Platform (GDP) by NSF launched",
  "content": "The global digital platform (GDP) prepared by the National Science Foundation for Sri Lankan expatriates and emigrants in the world was launched on Monday (21) at the BMICH. The National Science Foundation (NSF) embarked upon constructing an instrument with technical support from the SLASSCOM to harness this potential, and a state-of-the-art global digital platform with the requisite capabilities and features to mobilise the expatriates for national development has now been developed. More than 950 Sri Lankans around the world are currently connected to this network.",
  "url": "https://www.newsfirst.lk/2022/02/21/pictures-global-digital-platform-gdp-by-nsf-launched/",
  "date": "2022-02-21",
  "category": "tech, education"
}