{
  "title": "Cabinet to be briefed on MPs who fail to settle Water Bills: Minister",
  "content": "The Cabinet of Ministers will be briefed on the Former MPs and current MPs who have failed to pay their water bills, Vasudeva Nanayakkara, the Minister of Water Supply said on Sunday (Feb. 6).Some MPs and Ministers have been instructed to obtain the relevant funds to settle water bills, through the relevant Ministries as they have been allocated the official residences at the Ministry level, Minister Vasudeva Nanayakkara said.Based on the response given by the Cabinet, action will be taken against the Ministers and MPs who fail to settle their water bill payments, Minister Vasudeva Nanayakkara further said.",
  "url": "https://www.newsfirst.lk/2022/02/06/cabinet-to-be-briefed-on-mps-who-fail-to-settle-water-bills-minister/",
  "date": "2022-02-06",
  "category": "political"
}