﻿{
  "title": "COVID death toll in the country increase 16,086",
  "content": "Another 31 corona deaths have been reported from Sri Lanka. Accordingly, the total number of deaths in the country is 16086.Among the deaths confirmed by the Director General of Health Services yesterday (22) were 17 women and 14 men.No deaths were reported in the under-30 age group.Six deaths were reported between the ages of 30 and 59, with two women and four men.Twenty-five deaths were reported in 15 women and 10 men aged 60 and over.",
  "url": "https://www.hirunews.lk/english/297843/covid-death-toll-in-the-country-increase-16086",
  "date": "2022-02-",
  "category": "health, covid"
}