﻿{
  "title": "CSE trading halted for 30 mts",
  "content": "Colombo Stock Exchange's regular trading halted for 30 minutes due to the S&P SL20 index dropping over 5% from the previous close. The halt will be lifted at 11.47 am.CSE's regular trading was halted again for another 30 minutes due to the S&P SL20 index dropping over 7.5% from the previous close.The halt will be lifted at 12.43 pm",
  "url": "https://www.hirunews.lk/english/297811/cse-trading-halted-for-30-mts",
  "date": "2022-02-23",
  "category": "economic"
}