{
  "title": "Pushpika De Silva loses ‘Mrs. Sri Lanka for Mrs. World’ title",
  "content": "Pushpika De Silva’s titled as ‘2021 Mrs. Sri Lanka for Mrs. World’ has been denounced, announced Chandimal Jayasinghe, the National Director – Mrs. Sri Lanka for Mrs. World.In a statement, Jayasinghe said that the recent controversy surrounding Mrs. Pushpika De Silva, the 2021 title-holder of Mrs. Sri Lanka for the Mrs. World pageant has taken a toll not only in the local sphere but also before the international community jeopardizing the reputation of Sri Lanka globally.In 2021, The Mrs. Sri Lanka beauty pageant descended into chaos when a former title holder declared that the winner was ineligible because she was divorced, and forcibly removed her crown.",
  "url": "https://www.newsfirst.lk/2022/02/08/pushpika-de-silva-loses-mrs-sri-lanka-for-mrs-world-title/",
  "date": "2022-02-08",
  "category": "lifestyle"
}