﻿{
  "title": "Fear of crocodiles flares up again in Kollupitiya - Bambalapitiya beach",
  "content": "A series of videos showing a giant crocodile roaming the beach around Bambalapitiya this morning is circulating on social media.The footage follows a series of crocodile incidents reported several weeks ago off the coast of Bambalapitiya, Kollupitiya and Gall face.However, the social media footage shows that the animal is larger than the crocodiles previously seen on the beach.Due to this all the fishermen associated with this coastal area blaming that again their activities are under serious threat.",
  "url": "https://www.hirunews.lk/english/297809/fear-of-crocodiles-flares-up-again-in-kollupitiya-bambalapitiya-beach-video",
  "date": "2022-02-",
  "category": "general"
}