{
  "title": "University of Vavuniya – Sri Lanka’s 17th State University, declared open",
  "content": "The new University of Vavuniya was declared open by President Gotabaya Rajapaksa on Friday (11).The University of Vavuniya is the 17th State University in Sri Lanka and was established with effect from the 1st of August 2021 via an Extraordinary Gazette on the 8th of June 2021 that elevated the Vavuniya Campus of the University of Jaffna, to a separate state university in Sri Lanka.The new state university was established for the purpose of providing, promoting, and developing higher education in the branches of learning of Business Studies, Applied Science, and Technology Studies.",
  "url": "https://www.newsfirst.lk/2022/02/11/university-of-vavuniya-sri-lankas-17th-state-university-declared-open/",
  "date": "2022-02-11",
  "category": "education"
}