{
  "title": "Book publishers running short of paper, warns of shortage ahead of 2nd school term",
  "content": " Sri Lankan Book Publishers say that the book production process for school exercise books has dropped by 70%, mainly due to banks not opening Letters of Credit to import paper.Local publishers said due to the present economic situation their production process which operated all week, is limited to two to three days.They are requesting the authorities to immediately intervene and solve the issue, and warned that if this situation continues there will be a serious shortage of exercise books when schools reopen for the second term.",
  "url": "https://www.newsfirst.lk/2022/02/11/book-publishers-running-short-of-paper-warns-of-shortage-ahead-of-2nd-school-term/",
  "date": "2022-02-11",
  "category": "business"
}