﻿{
  "title": "Surcharge Tax Bill challenged in courts",
  "content": "Samagi Jana Balawegaya (SJB) General Secretary Ranjith Madduma Bandara has filed a petition before the Supreme Court against the Surcharge Tax Bill.SJB points out that even the fundamental rights of all working people in this country are threatened with the relevant tax.The petition further states that the relevant draft is unconstitutional.",
  "url": "https://www.hirunews.lk/english/297797/surcharge-tax-bill-challenged-in-courts",
  "date": "2022-02-23",
  "category": "economic, political"
}