﻿{
  "title": "Sri Lankan footballer Duckson Puslas was found dead in the Maldives",
  "content": "Sri Lanka football national player Duckson Puslas who was playing for Dhivehi Premier League in Maldives was found dead, according to the Football Federation of Sri Lanka.The 31-year-old was in the Maldives, playing for Club Valencia in the Dhivehi Premier League and his body was found in his apartment yesterday."It is with deep sorrow that we announce the passing away of Sri Lanka Football National Player Duckson Puslas in Maldives. Sri Lanka Football President, Jaswar Umar and FFSL wishes to extend our heartfelt condolences to the family and friends of Duckson Puslas. Our prayers are with you in this time of grief.",
  "url": "https://www.hirunews.lk/english/298171/sri-lankan-footballer-duckson-puslas-was-found-dead-in-the-maldives",
  "date": "2022-02-27",
  "category": "sports, crime"
}