﻿{
  "title": "Kumudesh accuses specialist of paralysing vital lab at MRI",
  "content": "A vital Medical Research Institute (MRI) laboratory had been made virtually defunct for over three weeks due to the actions of a specialist doctor attached to the lab, College of Medical Laboratory Science (CMLS) President, Ravi Kumudesh alleged yesterday.Kumudesh claimed that it was the only lab dedicated to investigating fungal infections in the country and about 1,000 samples had been removed due to the actions of the specialist.",
  "url": "https://www.hirunews.lk/english/297992/kumudesh-accuses-specialist-of-paralysing-vital-lab-at-mri",
  "date": "2022-02-25",
  "category": "health, crime"
}