﻿{
  "title": "Veteran Journalist Bandula Padmakumara passed away",
  "content": "Former Lakehouse Chairman, veteran journalist and television presenter Bandula Padmakumara passed away at the age of 71, sources confirmed.The veteran journalist had passed away while receiving treatment at a private hospital.He was an iconic figure of Sri Lankan media and journalism and most notable for the popular television programs such as 'Mul Pituwa' and 'Loka Sithiyama'. He was also a former Editor in Chief of Lakbima newspaper and former Chairman of Lake House.",
  "url": "https://www.hirunews.lk/english/297915/veteran-journalist-bandula-padmakumara-passed-away",
  "date": "2022-02-24",
  "category": "general"
}