﻿{
  "title": "Mining license of the quarry revoked after HIRU report on destruction of ancient sites",
  "content": "Following the revelation made by HIRU CIA regarding the destruction of the Dabadeniya, Waduwaketugale ancient site, Minister of Environment Mahinda Amaraweera informs Parliament that the mining licence of the quarry has been cancelled with immediate effect.",
  "url": "https://www.hirunews.lk/english/297899/mining-license-of-the-quarry-revoked-after-hiru-report-on-destruction-of-ancient-sites",
  "date": "2022-02-24",
  "category": "crime"
}