﻿{
  "title": "Two dead in lorry collision on Southern Expressway",
  "content": "Two persons died in a road accident between the Paratuwa and Kapuduwa interchanges on the Southern Expressway early this morning (22).Police said the incident occurred when a lorry heading towards Mattala was stopped by the roadside, with the driver’s assistant inspecting the vehicle.A fuel bowser heading in the same direction had rammed into the lorry, killing the 72-year-old driver's assistant on the spot while the driver and assistant of the bowser sustained critical injuries.",
  "url": "https://www.hirunews.lk/english/298290/two-dead-in-lorry-collision-on-southern-expressway",
  "date": "2022-02-28",
  "category": "general"
}