﻿{
  "title": "A fire has erupted in a storage facility at Jampettah Street in Colombo.",
  "content": "A fire has reportedly broken out in a building at Jampettah Street in Colombo and has spread to other nearby buildings.The Fire Brigade said that 10 fire trucks have been deployed to help douse the flames.The fire had reportedly erupted in a storage complex housing tractor spare parts and equipment which is located at Jampettah Street.The Sri Lanka Air Force (SLAF) fire brigade has also dispatched several fire trucks to help extinguish the flames.",
  "url": "https://www.hirunews.lk/english/298197/a-fire-has-erupted-in-a-storage-facility-at-jampettah-street-in-colombo",
  "date": "2022-02-27",
  "category": "general"
}