﻿{
  "title": "Indian fishermen arrested for poaching in SL waters",
  "content": "Sri Lanka Navy seized an Indian trawler with 08 Indian fishermen while poaching in Sri Lankan waters last night.The apprehension was made in seas north of Talaimannar, during a patrol carried out by a Fast Attack Craft of the 4th Fast Attack Flotilla (4 FAF), attached to the North Central Naval Command.The Navy said the fishermen were engaged in the illegal fishing method known as ‘bottom trawling’ in island waters, through the International Maritime Boundary Line (IMBL).",
  "url": "https://www.hirunews.lk/english/298176/indian-fishermen-arrested-for-poaching-in-sl-waters",
  "date": "2022-02-27",
  "category": "crime"
}