{
  "title": "Sri Lanka’s Printing Industry at the brink of collapse",
  "content": "Sri Lanka’s printing industry is facing difficulties to continue operations due to the shortage of raw materials.The Book Publishers’ Association recently pointed out that the prices of paper have risen by about 150 percent amidst the prevailing shortage of US dollars to import the paper required to meet the local demand.The rate of paper imported to Sri Lanka is now gradually declining, compared to 120,000 tonnes of paper imported to the country every month usually, a spokesperson for the National Paper Company Limited told News 1st.Due to the present economic situation, their production process which operated all week is limited to two to three days, local publishers said.",
  "url": "https://www.newsfirst.lk/2022/02/17/sri-lankas-printing-industry-at-the-brink-of-collapse/",
  "date": "2022-02-17",
  "category": "business"
}