{
  "title": "Small Bakeries shutting down due to price increase",
  "content": "The Bakery Owners in the country are at the brink of abandoning the industry, due to the increasing prices of Wheat Flour and the lack of ingredients.A large number of small-scale bakeries in the areas of Ratnapura, Kahawatte, Godakawela, Pallebedda, and Rakwana have shut down operations, due to various issues affecting the industry.While the prices of ingredients such as Wheat Flour have increased, the quality of these products has declined, the Bakery Owners pointed out.",
  "url": "https://www.newsfirst.lk/2022/02/17/small-bakeries-shutting-down-due-to-price-increase/",
  "date": "2022-02-17",
  "category": "business"
}