﻿{
  "title": "Cabinet decides to import Muriate of Potash fertilizer for Yala season",
  "content": "Muriate of Potash is a commonly used fertilizer and is used by farmers as a ‘bandi Pohora’ in paddy cultivation. It is expected to cultivate about 600,000 hectares of paddy in 2022 Yala season and it has been estimated that about 38,500 metric tons of muriate of potash fertilizer
will be required.Cabinet of Ministers approved the proposal presented by the Minister of Agriculture to import the said amount of fertilizer following the international competitive bidding system and provide it to the farmers under the Government Fertilizer Subsidy Program.",
  "url": "https://www.hirunews.lk/english/298359/cabinet-decides-to-import-muriate-of-potash-fertilizer-for-yala-season",
  "date": "2022-03-01",
  "category": "economic, legal"
}