﻿{
  "title": "Death of a 10-year-old in Badalgama: Mother remanded",
  "content": "The parents, grandparents arrested in connection with the death of a 10-year-old boy in a house in the Adimulla area in the Badalgama Police Division were produced before the Negombo Magistrate's Court today (11). The father and grandmother of the deceased child were released on personal bail of Rs. 500,000 each and the mother of the child was remanded until 18 February by the Negombo Chief Magistrate T.N.L. Mahawatte. The Police Media Spokesperson stated that a decaying body of a young child was found at a house in Andumulla, Badalgama following the complaints lodged by neighbours regarding a bad odour. Upon investigation, the police had found the body of a 10-year-old boy in a room of the house. It was reported that the child had become ill on 07 February and as per the religion followed by the parents, they have conducted a prayer session in hopes of curing the child.",
  "url": "https://www.hirunews.lk/english/296762/death-of-a-10-year-old-in-badalgama-mother-remanded",
  "date": "2022-02-11",
  "category": "crime"
}