﻿{
  "title": "A woman from India was apprehended at the BIA with millions in cocaine",
  "content": "A foreign woman has been apprehended at the Bandaranaike International Airport (BIA) in Katunayake along with a haul of cocaine worth nearly Rs. 90 million.The officers of Sri Lanka Customs attached to the airport managed to intercept the narcotics consignment upon inspecting the woman in question on suspicion.Identified as an Indian national, the woman had arrived in Sri Lanka from Addis Ababa in Ethiopia via Dubai in UAE.",
  "url": "https://www.hirunews.lk/english/298357/a-woman-from-india-was-apprehended-at-the-bia-with-millions-in-cocaine",
  "date": "2022-03-01",
  "category": "crime"
}