{
  "title": "Health Officials warn of Malaria spread in Jaffna",
  "content": " The Ministry of Health stated that the risk of Malaria spread has increased in the Jaffna district.The Director of the Malaria Control Unit, Dr. Prasad Ranaweera said that 4 malaria patients have been reported from the Jaffna District within 4 weeks.He said SIX Malaria patients have been detected in the country so far this, adding that all are imported cases among those who arrived from African countries.These medicines could be obtained free of charge from the Anti Malaria Campaign Headquarters and its Regional Offices.",
  "url": "https://www.newsfirst.lk/2022/02/17/health-officials-warn-of-malaria-spread-in-jaffna/",
  "date": "2022-02-17",
  "category": "health"
}