{
  "title": "Omicron spread on the rise, warns health authorities",
  "content": "The spread of the Omicron variant of the COVID-19 virus in Sri Lanka, has risen through Asymptomatic cases, the Ministry of Health said.The rate of COVID-19 fatalities has also risen as a result of the rapid spread of the variant, Dr. Hemantha Herath, the Deputy Director-General of Health Services told News 1st on Wednesday (Feb. 16).He urged the general public to remain cautious and follow COVID-19 health guidelines.However, between one to two million people of the eligible population have not obtained any COVID-19 vaccine dose, he also emphasized.",
  "url": "https://www.newsfirst.lk/2022/02/17/omicron-spread-on-the-rise-warns-health-authorities/",
  "date": "2022-02-17",
  "category": "health, covid"
}