﻿{
  "title": "Higher rate for FD's for senior citizens will not be automatically updated",
  "content": "It is reported that the 15% fixed deposit given to senior citizens will not be automatically renewed as usual on the maturity date.Fixed Deposits with Special Interest Rates of 15% and 14.06% offered to Senior Citizens from March 1, 2022 will not be renewed at the same rate at maturity.Therefore, they have to come to the relevant branch on the relevant maturity date and update them again for up to one year.",
  "url": "https://www.hirunews.lk/english/298452/higher-rate-for-fds-for-senior-citizens-will-not-be-automatically-updated",
  "date": "2022-03-02",
  "category": "economic, lifestyle"
}