﻿{
  "title": "Work in several hospitals disrupted",
  "content": "The services and patients of many hospitals in the island were severely inconvenienced due to the two day strike launched by the health trade unions today based on 07 demands including the elimination of salary anomalies.Health Professionals including paramedics are on strike and the Government Nurses Association has not participated due to the enjoining order issued by the court.Health workers carried out a strike for 9 days since the 7th of last month.After a discussion with the Minister of Health, they called off the strike, saying that their problems should be resolved before March 1.
",
  "url": "https://www.hirunews.lk/english/298450/work-in-several-hospitals-disrupted",
  "date": "2022-03-02",
  "category": "health"
}