﻿{
  "title": "After 26 years, a seven and a half hours power cut today",
  "content": "The Public Utilities Commission has given permission to the Electricity Board to cut power for seven and a half hours today in the face of the fuel crisis that has prevailed after 26 years.Accordingly, the power cuts will be in five stages, five hours during the day and two and a half hours during the night.Speaking at a media briefing yesterday, the Chairman of the Public Utilities Commission Janaka Ratnayake said that legal action would be taken against the Central Bank and the Treasury if they did not allocate funds within a week to obtain fuel for the thermal power plants.",
  "url": "https://www.hirunews.lk/english/298436/after-26-years-a-seven-and-a-half-hours-power-cut-today",
  "date": "2022-03-02",
  "category": "general"
}