{
  "title": "Mathugama Murder: Mother of two shot dead",
  "content": "A woman was shot dead in the Balika-para area in Mathugama on Tuesday night (Feb. 15), Sri Lanka Police said.Two people who entered her residence had carried out the shooting and fled the area, Police Spokesperson SSP Attorney-at-Law Nihal Thalduwa told News 1st.Based on investigations conducted so far, the suspects had arrived at the residence to murder the husband of the victim.Officers had located 6 T-56 assault rifle bullet casings at the crime scene.",
  "url": "https://www.newsfirst.lk/2022/02/16/mathugama-murder-mother-of-two-shot-dead/",
  "date": "2022-02-16",
  "category": "crime"
}