﻿{
  "title": "Huge queues still continue to form petrol stations",
  "content": "Disappointed drivers were turned away at state-owned Ceypetco (CPC) fuel stations which had ‘no fuel’ signs displayed. Some sheds sold only one type of fuel — either petrol or diesel and some sheds remained closed.Dismayed motorists arguing and complaining were common sights as they demanded the Government to immediately solve the fuel shortage issue. Police officers were deployed in sheds where fuel was released to state vehicles and vehicles deployed for essential services, but not for the public.",
  "url": "https://www.hirunews.lk/english/298504/huge-queues-still-continue-to-form-petrol-stations",
  "date": "2022-03-02",
  "category": "auto, business"
}