﻿{
  "title": "No fuel crisis for trains",
  "content": "The Sri Lanka Railways states thta there is no fuel issue for the train service.This is because the Kollonnawa refinery has been issuing uninterrupted supply of fuel.They further state that the Media reports citing reduced train schedules are not true.No train journeys have been curtailed or stopped according to the department.",
  "url": "https://www.hirunews.lk/english/298493/no-fuel-crisis-for-trains",
  "date": "2022-03-02",
  "category": "general"
}