{
  "title": "PUCSL impose strict conditions on all sectors to reduce consumption",
  "content": "The Public Utilities Commission of Sri Lanka (PUCSL) on Tuesday (15) stated that no more power cuts will be implemented in the future, although several steps have been taken to reduce the electricity consumption.Moreover, Janaka Rathnayake, the Chairman of PUCSL said that if residents in housing complexes need to have air conditioning between 06:00 p.m. and 10:00 p.m., they will need to use generators, while the power consumption at State Institutions will also be reduced. Moreover, he mentioned that the CEB has been enabled to import the necessary stocks of oil it needs without depending on the CPC for oil. ",
  "url": "https://www.newsfirst.lk/2022/02/15/pucsl-impose-strict-conditions-on-all-sectors-to-reduce-consumption/",
  "date": "2022-02-16",
  "category": "general"
}