﻿{
  "title": "FR case filed against gazette stating entry to public places by fully vaccinated people",
  "content": "A fundamental rights petition has been filed in the Supreme Court seeking the annulment of a gazette notification issued by the Minister of Health preventing people who are not fully vaccinated against covid from entering public places with effect from April 30.Our court correspondent stated that the petition was filed by Professor F.M. Jayatilleke.",
  "url": "https://www.hirunews.lk/english/298482/fr-case-filed-against-gazette-stating-entry-to-public-places-by-fully-vaccinated-people",
  "date": "2022-03-02",
  "category": "health, legal"
}