﻿{
  "title": "President hands over appointment letters to 13 new High Court Judges",
  "content": "President Gotabaya Rajapaksa handed over the appointment letters to 13 new High Court Judges at the Presidential Secretariat this morning (03).List of new High Court Judges Previous PositionThe new High Court Judges have been appointed on the basis of seniority. The President mentioned to the judges that he expected to see the preservation of the independence of the judiciary, ensuring the rule of law in the country, and taking action to prevent delays in court proceedings.",
  "url": "https://www.hirunews.lk/english/298556/president-hands-over-appointment-letters-to-13-new-high-court-judges",
  "date": "2022-03-03",
  "category": "legal, political"
}