{
  "title": "Ceylon Teachers’ Union concerns over media threats",
  "content": "The Ceylon Teachers’ Union convened a media briefing in Anuradapura on Tuesday (15) and express their views on media supression.The Chairman of the Ceylon Teachers Union, Priyantha Fernando stated that the Government has started a new make over with the arrest of Shehan Malaka and the attack on the residence of Chamuditha Samarawickrama.Furthermore, he stated this is done to cover up the present economic crisis in the country.",
  "url": "https://www.newsfirst.lk/2022/02/15/ceylon-teachers-union-concerns-over-media-threats/",
  "date": "2022-02-15",
  "category": "general"
}