﻿{
  "title": "Cooperatives to sell goods at Sathosa prices for the new year season",
  "content": "Trade Minister Bandula Gunawardena says that there are plans to sell goods from cooperative institutions at Sathosa prices during the Sinhala-Tamil New Year season.Addressing a media briefing in Colombo yesterday, he said that reports that the price paid for the rice imported from Myanmar was over the normal price were false.",
  "url": "https://www.hirunews.lk/english/298529/cooperatives-to-sell-goods-at-sathosa-prices-for-the-new-year-season",
  "date": "2022-03-03",
  "category": "business"
}