﻿{
  "title": "Showers and cloudy skies expected due to low pressure pockets",
  "content": "The low pressure area over the South-West Bay of Bengal and the adjoining South-East Bay of Bengal is likely to intensify further in to a depression during next 24 hours and move west-northwestward off the east coast of Sri Lanka during the next few days (04th and 05th March).Cloudy skies can be expected in the Northern, North-Central, Eastern, Uva and Central provinces.Showers will occur at times in Northern, North-Central, Eastern, Uva and Central provinces. Heavy showers above 100 mm can be expected at some places in Eastern, North-Central and Uva provinces and in Matale district.",
  "url": "https://www.hirunews.lk/english/298526/showers-and-cloudy-skies-expected-due-to-low-pressure-pockets",
  "date": "2022-03-03",
  "category": "general"
}