﻿{
  "title": "Water cut in several areas in Colombo",
  "content": "The Water Supply and Drainage Board announces that water cuts will be imposed in several areas in Colombo tomorrow (05) morning.Accordingly, water will be restricted for 14 hours from 8.00 am tomorrow for Colombo 07,08,10,12,13,14 and 15 areas.Water supply to Colombo 02, 03 and 11 will be supplied under reduced pressure.",
  "url": "https://www.hirunews.lk/english/298634/water-cut-in-several-areas-in-colombo",
  "date": "2022-03-04",
  "category": "general"
}