﻿{
  "title": "Minister Vasudeva unable to perform his duties as cabinet minister",
  "content": "Minister Vasudeva Nanayakkara says that he cannot perform his duties as a Minister in the cabinet following the removal of both Wimal Weerawansa and Udaya Gammanpila.Minister of Industries Wimal Weerawansa and Minister of Energy Udaya Gammanpila, was removed from their ministerial portfolios today (03) in accordance with the powers vested in President Gotabaya Rajapaksa under Article 47 (II) (b) of the Constitution of the Democratic Socialist Republic of Sri Lanka.",
  "url": "https://www.hirunews.lk/english/298631/minister-vasudeva-unable-to-perform-his-duties-as-cabinet-minister",
  "date": "2022-03-04",
  "category": "political"
}