{
  "title": "Sri Lanka fined for slow over-rate in the second T20I against Australia",
  "content": "Sri Lanka have been fined 20 per cent of their match fee for maintaining a slow over-rate against Australia in the second T20I held in Sydney.David Boon of the Emirates ICC Elite Panel of Match Referees imposed the sanction after Sri Lanka were found to be one over short of the target after time allowances were taken into consideration.In addition, batter Pathum Nissanka of Sri Lanka was also given a warning after being found to have breached Article 2.3 of the ICC code, which relates to “use of an audible obscenity during an International Match”.",
  "url": "https://www.newsfirst.lk/2022/02/14/sri-lanka-fined-for-slow-over-rate-in-the-second-t20i-against-australia/",
  "date": "2022-02-14",
  "category": "sports"
}