{
  "title": "Grant Tax Concessions on fuel imports or increase fuel prices: CPC",
  "content": "The Ceylon Petroleum Corporation (CPC) has requested the Ministry of Finance to grant concessions for the taxes imposed on fuel imports or increase the prices of fuel amidst the prevailing economic situation.According to the Ministry of Energy, the CPC incurs a massive loss in continuing the sale of fuel at the current prices, given the prevailing situation in the countryThere is an impending crisis in procuring fuel required to meet the domestic demand, due to the shortage of foreign currency, a high-ranking official at the Energy Ministry told News 1st.",
  "url": "https://www.newsfirst.lk/2022/02/14/grant-tax-concessions-on-fuel-imports-or-increase-fuel-prices-cpc/",
  "date": "2022-02-14",
  "category": "economic, business"
}