{
  "title": "Australia pips Sri Lanka in Super Over, takes 2-0 series lead",
  "content": "Josh Hazlewood conceded just five runs in the Super Over as T20 World Cup champion Australia edged Sri Lanka on Sunday after the second game of their series finished in a tie.Dushmantha Chameera took 2 for 30, including wickets with consecutive balls in the 19th over to remove Steve Smith (14) and Marcus Stoinis (19), and Wanindu Hasaranga returned 2 for 33.With the Super Over in play Hazlewood, who returned 3 for 22 in his four overs in regulation, bowled two dot balls and a bye, which resulted in Dinesh Chandimal being run out by a direct hit from Glenn Maxwell as Sri Lanka slipped to 1- 1. The Sri Lankans managed to get to 5 for 1 after six balls.",
  "url": "https://www.newsfirst.lk/2022/02/13/australia-pips-sri-lanka-in-super-over-takes-2-0-series-lead/",
  "date": "2022-02-14",
  "category": "sports"
}