﻿{
  "title": "Conflict over Electoral registration revision duties",
  "content": "The Grama Niladhari Trade Union Alliance has decided to resign from the field duties pertaining to the revision of electoral registration relevant to this year. Alliance co-convener Sumith Kodikara stated that the reason for this trade union action was in protest to the decisions taken at a recent discussion in this regard. He also stated that this could hamper the revision of the Electoral registration this year.",
  "url": "https://www.hirunews.lk/english/296754/conflict-over-electoral-registration-revision-duties",
  "date": "2022-02-11",
  "category": "legal"
}