{
  "title": "‘Son’ abductor killed in shootout with police",
  "content": "A man who abducted his own son in Horana died in a police shooting hours later, police said.Nicknamed ‘Horana Neelaka’, he had fired into the air and forcibly taken the eight-year-old from the custody of the grandmother this morning (17).
Following a tip-off, police surrounded a house where he had been in hiding, and a shooting ensued.A search is underway for the boy.Aged 24, the man was a drug addict and had been wanted in connection with a murder and an attack on his own wife six days ago, said police spokesman SSP Nihal Thalduwa.
She is receiving ICU treatment in hospital.A T-56 rifle and ammunition have been recovered from the man’s possession.",
  "url": "https://ceylontoday.lk/news/son-abductor-killed-in-shootout-with-police",
  "date": "2022-02-17",
  "category": "crime"
}