{
"title":"විදුලි අර්බුදයට ජනපතිගෙන් විසඳුමක්",
"content":"විදුලි බලාගාරවලට අවශ්‍ය ඉන්ධන සපයා ගැනීම සඳහා කඩිනම් වැඩපිළිවෙලක් සකස් කරන ලෙස ජනාධිපති ගෝඨාභය රාජපක්ෂ මහතා විදුලිබල අමාත්‍යවරයාට උපදෙස් ලබා දී තිබේ.\n\nලංකා ඛනිජ තෙල් නීතිගත සංස්ථාවෙන් හෝ පෞද්ගලික ආයතන මඟින් බලාගාරවලට අවශ්‍ය ඉන්ධන ලබා ගැනීමට පියවර ගන්නා ලෙස ජනාධිපතිවරයා දැනුම් දී ඇත.\n\nඊයේ (28) පස්වරුවේ අමාත්‍ය මණ්ඩල රැස්වීමේදී ජනාධිපති ගෝඨාභය රාජපක්ෂ මහතා එම උපදෙස් ලබා දී තිබේ.\n\nඒ අනුව ලබන 05 වන දින සිට කප්පාදුවකින් තොරව අඛණ්ඩව විදුලිය සැපයීමට අවශ්‍ය ක්‍රියාමාර්ග ගන්නා ලෙසයි විදුලිබල අමාත්‍ය ගාමිණි ලොකුගේ මහතාට ජනාධිපතිවරයා උපදෙස් ලබා දී ඇත.\n\nමේ අතර අද දිනයේත් දිවයින පුරා පැය 03ක විදුලි කප්පාදුවක් සිදුවන බව මහජන උපයෝගිතා කොමිෂන් සභාව පවසයි.\n\nඑහි සභාපති ජනක රත්නායක මහතා සඳහන් කළේ, පෙරවරු 08.30 සිට පස්වරු 04.30 දක්වා කාලය තුළ එම විදුලි කප්පාදුව සිදුවන බවය.",
"url":"http://sinhala.adaderana.lk/news/164714/%E0%B7%80%E0%B7%92%E0%B6%AF%E0%B7%94%E0%B6%BD%E0%B7%92-%E0%B6%85%E0%B6%BB%E0%B7%8A%E0%B6%B6%E0%B7%94%E0%B6%AF%E0%B6%BA%E0%B6%A7-%E0%B6%A2%E0%B6%B1%E0%B6%B4%E0%B6%AD%E0%B7%92%E0%B6%9C%E0%B7%99%E0%B6%B1%E0%B7%8A-%E0%B7%80%E0%B7%92%E0%B7%83%E0%B6%B3%E0%B7%94%E0%B6%B8%E0%B6%9A%E0%B7%8A",
"date":"2022-03-01",
"category":"general"

}