
{
"title":"ප්‍රදේශ කිහිපයකට තරමක තද වැසි",
"content":"නැගෙනහිර සහ ඌව පළාත්වලත් පොළොන්නරුව, මාතලේ සහ හම්බන්තොට දිස්ත්‍රික්කවලත් වැසි වාර කිහිපයක් ඇති වන බව කාලගුණ විද්‍යා දෙපාර්තමේන්තුව පවසයි.\n\nබස්නාහිර සහ සබරගමුව පළාත්වලත් ගාල්ල සහ මාතර දිස්ත්‍රික්කවලත් සවස් කාලයේදී හෝ රාත්‍රි කාලයේදී තැනින් තැන වැසි හෝ ගිගුරුම් සහිත වැසි ඇතිවේ.\n\nරත්නපුර, ගාල්ල සහ මාතර දිස්ත්‍රික්කවල ඇතැම් ස්ථාන වලට මි.මී. 50ට වැඩි තරමක තද වැසි ද ඇතිවිය හැක.\n\nගිගුරුම් සහිත වැසි සමග ඇතිවිය හැකි තාවකාලික තද සුළං වලින් සහ අකුණු මඟින් සිදු වන අනතුරු අවම කර ගැනීමට අවශ්‍ය පියවර ගන්නා ලෙස කාලගුණ විද්‍යා දෙපාර්තමේන්තුව ජනතාවගෙන් ඉල්ලා සිටී.",
"url":"http://sinhala.adaderana.lk/news/164631/%E0%B6%B4%E0%B7%8A%E2%80%8D%E0%B6%BB%E0%B6%AF%E0%B7%9A%E0%B7%81-%E0%B6%9A%E0%B7%92%E0%B7%84%E0%B7%92%E0%B6%B4%E0%B6%BA%E0%B6%9A%E0%B6%A7-%E0%B6%AD%E0%B6%BB%E0%B6%B8%E0%B6%9A-%E0%B6%AD%E0%B6%AF-%E0%B7%80%E0%B7%90%E0%B7%83%E0%B7%92",
"date":"2022-02-27",
"category":"weather"

}