
{
"title":"රුසියාව සහ යුක්‍රේනය අතර සාකච්ඡාව අවසන් වෙයි",
"content":"රුසියාව සහ යුක්‍රේනය අතර බෙලරුස් හි පැවති සාකච්ඡා මීට සුළු වේලාවකට පෙර අවසන් වුණි\n\nනියෝජිත කණ්ඩායම් මේ වන විට සිය රටවල අගනගර බලා පිටත්ව ගොස් ඇති බවයි රුසියානු මාධ්‍ය වාර්තා කළේය.\n\nනුදුරේදීම දෙරට අතර දෙවන වරට සාකච්ඡාවක් පැවැත්වීම කෙරේ මෙහිදී අවධානය යොමුවී ඇති බවද එම වාර්තාවල දැක්වෙයි.\n\nකෙසේ වෙතත් සාකච්ඡාව පිළිබඳ නිල තොරතුරු කිසිවක් මේ වන තුරු මාධ්‍යයට අනාවරණ කර නොමැත.",
"url":"http://sinhala.adaderana.lk/news/164707/%E0%B6%BB%E0%B7%94%E0%B7%83%E0%B7%92%E0%B6%BA%E0%B7%8F%E0%B7%80-%E0%B7%83%E0%B7%84-%E0%B6%BA%E0%B7%94%E0%B6%9A%E0%B7%8A%E2%80%8D%E0%B6%BB%E0%B7%9A%E0%B6%B1%E0%B6%BA-%E0%B6%85%E0%B6%AD%E0%B6%BB-%E0%B7%83%E0%B7%8F%E0%B6%9A%E0%B6%A0%E0%B7%8A%E0%B6%A1%E0%B7%8F%E0%B7%80-%E0%B6%85%E0%B7%80%E0%B7%83%E0%B6%B1%E0%B7%8A-%E0%B7%80%E0%B7%99%E0%B6%BA%E0%B7%92",
"date":"2022-03-01",
"category":"political,economic"

}