
{
"title":"හෙට විදුලිය කැපෙන හැටි",
"content":"හෙට (28) දිනයේ විදුලිය විසන්ධි කිරීම සිදුකරන ආකාරය මහජන උපයෝගීතා කොමිෂන් සභාව දැනුම් දී තිබේ.\n\nඒ අනුව, හෙට දිනයේ P,Q,R,S,T,U,V,W කලාප සඳහා පැය 5යි විනාඩි 15ක කාලයක් විදුලිය කප්පාදු කිරීමට නියමිතය.\n\nA,B, හා C  කලාප සඳහා පැය 4යි විනාඩි 40ක කාලයක් එලෙස විදුලිය විසන්ධි කිරීමට අනුමැතිය ලබාදුන් බව මහජන උපයෝගීතා කොමිෂන් සභාව පැවසීය.",
"url":"http://sinhala.adaderana.lk/news/164651/%E0%B7%84%E0%B7%99%E0%B6%A7-%E0%B7%80%E0%B7%92%E0%B6%AF%E0%B7%94%E0%B6%BD%E0%B7%92%E0%B6%BA-%E0%B6%9A%E0%B7%90%E0%B6%B4%E0%B7%99%E0%B6%B1-%E0%B7%84%E0%B7%90%E0%B6%A7%E0%B7%92",
"date":"2022-02-27",
"category":"general"

}