
{
"title":"පිරිසක් නිවසකට පැන බඩුමුට්ටු කුඩු කරයි",
"content":"බත්තරමුල්ල උඩුමුල්ල මාර්ගයේ කෝට්ටගේවත්ත ප්‍රදේශයේ නිවසකට ඊයේ (27) රාත්‍රියේ කඩු සහ ගිනිඅවි රැගෙන පැමිණි පිරිසක් එහි දේපළවලට හානි සිදුකර පළාගොස් තිබේ.\n\nප්‍රදේශයේ පදිංචි සුරංග නමැති මත්ද්‍රව්‍ය ජාවාරම්කරුවෙකු මෙම පහරදීම සිදුකළ බව එම නිවැසියන් පවසයි.\n\nඒ සම්බන්ධයෙන් අදහස් දැක්වු නිවසේ සිටි කාන්තාවක් පැවසුවේ ආයුධ අතැතිව පැමිණි සිව්දෙනෙකු මෙම පහරදීම සිදුකළ බවය.\n\n"හතරදෙනෙක් බයික්වලින් ඇවිත් බැස්සා. සුරංග අවේ කෑගහගෙන. අතේ පොල්ලක් තිබුණා. ආයේ මන්නයක් තිබුණා. පිස්තොල දෙකක් තිබුණා. ඇවිල්ලා ඔක්කෝම කුඩු කරලා දැම්මා."\n\nචෝදනා එල්ලවන සුරංග මින් පෙර කළ පහරදීමකින් තුවාල ලැබූ කාන්තාවන් දෙදෙනෙක් කොළඹ ජාතික රෝහලේ ප්‍රතිකාර ලබන අතර ඒ සම්බන්ධයෙන් ප්‍රශ්න කිරීම සඳහා සුරංගගේ මව සහ නැගණිය තලංගම පොලිසිය වෙත ඊයේ රැගෙන ගොස් තිබුණි.",
"url":"http://sinhala.adaderana.lk/news/164702/%E0%B6%B4%E0%B7%92%E0%B6%BB%E0%B7%92%E0%B7%83%E0%B6%9A%E0%B7%8A-%E0%B6%B1%E0%B7%92%E0%B7%80%E0%B7%83%E0%B6%9A%E0%B6%A7-%E0%B6%B4%E0%B7%90%E0%B6%B1-%E0%B6%B6%E0%B6%A9%E0%B7%94%E0%B6%B8%E0%B7%94%E0%B6%A7%E0%B7%8A%E0%B6%A7%E0%B7%94-%E0%B6%9A%E0%B7%94%E0%B6%A9%E0%B7%94-%E0%B6%9A%E0%B6%BB%E0%B6%BA%E0%B7%92",
"date":"2022-02-28",
"category":"general"

}