
{
"title":"කොවිඩ් මරණ 24ක්",
"content":"තවත් කොවිඩ් මරණ 24ක් සෞඛ්‍ය සේවා අධ්‍යක්ෂ ජනරාල්වරයා විසින් තහවුරු කර තිබේ.\n\nසෞඛ්‍ය අංශ පෙන්වා දෙන්නේ එම මරණ ඊයේ (25) තහවුරු කර ඇති බවය.\n\nඒ අනුව, මෙරටින් මේ දක්වා වාර්තා වී ඇති මුළු කොවිඩ් මරණ ගණන 16,166කි",
"url":"http://sinhala.adaderana.lk/news/164623/%E0%B6%9A%E0%B7%9C%E0%B7%80%E0%B7%92%E0%B6%A9%E0%B7%8A-%E0%B6%B8%E0%B6%BB%E0%B6%AB-24%E0%B6%9A%E0%B7%8A",
"date":"2022-02-26",
"category":"covid"

}