
{
"title":"කොකේන් සමග විදෙස් කාන්තාවක් අත්අඩංගුවට",
"content":"රුපියල් කෝටි 09කට අධික වටිනාකමකින් යුතු කොකේන් මත්ද්‍රව්‍ය තොගයක් සමග ඉන්දීය ජාතික කාන්තාවක් කටුනායක ගුවන්තොටුපොළේදී අත්අඩංගුවට ගෙන තිබේ.\n\nරේගුවේ මත්ද්‍රව්‍ය පාලන අංශයේ නිලධාරීන් විසින් සැක සහිත කාන්තාවක් පරීක්ෂා කිරීමේදී එම මත්ද්‍රව්‍ය තොගය සොයාගෙන ඇති බව රේගු මාධ්‍ය ප්‍රකාශක නියෝජ්‍ය රේගු අධ්‍යක්ෂ සුදත්ත සිල්වා මහතා සඳහන් කළේය.\n\nඅදාළ කාන්තාව ඉතියෝපියාවේ අඩිස් අබාබා නගරයේ සිට ඩුබායි නගරය හරහා දිවයිනට පැමිණ ඇති බව සඳහන් වේ.\n\nඇයගේ ගමන් බෑගයේ ඉතා සූක්ෂම ලෙස සඟවා තිබූ කොකේන් මත්ද්‍රව්‍ය කිලෝ ග්‍රෑම් 2යි ග්‍රෑම් 532ක් සොයාගෙන ඇති බව රේගු මාධ්‍ය ප්‍රකාශක සුදත්ත සිල්වා මහතා සඳහන් කළේය.\n\nමෙය මෑත කාලයේදී ශ්‍රී ලංකා රේගුවේ මත්ද්‍රව්‍ය පාලන අංශයේ නිලධාරීන් විසින් සිදුකරන ලද විශේෂ අත්අඩංගුවට ගැනීමක් බව රේගු දෙපාර්තමේන්තුව පෙන්වා දෙයි.\n\nඅත්අඩංගුවට ගත් ඉන්දීය ජාතික කාන්තාව සම්බන්ධයෙන් මූලික විමර්ශන සිදුකිරීමෙන් අනතුරුව වැඩිදුර විමර්ශන සඳහා පොලිස් මත්ද්‍රව්‍යනාශක කාර්යංශය වෙත භාර දී තිබේ.",
"url":"http://sinhala.adaderana.lk/news/164711/%E0%B6%9A%E0%B7%9C%E0%B6%9A%E0%B7%9A%E0%B6%B1%E0%B7%8A-%E0%B7%83%E0%B6%B8%E0%B6%9C-%E0%B7%80%E0%B7%92%E0%B6%AF%E0%B7%99%E0%B7%83%E0%B7%8A-%E0%B6%9A%E0%B7%8F%E0%B6%B1%E0%B7%8A%E0%B6%AD%E0%B7%8F%E0%B7%80%E0%B6%9A%E0%B7%8A-%E0%B6%85%E0%B6%AD%E0%B7%8A%E0%B6%85%E0%B6%A9%E0%B6%82%E0%B6%9C%E0%B7%94%E0%B7%80%E0%B6%A7",
"date":"2022-03-01",
"category":"crime"

}