
{
"title":"කාසියේ වාසිය ඉන්දියාව ට",
"content":"සංචාරක ශ්‍රී ලංකා කණ්ඩායම සහ ඉන්දීය කණ්ඩායම අතර අද (26) පැවැත්වෙන දෙවන විස්සයි 20 තරගයේ කාසියේ වාසිය දිනා ගැනීමට ඉන්දීය කණ්ඩායම සමත්විය.\n\nඒ අනුව ඔවුන් තීරණය කළේ පළමුවෙන් පන්දුවට පහරදීමේ අවස්ථාව ශ්‍රී ලංකාවට ලබාදීමටය.\n\nරාත්‍රී 7ට ධරම්සාලාහි හිමාචල් ක්‍රීඩාංගනයේදී තරගය ආරම්භ වෙයි.\n\nතරග 3කින් සමන්විත විස්සයි විස්ස තරගාවලියේ පළමු තරගය ඉන්දියාව ජයගැනීමත් සමග තරගාවලිය තරග 1ට 0ක් ලෙස පෙරමුණ ගෙන සිටින්නේ ඉන්දීය කණ්ඩායමය.n\n\ඒ හේතුවෙන් අද තරගය දෙපිලටම තීරණාත්මකය.",
"url":"http://sinhala.adaderana.lk/news/164620/%E0%B6%9A%E0%B7%8F%E0%B7%83%E0%B7%92%E0%B6%BA%E0%B7%9A-%E0%B7%80%E0%B7%8F%E0%B7%83%E0%B7%92%E0%B6%BA-%E0%B6%89%E0%B6%B1%E0%B7%8A%E0%B6%AF%E0%B7%92%E0%B6%BA%E0%B7%8F%E0%B7%80-%E0%B6%A7",
"date":"2022-02-26",
"category":"sports"

}