
{
"title":"ජම්පටා වීදියේ ගින්නක්",
"content":"ගින්නෙන් ගබඩාව සම්පූර්ණයෙන් විනාශ වී තිබේ.\n\nගින්න මේ වනවිට ඒ අවට ඇති නිවාසවලට ද පැතිර ගොස් ඇතැයි වාර්තා වේ.\n\nගින්න පාලනය කිරීම සඳහා මේ වනවිට ගිනි නිවීමේ රථ﻿ 11ක් පිටත්ව ගොස් ඇතැයි ගිනි නිවීම් ඒකකය සඳහන් කරයි.\n\nගින්න හේතුවෙන් මෙතෙක් ජීවිත හානි වාර්තා වී නොමැති අතර, ගින්න පාලනයට අවශ්‍ය ක්‍රියාමාර්ග ගනිමින් සිටින බව ද වාර්තා වේ.\n\nගින්නට හේතුව මෙතෙක් අනාවරණය වී නොමැති අතර, පොලීසිය මේ පිළිබඳ පරීක්ෂණ ආරම්භ කර තිබේ.",
"url":"http://sinhala.adaderana.lk/news/164650/%E0%B6%A2%E0%B6%B8%E0%B7%8A%E0%B6%B4%E0%B6%A7%E0%B7%8F-%E0%B7%80%E0%B7%93%E0%B6%AF%E0%B7%92%E0%B6%BA%E0%B7%9A-%E0%B6%9C%E0%B7%92%E0%B6%B1%E0%B7%8A%E0%B6%B1%E0%B6%9A%E0%B7%8A",
"date":"2022-02-27",
"category":"general"

}