
{
"title":"ආසාදිතයින් 996ක්",
"content":"අද (28) දිනය තුළ කොවිඩ් ආසාදිතයින් 996ක් හඳුනාගත් බව සෞඛ්‍ය අමාත්‍යාංශය පවසයි.\n\nඒ අනුව මෙරටින් හඳුනාගෙන ඇති සමස්ත ආසාදිතයින් ගණන 646,033ක් දක්වා ඉහළ ගොස් තිබේ.",
"url":"http://sinhala.adaderana.lk/news/164701/%E0%B6%86%E0%B7%83%E0%B7%8F%E0%B6%AF%E0%B7%92%E0%B6%AD%E0%B6%BA%E0%B7%92%E0%B6%B1%E0%B7%8A-996%E0%B6%9A%E0%B7%8A",
"date":"2022-02-28",
"category":"covid"

}