
{
"title":"ප්‍රබල කොවිඩ් ප්‍රභේදයක් මතුවීමේ අවදානමක් ?",
"content":"දිවයිනේ බොහෝ ප්‍රදේශවල පැවැත්වෙන සංගීත සංදර්ශන ඇතුළු සමාජ ඒකරාශීවීම් හේතුවෙන් ඉදිරියේදී විශාල වශයෙන් කොවිඩ් 19 වෛරසය පැතිරීමේ අවදානමක් මතුව ඇති බව මහජන සෞඛ්‍ය පරීක්ෂකවරුන්ගේ සංගමය පවසයි.\n\nඑහි සභාපති උපුල් රෝහණ මහතා ප්‍රකාශ කළේ මේ හේතුවෙන් එන්නතට ප්‍රතිචාර නොදක්වන කොවිඩ් ප්‍රභේදයක් වර්ධනය වීමේ වැඩි හැකියාවක් ඇති බවය.\n\nලංකාවේ බොහො ප්‍රදේශවල මේ වෙද්දී සංගීත සංදර්ශන වැනි මහජන ඒකරාශීවීම් රැසක් පවත්වනවා. ඒ වගේම එළඹෙන මාස වලදීත් මෙවැනි උත්සව පැවැත්වීමට නියමිතයි. ඒ නිසා අපිට පෙන්න තියෙනවා සංගීත සංදර්ශන වැනි මහජන ඒකරාශීවීම් නිසා විශාල වශයෙන් කොවිඩ් 19 අවදානම උද්ගත වෙනවා. ඒ වගේම පැතිරයාම සීඝ්‍රයෙන් සිද්ධ වෙනවා. &nbsp;දින කීපයකින් එක තැනකදී මේකේ ප්‍රතිඵල දැක ගැනීමට නොහැකි වුවත් දිවයින පුරා කොවිඩ් ආසාදිතයෝ රාශියක් වාර්තා වෙනවා. සංඛ්‍යාත්මකව රෝගීන් පැතිරයාම අපිට වාර්තා නොවුනට පැතිරයාම ඉතාමත් ඉහළ තත්ත්වයක ලංකාව ඇතුළේ තියනවා කියන එක පෙන්න තියෙනවා. මේකේ තියන විශාලතම අවදානම තමයි අපේ වැනි එන්නත්කරණය ඉහළ රටක් ඇතුළේ මෙවැනි වසංගතයක් නිරායාසයෙන් පැතිර යාමට ඉඩ හැරීමෙන් කොයි මෙහොතේ හෝ අපි සියලුදෙනාටම හානිකර එන්නතට ප්‍රතිචාර නොදක්වන ප්‍රභේදයක් වර්ධනයවීමේ අවදානමක් තියෙනවා. ඒ නිසා මේ අවදානම කොයි මොහොතේවත් ඇති කර ගත යුතු නෑ.",
"url":"http://sinhala.adaderana.lk/news/164632/%E0%B6%B4%E0%B7%8A%E2%80%8D%E0%B6%BB%E0%B6%B6%E0%B6%BD-%E0%B6%9A%E0%B7%9C%E0%B7%80%E0%B7%92%E0%B6%A9%E0%B7%8A-%E0%B6%B4%E0%B7%8A%E2%80%8D%E0%B6%BB%E0%B6%B7%E0%B7%9A%E0%B6%AF%E0%B6%BA%E0%B6%9A%E0%B7%8A-%E0%B6%B8%E0%B6%AD%E0%B7%94%E0%B7%80%E0%B7%93%E0%B6%B8%E0%B7%9A-%E0%B6%85%E0%B7%80%E0%B6%AF%E0%B7%8F%E0%B6%B1%E0%B6%B8%E0%B6%9A%E0%B7%8A-",
"date":"2022-02-27",
"category":"covid"

}