
{
"title":"යුක්‍රේන ජාතිකයින් 4000ක් ලංකාවේ",
"content":"යුක්‍රේන සංචාරකයින් 4,000ක් පමණ මේ වන විට මෙරට රැඳී සිටින බව සංචාරක අමාත්‍යාංශය පවසයි.\n\nඔවුන් දින 30ක කාලයක් සඳහා මෙරටට පැමිණ ඇති බව එම අමාත්‍යාංශය පෙන්වා දෙයි.\n\nඑම සංචාරකයින්ගේ වීසා කාලය දින 30කින් අවසන් වීමට නියමිතය.\n\nඑහෙත් යුක්‍රේනයේ පවතින යුද ගැටුම් හේතුවෙන් තවදුරටත් මෙරට රැඳී සිටිමට කැමැත්ත දක්වන සංචාරකයින්ට වීසා කාලය දීර්ඝ කිරීමට කටයුතු සලසාදෙන ලෙස අදාළ සංචාරක නියෝජිතයින්ට උපදෙස් ලබාදී ඇති බව සංචාරක අමාත්‍යාංශය සඳහන් කළේය.\n\nඅදාළ වීසා කාලය අවසන්වීමෙන් පසු සිය රට බලා යාමට අවශ්‍ය සංචාරකයින්ට සෘජුව යුක්‍රේනයට ගුවන් ගමන් සිදුනොවන බැවින් වෙනත් රටවල් හරහා යළි සිය රටට යෑමට අවශ්‍ය කටයුතු සලසාදෙන ලෙස ද එම නියෝජිත ආයතන වෙත උපදෙස් ලබාදී ඇති බව සංචාරක අමාත්‍යාංශය වැඩිදුරටත් සඳහන් කළේය.\n\nවැඩිදුර තොරතුරු සඳහා මෙතැනින් පිවිසෙන්න",
"url":"http://sinhala.adaderana.lk/news/164605/%E0%B6%BA%E0%B7%94%E0%B6%9A%E0%B7%8A%E2%80%8D%E0%B6%BB%E0%B7%9A%E0%B6%B1-%E0%B6%A2%E0%B7%8F%E0%B6%AD%E0%B7%92%E0%B6%9A%E0%B6%BA%E0%B7%92%E0%B6%B1%E0%B7%8A-4000%E0%B6%9A%E0%B7%8A-%E0%B6%BD%E0%B6%82%E0%B6%9A%E0%B7%8F%E0%B7%80%E0%B7%9A",
"date":"2022-02-26",
"category":"political"

}