
{
"title":"මහා ශිව රාත්‍රිය අදයි",
"content":"හින්දු බැතිමතුන් විසින් ශිව දෙවියන් උදෙසා පුද පූජා පවත්වන මහා ශිව රාත්‍රි දිනය අදට (01) යෙදී තිබේ.\n\nඅඳුර දුරු වී ආලෝකය ලබා ගැනීම සඳහා ශීව දෙවියන් සිහි කරමින් උපවාසයේ යෙදෙන හින්දු බැතිමතුන් විසින් ශිව දෙවියන්ට පුද ජූජා පැවැත්වීම අද දිනයේ සිදුකරනු ලබයි.\n\nශිව දෙවියන්ගේ මංගල්‍යය සංකේතවත් කරන විශ්වාසයන් සමස්ත ලෝකවාසී ජනතාව තුළ අධ්‍යත්මික පිබිදීමක් ඇති කරවන බව ජනාධිපති ගෝඨාභය රාජපක්ෂ මහතා පෙන්වා දෙයි.\n\nමහා ශිව රාත්‍රි දිනය නිමිත්තෙන් සුභ පැතුම් පණිවුඩයක් නිකුත් කරමින් ජනාධිපතිවරයා පෙන්වා දෙන්නේ අවංක බව, ත්‍යාගශීලී බව සහ සමාවදීම යන සත්‍යවාදී ගුණාංගයන් අනුව ජීවවීමට මහා ශිව රාත්‍රී දිනයේ අධිෂ්ඨාන කරගත යුතු බවය.\n\nදුකට පත් සිතට ඔබ සතුට අපේක්ෂා කරනවා මෙන් අඳුරෙන් වැසුණු ජීවීතයට අද වැනි දිනක අලෝකය ප්‍රාර්ථනා කරන බව ශිව රාත්‍රි දිනය නිමිත්තෙන් සුබ පැතුම් පණිවිඩයක් නිකුත් කරමින් අග්‍රාමාත්‍ය මහින්ද රාජපක්ෂ මහතා පවසයි.\n\nවිවිධ ජනවර්ග හා ආගම් සමග එක්ව කටයුතු කිරීම තුළින් ඔබට මෙන්ම රටට ද යහපත් අනාගතයක් නිර්මාණය කර ගැනීමට අවස්ථාව උදාවන බව අග්‍රාමාත්‍ය මහින්ද රාජපක්ෂ මහතා සිය සුබ පැතුම් පණිවුඩයෙන් පෙන්වා දෙයි.",
"url":"http://sinhala.adaderana.lk/news/164712/%E0%B6%B8%E0%B7%84%E0%B7%8F-%E0%B7%81%E0%B7%92%E0%B7%80-%E0%B6%BB%E0%B7%8F%E0%B6%AD%E0%B7%8A%E2%80%8D%E0%B6%BB%E0%B7%92%E0%B6%BA-%E0%B6%85%E0%B6%AF%E0%B6%BA%E0%B7%92",
"date":"2022-03-01",
"category":"religion"

}