
{
"title":"අන්දමන් මුහුද ආශ්‍රිතව අඩු පීඩන තත්ත්වයක්",
"content":"ගිනිකොණ දිග බෙංගාල බොක්ක මුහුදු ප්‍රදේශ සඳහා කාලගුණ විද්‍යා දෙපාර්තමේන්තුවේ, ස්වභාවික විපත් පිළිබඳ පූර්ව අනතුරු ඇඟවීමේ මධ්‍යස්ථානය විසින් අවවාදාත්මක නිවේදනයක් නිකුත් කර තිබේ.\n\nඒ අනුව, ගිනිකොණ දිග බෙංගාල බොක්ක සහ ඊට යාබද දකුණු අන්දමන් මුහුදු ආශ්‍රිත පැවති කැලඹිලි ස්වභාවය අඩු පීඩන කලාපයක් දක්වා වර්ධනය වී ඇති බව දන්වා ඇත.</p>",
"url":"http://sinhala.adaderana.lk/news/164716/%E0%B6%85%E0%B6%B1%E0%B7%8A%E0%B6%AF%E0%B6%B8%E0%B6%B1%E0%B7%8A-%E0%B6%B8%E0%B7%94%E0%B7%84%E0%B7%94%E0%B6%AF-%E0%B6%86%E0%B7%81%E0%B7%8A%E2%80%8D%E0%B6%BB%E0%B7%92%E0%B6%AD%E0%B7%80-%E0%B6%85%E0%B6%A9%E0%B7%94-%E0%B6%B4%E0%B7%93%E0%B6%A9%E0%B6%B1-%E0%B6%AD%E0%B6%AD%E0%B7%8A%E0%B6%AD%E0%B7%8A%E0%B7%80%E0%B6%BA%E0%B6%9A%E0%B7%8A",
"date":"2022-03-01",
"category":"weather"

}