{
"title":"ரம்புக்கணையிலிருந்து கொழும்பு நோக்கி பயணித்த கடுகதி தொடருந்து தடம்புரண்டது ",
"content":"வெயாங்கொடை தொடருந்து நிலையத்துக்கு அருகில், தொடருந்து ஒன்று தடம்புரண்டமையால், பிரதான தொடருந்து மார்க்கத்தின், சேவைகள் பாதிக்கப்பட்டுள்ளன.\n\nரம்புக்கணையிலிருந்து கொழும்பு - கோட்டை நோக்கிப் பயணித்த கடுகதி தொடருந்து, இவ்வாறு தடம்புரண்டுள்ளதாக தொடருந்து கட்டுப்பாட்டு மையம் தெரிவித்துள்ளது.\n\nஇதன் காரணமாக, வெயாங்கொடைக்கும், கம்பஹாவுக்கும் இடையிலான தொடருந்து சேவைகள் பாதிக்கப்பட்டுள்ளன.\n\nஇந்நிலையில், குறித்த தொடருந்தை தடமேற்றும் பணிகள் முன்னெடுக்கப்படுவதாக தெரிவிக்கப்பட்டுள்ளது.",
"url":"https://www.hirunews.lk/sooriyanfmnews/297345/%E0%AE%B0%E0%AE%AE%E0%AF%8D%E0%AE%AA%E0%AF%81%E0%AE%95%E0%AF%8D%E0%AE%95%E0%AE%A3%E0%AF%88%E0%AE%AF%E0%AE%BF%E0%AE%B2%E0%AE%BF%E0%AE%B0%E0%AF%81%E0%AE%A8%E0%AF%8D%E0%AE%A4%E0%AF%81-%E0%AE%95%E0%AF%8A%E0%AE%B4%E0%AF%81%E0%AE%AE%E0%AF%8D%E0%AE%AA%E0%AF%81-%E0%AE%A8%E0%AF%8B%E0%AE%95%E0%AF%8D%E0%AE%95%E0%AE%BF-%E0%AE%AA%E0%AE%AF%E0%AE%A3%E0%AE%BF%E0%AE%A4%E0%AF%8D%E0%AE%A4-%E0%AE%95%E0%AE%9F%E0%AF%81%E0%AE%95%E0%AE%A4%E0%AE%BF-%E0%AE%A4%E0%AF%8A%E0%AE%9F%E0%AE%B0%E0%AF%81%E0%AE%A8%E0%AF%8D%E0%AE%A4%E0%AF%81-%E0%AE%A4%E0%AE%9F%E0%AE%AE%E0%AF%8D%E0%AE%AA%E0%AF%81%E0%AE%B0%E0%AE%A3%E0%AF%8D%E0%AE%9F%E0%AE%A4%E0%AF%81",
"date":"2022-02-18",
"category":"general"

}