
{
"title":"மின்னுற்பத்தி நிலையங்களுக்கு எரிபொருள் விநியோகிப்பதில் பிரச்சினை ஏற்பட்டமைக்கு காரணம் என்ன? - உதய கம்மன்பில விளக்கம்",
"content":"எரிபொருளை இறக்குமதி செய்வதற்கு லங்கா ஐ.ஓ.சி நிறுவனமும் கொண்டிருந்த நிலைப்பாடு காரணமாகவே மின் உற்பத்தி நிலையங்களுக்கான எரிபொருளை விநியோகிப்பதில் பிரச்சினை ஏற்பட்டுள்ளதாக வலுசக்தி அமைச்சர் உதய கம்மன்பில தெரிவித்துள்ளார்.\n\nஇந்த நிலைகாரணமாக போதுமான அளவு மின்சார உற்பத்திக்கான எரிபொருளை விநியோகிப்பதற்கான முன் ஏற்பாடுகளை செய்வதில் பிரச்சினை ஏற்பட்டுள்ளதாகவும் அவர் குறிப்பிட்டார்.\n\nஎவ்வாறாயினும் மின் முனையங்களுக்கு தேவையான உலை எண்ணெய்யை விநியோகிப்பதற்கு கனியவள கூட்டுத்தாபனம் தற்போது நடவடிக்கை எடுத்துள்ளது.\n\nஎனினும் மின்னுற்பத்திக்கான டீசலை விநியோகிப்பதில் பிரச்சினை நிலவுவதாக தெரிவிக்கப்படுகின்றது.\n\nதற்போது நாளாந்தம் மின்சார உற்பத்தி 1,000 மெற்றிக் டன் டீசல் மாத்திரமே வழங்க முடியும் என வலுசக்தி அமைச்சர் உதய கம்மன்பில தெரிவித்துள்ளார்.",
"url":"https://www.hirunews.lk/sooriyanfmnews/297553/%E0%AE%AE%E0%AE%BF%E0%AE%A9%E0%AF%8D%E0%AE%A9%E0%AF%81%E0%AE%B1%E0%AF%8D%E0%AE%AA%E0%AE%A4%E0%AF%8D%E0%AE%A4%E0%AE%BF-%E0%AE%A8%E0%AE%BF%E0%AE%B2%E0%AF%88%E0%AE%AF%E0%AE%99%E0%AF%8D%E0%AE%95%E0%AE%B3%E0%AF%81%E0%AE%95%E0%AF%8D%E0%AE%95%E0%AF%81-%E0%AE%8E%E0%AE%B0%E0%AE%BF%E0%AE%AA%E0%AF%8A%E0%AE%B0%E0%AF%81%E0%AE%B3%E0%AF%8D-%E0%AE%B5%E0%AE%BF%E0%AE%A8%E0%AE%BF%E0%AE%AF%E0%AF%8B%E0%AE%95%E0%AE%BF%E0%AE%AA%E0%AF%8D%E0%AE%AA%E0%AE%A4%E0%AE%BF%E0%AE%B2%E0%AF%8D-%E0%AE%AA%E0%AE%BF%E0%AE%B0%E0%AE%9A%E0%AF%8D%E0%AE%9A%E0%AE%BF%E0%AE%A9%E0%AF%88-%E0%AE%8F%E0%AE%B1%E0%AF%8D%E0%AE%AA%E0%AE%9F%E0%AF%8D%E0%AE%9F%E0%AE%AE%E0%AF%88%E0%AE%95%E0%AF%8D%E0%AE%95%E0%AF%81-%E0%AE%95%E0%AE%BE%E0%AE%B0%E0%AE%A3%E0%AE%AE%E0%AF%8D-%E0%AE%8E%E0%AE%A9%E0%AF%8D%E0%AE%A9-%E0%AE%89%E0%AE%A4%E0%AE%AF-%E0%AE%95%E0%AE%AE%E0%AF%8D%E0%AE%AE%E0%AE%A9%E0%AF%8D%E0%AE%AA%E0%AE%BF%E0%AE%B2-%E0%AE%B5%E0%AE%BF%E0%AE%B3%E0%AE%95%E0%AF%8D%E0%AE%95%E0%AE%AE%E0%AF%8D",
"date":"2022-02-20",
"category":"economic"

}