{
"title":"குழந்தைகளுக்கான உணவு பாத்திரங்களில் புற்றுநோயை உண்டாக்கும் இரசாயனம் - சர்வதேச ஆய்வில் தகவல் ",
"content":"குழந்தைகளுக்கான பால் மற்றும் ஏனைய உணவுகள் வழங்கப்படும் போத்தல்கள் மற்றும் உணவுதட்டுகளில் பிஸ்பினோல் எனப்படும் புற்றுநோயை உண்டாக்கும் இரசாயனம் உள்ளதாக அண்மையில் மேற்கொள்ளப்பட்ட சர்வதேச ஆய்வொன்றில் தெரியவந்துள்ளது.\n\nசுற்றுச்சூழல் நீதிக்கான கேந்திரம் ஒத்துழைப்பில், தேசிய ஊழல் ஒழிப்பு வலையமைப்பினால் மேற்கொள்ளப்பட்ட புதிய ஆய்வில் இந்த விடயம் கண்டறியப்பட்டுள்ளது.\n\nஇந்த ஆய்வுக்காக இலங்கை, பங்களாதேஸ், சீனா, பூட்டான், மலேசியா, இந்தோனேஷியா, ரஷ்யா மற்றும் தன்சானியா ஆகிய நாடுகளில் இந்த பால் போத்தல்கள் மற்றும் உணவு தட்டுகள் கண்டுபிடிக்கப்பட்டுள்ளன.\n\nதற்போது ஐரோப்பிய சங்கத்தின் உறுப்பு நாடுகளிலும், மலேசியா, சீனா மற்றும் இந்தோனேஷியா ஆகிய நாடுகளிலும் குழந்தைகளுக்கான உணவு பாத்திரங்களில் குறித்த இரசாயனங்களை மட்டுப்படுத்த நடவடிக்கை எடுக்கப்பட்டுள்ளது.\n\nஇந்நிலையில் இலங்கையில் பெறப்பட்ட மாதிரிகளைக் கொண்டு மேற்கொள்ளப்பட்ட பரிசோதனையில் குறித்த பிஸ்பினோல் என்ற புற்றுநோய் உண்டாக்கும் இரசாயனம் உயர் மட்டத்தில் அடங்கியுள்ளமை உறுதிப்படுத்தப்பட்டுள்ள போதிலும் அவை தொடர்ந்தும் பாவனையில் உள்ளதாக சுற்றுச்சூழல் நீதிக்கான கேந்திர நிலையத்தின் வேலைத்திட்ட ஒருங்கிணைப்பாளர் சலனி ரூபசிங்க தெரிவித்துள்ளார்.\n\nபிஸ்ஃபினோல் என்ற புற்றுநோய் காரணி, பாலியல் குறைபாட்டை ஏற்படுத்துவதுடன், நீரிழிவு போன்ற பல உடல்நலப் பிரச்சினைகளுக்கு வழிவகுக்கும் இரசாயனமாகும்.\n\nஅவ்வாறே, இவை ஹோர்மோன் தொழிற்பாட்டுக்கும் தடையை ஏற்படுத்துவதாக ஐரோப்பிய சங்கத்தின் உறுப்பு நாடுகள் தெரிவித்துள்ளன.\n\nஉலகெங்கிலும் உள்ள பல நாடுகள் சட்டப்பூர்வமாக இதனையொரு அபாயகரமான இரசாயனமாக ஏற்றுக்கொண்டுள்ளன. ",
"url":"https://www.hirunews.lk/sooriyanfmnews/297330/%E0%AE%95%E0%AF%81%E0%AE%B4%E0%AE%A8%E0%AF%8D%E0%AE%A4%E0%AF%88%E0%AE%95%E0%AE%B3%E0%AF%81%E0%AE%95%E0%AF%8D%E0%AE%95%E0%AE%BE%E0%AE%A9-%E0%AE%89%E0%AE%A3%E0%AE%B5%E0%AF%81-%E0%AE%AA%E0%AE%BE%E0%AE%A4%E0%AF%8D%E0%AE%A4%E0%AE%BF%E0%AE%B0%E0%AE%99%E0%AF%8D%E0%AE%95%E0%AE%B3%E0%AE%BF%E0%AE%B2%E0%AF%8D-%E0%AE%AA%E0%AF%81%E0%AE%B1%E0%AF%8D%E0%AE%B1%E0%AF%81%E0%AE%A8%E0%AF%8B%E0%AE%AF%E0%AF%88-%E0%AE%89%E0%AE%A3%E0%AF%8D%E0%AE%9F%E0%AE%BE%E0%AE%95%E0%AF%8D%E0%AE%95%E0%AF%81%E0%AE%AE%E0%AF%8D-%E0%AE%87%E0%AE%B0%E0%AE%9A%E0%AE%BE%E0%AE%AF%E0%AE%A9%E0%AE%AE%E0%AF%8D-%E0%AE%9A%E0%AE%B0%E0%AF%8D%E0%AE%B5%E0%AE%A4%E0%AF%87%E0%AE%9A-%E0%AE%86%E0%AE%AF%E0%AF%8D%E0%AE%B5%E0%AE%BF%E0%AE%B2%E0%AF%8D-%E0%AE%A4%E0%AE%95%E0%AE%B5%E0%AE%B2%E0%AF%8D",
"date":"2022-02-18",
"category":"health"

}