{
"title":"கொரோனா அவசர சிகிச்சை மையங்களின் வசதிகளை மேம்படுத்த நடவடிக்கை!",
"content":"பூஸ்டர் தடுப்பூசியை பெற்றுக்கொண்டதன் பின்னர் நாட்டில் உள்ள அனைத்து மக்களினதும் நோயெதிர்ப்பு திறன், எதிர்பார்க்கும் மட்டத்தை அடையும்பட்சத்தில்; முகக்கவசம் அணிவதை தவிர்ப்பதற்கும், விழாக்களை நடத்துவதற்கும் அனுமதித்து நாட்டை முழுமையாக திறப்பதற்கு தயாராக உள்ளதாக சுகாதார சேவைகள் பணிப்பாளர் நாயகம் தெரிவித்துள்ளார்.\n\nஇதேவேளை, நேற்று மேலும் 1,273 பேருக்கு கொவிட் தொற்று உறுதி செய்யப்பட்டுள்ளதையடுத்து, நாட்டில் கொரோனாவால் பாதிக்கப்பட்டவர்களின் மொத்த எண்ணிக்கை 635,606 ஆக உயர்ந்துள்ளது.\n\nநேற்று (19) மேலும் 20 கொரோனா இறப்புகள் பதிவாகியுள்ள நிலையில், நாட்டில் மொத்த கொரோனா இறப்பு எண்ணிக்கை 15,969 ஆக உயர்ந்துள்ளது.\n\nதற்போதைய சூழ்நிலையை கருத்தில் கொண்டு, கொரோனா அவசர சிகிச்சை மையங்களின் வசதிகளை மேம்படுத்த சுகாதார அமைச்சு நடவடிக்கை எடுத்துள்ளது.\n\nஇருப்பினும், தடுப்பூசி செலுத்தும் வேலைத்திட்டம் வெற்றியளித்துள்ளதையடுத்து, அவசர சிகிச்சை மையங்களில் அனுமதிக்கப்படும் கொரோனா நோயாளர்களின் எண்ணிக்கை ஒப்பீட்டளவில் குறைந்துள்ளது என்று அவசர சிகிச்சைகளுக்கான விசேட வைத்தியர்களின் நிறுவகம் தெரிவித்துள்ளது.",
"url":"https://www.hirunews.lk/sooriyanfmnews/297486/%E0%AE%95%E0%AF%8A%E0%AE%B0%E0%AF%8B%E0%AE%A9%E0%AE%BE-%E0%AE%85%E0%AE%B5%E0%AE%9A%E0%AE%B0-%E0%AE%9A%E0%AE%BF%E0%AE%95%E0%AE%BF%E0%AE%9A%E0%AF%8D%E0%AE%9A%E0%AF%88-%E0%AE%AE%E0%AF%88%E0%AE%AF%E0%AE%99%E0%AF%8D%E0%AE%95%E0%AE%B3%E0%AE%BF%E0%AE%A9%E0%AF%8D-%E0%AE%B5%E0%AE%9A%E0%AE%A4%E0%AE%BF%E0%AE%95%E0%AE%B3%E0%AF%88-%E0%AE%AE%E0%AF%87%E0%AE%AE%E0%AF%8D%E0%AE%AA%E0%AE%9F%E0%AF%81%E0%AE%A4%E0%AF%8D%E0%AE%A4-%E0%AE%A8%E0%AE%9F%E0%AE%B5%E0%AE%9F%E0%AE%BF%E0%AE%95%E0%AF%8D%E0%AE%95%E0%AF%88",
"date":"2022-02-20",
"category":"covid"

}