{
"title":"அரசாங்க தகவல் திணைக்களத்தின் அரசாங்க வெளியீட்டு பணியகம் யாழில் திறந்து வைப்பு",
"content":"அரசாங்க தகவல் திணைக்களத்தின் அரசாங்க வெளியீட்டு பணியகம் யாழ்ப்பாண மாவட்ட செயலகத்தில் இன்றைய தினம் திறந்து வைக்கப்பட்டது.\n\nவெகுசன ஊடக அமைச்சர் டலஸ் அழகப்பெரும இந்தப் பணியகத்தை திறந்து வைத்தார்.\n\nஅரசாங்க வெளியீட்டு பணியகத்தின் ஏழாவது மாவட்ட அலுவலகமாக இந்த அலுவலகம் யாழ்ப்பாணத்தில் திறந்து வைக்கப்பட்டுள்ளது.\n\nஇதற்கு முன்னர் கண்டி, காலி, அனுராதபுரம், வவுனியா, பதுளை மற்றும் திருகோணமலை ஆகிய மாவட்டங்களில் இந்தப் பணியகம் திறக்கப்பட்டுள்ளமை குறிப்பிடத்தக்கது.",
"url":"https://www.hirunews.lk/sooriyanfmnews/297391/%E0%AE%85%E0%AE%B0%E0%AE%9A%E0%AE%BE%E0%AE%99%E0%AF%8D%E0%AE%95-%E0%AE%A4%E0%AE%95%E0%AE%B5%E0%AE%B2%E0%AF%8D-%E0%AE%A4%E0%AE%BF%E0%AE%A3%E0%AF%88%E0%AE%95%E0%AF%8D%E0%AE%95%E0%AE%B3%E0%AE%A4%E0%AF%8D%E0%AE%A4%E0%AE%BF%E0%AE%A9%E0%AF%8D-%E0%AE%85%E0%AE%B0%E0%AE%9A%E0%AE%BE%E0%AE%99%E0%AF%8D%E0%AE%95-%E0%AE%B5%E0%AF%86%E0%AE%B3%E0%AE%BF%E0%AE%AF%E0%AF%80%E0%AE%9F%E0%AF%8D%E0%AE%9F%E0%AF%81-%E0%AE%AA%E0%AE%A3%E0%AE%BF%E0%AE%AF%E0%AE%95%E0%AE%AE%E0%AF%8D-%E0%AE%AF%E0%AE%BE%E0%AE%B4%E0%AE%BF%E0%AE%B2%E0%AF%8D-%E0%AE%A4%E0%AE%BF%E0%AE%B1%E0%AE%A8%E0%AF%8D%E0%AE%A4%E0%AF%81-%E0%AE%B5%E0%AF%88%E0%AE%AA%E0%AF%8D%E0%AE%AA%E0%AF%81",
"date":"2022-02-18",
"category":"general"

}