{
"title":"மதுபோதையில் வாகனம் செலுத்துபவர்களுக்கு எதிராக புதிய சட்டம்",
"content":"போதைப் பொருள் பயன்படுத்தி விட்டு வாகனங்களை செலுத்துபவர்களுக்கு எதிராக புதிய சட்டம் ஒன்று உருவாக்கப்படவுள்ளதாக சிரேஷ்ட காவல்துறை பேச்சாளர் சிரேஷ்ட பிரதி காவல்துறைமா அதிபர் அஜித் ரோஹன தெரிவித்துள்ளார்.\n\nஊடகங்களுக்கு கருத்துரைத்த அவர், சட்டவிரோத சாரதிகளின் செயற்பாடுகள் காரணமாக வீதி விபத்துகள் அதிகரித்துள்ளதாக குறிப்பிட்டார்.\n\nஇதனை கட்டுப்படுத்துவதற்காக விசேட வேலைத்திட்டங்களை முன்னெடுப்பதற்கு எதிர்பார்க்கப்படுகின்றது.\n\nகடந்த ஆண்டு 22 ஆயிரம் வாகன விபத்து சம்பவங்கள் பதிவாகியுள்ளன.\n\nஅவற்றில் 2 ஆயிரத்து 470 பேர் உயிரிழந்தனர்.\n\nஅத்துடன் குறித்த விபத்துகளில் 14 ஆயிரம் பேர் காயமடைந்தனர்.\n\nநாளாந்தம் வாகன விபத்துகளின் எண்ணிக்கை அதிகரிக்கின்றது.\n\nஅதிகரித்து வரும் விபத்துகள் காரணமாக வீதிகளில் உடற்பயிற்சி செயற்பாடுகளில் ஈடுபடாமல் விளையாட்டு மைதானங்கள் மற்றும் நடைபாதை என்பவற்றை பயன்படுத்துமாறும் சிரேஷ்ட காவல்துறை பேச்சாளர் சிரேஷ்ட பிரதி காவல்துறைமா அதிபர் அஜித் ரோஹன அறிவுறுத்தியுள்ளார்.",
"url":"https://www.hirunews.lk/sooriyanfmnews/297468/%E0%AE%AE%E0%AE%A4%E0%AF%81%E0%AE%AA%E0%AF%8B%E0%AE%A4%E0%AF%88%E0%AE%AF%E0%AE%BF%E0%AE%B2%E0%AF%8D-%E0%AE%B5%E0%AE%BE%E0%AE%95%E0%AE%A9%E0%AE%AE%E0%AF%8D-%E0%AE%9A%E0%AF%86%E0%AE%B2%E0%AF%81%E0%AE%A4%E0%AF%8D%E0%AE%A4%E0%AF%81%E0%AE%AA%E0%AE%B5%E0%AE%B0%E0%AF%8D%E0%AE%95%E0%AE%B3%E0%AF%81%E0%AE%95%E0%AF%8D%E0%AE%95%E0%AF%81-%E0%AE%8E%E0%AE%A4%E0%AE%BF%E0%AE%B0%E0%AE%BE%E0%AE%95-%E0%AE%AA%E0%AF%81%E0%AE%A4%E0%AE%BF%E0%AE%AF-%E0%AE%9A%E0%AE%9F%E0%AF%8D%E0%AE%9F%E0%AE%AE%E0%AF%8D",
"date":"2022-02-19",
"category":"general"

}