
{
"title":"புஸ்செலி ஓயாவை அண்மித்த ஈர நில பகுதிகளை சுற்றாடல் வலயமாக பாதுகாக்க நடவடிக்கை",
"content":"களனி கங்கையின் முக்கிய கிளை நதியான புஸ்செலி ஓயாவை அண்மித்துள்ள ஈர நில பகுதிகளை சுற்றாடல் வலயமாக பாதுகாப்பதற்கு சுற்றாடல் அமைச்சு நடவடிக்கை எடுத்துள்ளது.\n\nஇதற்கான குழுவொன்றும் நியமிக்கப்பட்டுள்ளதாக அந்த அமைச்சு விடுத்துள்ள அறிக்கையில் தெரிவிக்கப்பட்டுள்ளது.\n\nஅது தொடர்பில் ஆராய்ந்து எதிர்வரும் இரண்டு வாரங்களுக்குள் சுற்றாடல் அமைச்சருக்கு, அறிக்கை சமர்ப்பிக்குமாறு குறித்த குழுவிற்கு அறுவுறுத்தல் வழங்கப்பட்டுள்ளது",
"url":"https://www.hirunews.lk/sooriyanfmnews/297554/%E0%AE%AA%E0%AF%81%E0%AE%B8%E0%AF%8D%E0%AE%9A%E0%AF%86%E0%AE%B2%E0%AE%BF-%E0%AE%93%E0%AE%AF%E0%AE%BE%E0%AE%B5%E0%AF%88-%E0%AE%85%E0%AE%A3%E0%AF%8D%E0%AE%AE%E0%AE%BF%E0%AE%A4%E0%AF%8D%E0%AE%A4-%E0%AE%88%E0%AE%B0-%E0%AE%A8%E0%AE%BF%E0%AE%B2-%E0%AE%AA%E0%AE%95%E0%AF%81%E0%AE%A4%E0%AE%BF%E0%AE%95%E0%AE%B3%E0%AF%88-%E0%AE%9A%E0%AF%81%E0%AE%B1%E0%AF%8D%E0%AE%B1%E0%AE%BE%E0%AE%9F%E0%AE%B2%E0%AF%8D-%E0%AE%B5%E0%AE%B2%E0%AE%AF%E0%AE%AE%E0%AE%BE%E0%AE%95-%E0%AE%AA%E0%AE%BE%E0%AE%A4%E0%AF%81%E0%AE%95%E0%AE%BE%E0%AE%95%E0%AF%8D%E0%AE%95-%E0%AE%A8%E0%AE%9F%E0%AE%B5%E0%AE%9F%E0%AE%BF%E0%AE%95%E0%AF%8D%E0%AE%95%E0%AF%88",
"date":"2022-02-20",
"category":"general"

}