{
"title":"பெருந்தோட்ட தொழிலாளர்களை சிறுதோட்ட உரிமையாளர்களாக்க நடவடிக்கை எடுக்கப்படும்.",
"content":"தொழிலாளர்களை சிறுதோட்ட உரிமையாளர்களாக்குவதற்கான செயற்பாடுகள் முன்னெடுக்கப்படும் என தொழிலாளர் தேசிய சங்கத்தின் தலைவரும், நுவரெலியா மாவட்ட நாடாளுமன்ற உறுப்பினருமான பழனி திகாம்பரம் தெரிவித்துள்ளார்.\n\nஹட்டன் - மல்லியப்பு - புருட்ஹில் பகுதியில் இடம்பெற்ற நிகழ்வொன்றில் கலந்து கொண்டு கருத்துரைத்த போதே அவர் இதனைக் குறிப்பிட்டுள்ளார்.\n\nகடந்த ஆட்சி காலத்தில் இதற்கான செயற்பாடுகள் முன்னெடுக்கப்பட்ட போதிலும் ஆட்சி மாற்றம் காரணமாக அது முடியாமல் போனதாக நாடாளுமன்ற உறுப்பினர் பழனி திகாம்பரம் தெரிவித்துள்ளார்.",
"url":"https://www.hirunews.lk/sooriyanfmnews/297469/%E0%AE%AA%E0%AF%86%E0%AE%B0%E0%AF%81%E0%AE%A8%E0%AF%8D%E0%AE%A4%E0%AF%8B%E0%AE%9F%E0%AF%8D%E0%AE%9F-%E0%AE%A4%E0%AF%8A%E0%AE%B4%E0%AE%BF%E0%AE%B2%E0%AE%BE%E0%AE%B3%E0%AE%B0%E0%AF%8D%E0%AE%95%E0%AE%B3%E0%AF%88-%E0%AE%9A%E0%AE%BF%E0%AE%B1%E0%AF%81%E0%AE%A4%E0%AF%8B%E0%AE%9F%E0%AF%8D%E0%AE%9F-%E0%AE%89%E0%AE%B0%E0%AE%BF%E0%AE%AE%E0%AF%88%E0%AE%AF%E0%AE%BE%E0%AE%B3%E0%AE%B0%E0%AF%8D%E0%AE%95%E0%AE%B3%E0%AE%BE%E0%AE%95%E0%AF%8D%E0%AE%95-%E0%AE%A8%E0%AE%9F%E0%AE%B5%E0%AE%9F%E0%AE%BF%E0%AE%95%E0%AF%8D%E0%AE%95%E0%AF%88-%E0%AE%8E%E0%AE%9F%E0%AF%81%E0%AE%95%E0%AF%8D%E0%AE%95%E0%AE%AA%E0%AF%8D%E0%AE%AA%E0%AE%9F%E0%AF%81%E0%AE%AE%E0%AF%8D",
"date":"2022-02-19",
"category":"political"

}