{
"title":"நாடளாவிய ரீதியில் மீண்டும் மின் துண்டிப்பு",
"content":"நாடளாவிய ரீதியில் இன்று (18) முதல் மீண்டும் மின் துண்டிப்பு அமுல்படுத்தப்படவுள்ளதாக பொதுப்பயன்பாடுகள் ஆணைக்குழு தெரிவித்துள்ளது.\n\nஇதன்படி, இன்று (18) பிற்பகல் 2.30 மணி முதல் 6.30 மணி வரையான காலப்பகுதிக்குள் ஒரு மணித்தியாலமும், மாலை 6.30 மணி முதல் இரவு 10.30 மணி வரையான காலப்பகுதிக்குள் 45 நிமிடங்களும் மின் துண்டிப்பு ஏற்படும் என தெரிவிக்கப்பட்டுள்ளது.\n\nமுன்னதாக, கட்டாய மின் துண்டிப்பு அவசியம் என்றும், அதற்கான வழிமுறை அறிவிக்கப்படும் என்றும் பொதுப் பயன்பாட்டு ஆணைக்குழு அறிவித்திருந்தமை குறிப்பிடத்தக்கது.",
"url":"https://www.hirunews.lk/sooriyanfmnews/297363/%E0%AE%A8%E0%AE%BE%E0%AE%9F%E0%AE%B3%E0%AE%BE%E0%AE%B5%E0%AE%BF%E0%AE%AF-%E0%AE%B0%E0%AF%80%E0%AE%A4%E0%AE%BF%E0%AE%AF%E0%AE%BF%E0%AE%B2%E0%AF%8D-%E0%AE%AE%E0%AF%80%E0%AE%A3%E0%AF%8D%E0%AE%9F%E0%AF%81%E0%AE%AE%E0%AF%8D-%E0%AE%AE%E0%AE%BF%E0%AE%A9%E0%AF%8D-%E0%AE%A4%E0%AF%81%E0%AE%A3%E0%AF%8D%E0%AE%9F%E0%AE%BF%E0%AE%AA%E0%AF%8D%E0%AE%AA%E0%AF%81",
"date":"2022-02-18",
"category":"general"

}