{
"title":"அவுஸ்திரேலிய அணி நாணய சுழற்சியில் வெற்றி",
"content":"இலங்கை அணிக்கு எதிரான நான்காவது இருபதுக்கு20 போட்டியில் நாணய சுழற்சியில் வென்ற அவுஸ்திரேலிய அணி களத்தடுப்பில் ஈடுபடத் தீர்மானித்துள்ளது.\n\nஇவ்விரு அணிகளுக்குமிடையில் இடம்பெற்ற மூன்று இருபதுக்கு20 போட்டிகளிலும் அவுஸ்திரேலிய அணி வெற்றி பெற்றிருந்தமை குறிப்பிடத்தக்கது.",
"url":"https://www.hirunews.lk/sooriyanfmnews/297348/%E0%AE%85%E0%AE%B5%E0%AF%81%E0%AE%B8%E0%AF%8D%E0%AE%A4%E0%AE%BF%E0%AE%B0%E0%AF%87%E0%AE%B2%E0%AE%BF%E0%AE%AF-%E0%AE%85%E0%AE%A3%E0%AE%BF-%E0%AE%A8%E0%AE%BE%E0%AE%A3%E0%AE%AF-%E0%AE%9A%E0%AF%81%E0%AE%B4%E0%AE%B1%E0%AF%8D%E0%AE%9A%E0%AE%BF%E0%AE%AF%E0%AE%BF%E0%AE%B2%E0%AF%8D-%E0%AE%B5%E0%AF%86%E0%AE%B1%E0%AF%8D%E0%AE%B1%E0%AE%BF",
"date":"2022-02-18",
"category":"sports"

}