{
"title":"பொதுச் சட்டத்துக்கான அடித்தளம் அமைக்கும் பணிகளை வரவேற்பதாக பல்கலைக்கழக சமூகம் தெரிவிப்பு",
"content":"நாட்டுக்குள் பொதுச்சட்டத்தை நிறுவுவதற்கான அடித்தளத்தை அமைக்கும் செயற்பாட்டை வரவேற்பதாகப் பல்கலைக்கழகப் பேராசிரியர்கள் மற்றும் பீடாதிபதிகள் தெரிவித்துள்ளனர்.\n\nஒரே நாடு ஒரே சட்டம் தொடர்பான ஜனாதிபதி ஆணைக்குழு, பல்கலைக்கழகச் சமூகத்தின் கருத்துக்களைக் கேட்டறியும் நிகழ்வு, நேற்று இடம்பெற்ற போதே அவர்கள் இதனைக் குறிப்பிட்டுள்ளனர்.\n\nகொழும்பு, ஜயவர்தனபுர, யாழ்ப்பாணம், தென்கிழக்கு, பேராதனை, களனி மற்றும் ரஜரட்ட உள்ளிட்ட 18 பல்கலைக்கழகங்களைப் பிரதிநிதித்துவப்படுத்தி, பீடாதிபதிகள் மற்றும் பேராசிரியர்கள் உள்ளிட்டோர் இதில் பங்கேற்றிருந்தனர்.\n\nசர்வதேசச் சட்டங்களுடன் உள்நாட்டையும் இணைப்பது தேசியத் தேவையாக அடையாளம் காணப்படவேண்டும் எனக் கொழும்புச் சட்ட பீடத்தின் பேராசிரியர் வசந்தா செனவிரத்ன இதன்போது வலியுறுத்தியுள்ளார்.\n\nஒரு சமூகத்துக்கோ அல்லது குறிப்பிட்ட சிலருக்கோ அநீதி இழைக்கும் வகையில் சட்டத்தில் முரண்பாடுகள் இருந்தால், அவற்றை உடனடியாக நீக்கவேண்டுமென்றும் அவர் குறிப்பிட்டுள்ளார்.\n\nஅரசியலமைப்பு என்பது ஒருமாய ஆவணமல்ல. அடிப்படைச் சட்டங்கள் அதில் உள்ளடக்கப்பட்டுள்ளன.\n\n அதைக் கருத்திற்கொண்டு, ஒரே சட்டத்தால் ஆளப்படும் நாட்டைக் கட்டியெழுப்பவேண்டியது அவசியமென்றும் கொழும்புச் சட்ட பீடத்தின் பேராசிரியர் வசந்தா செனவிரத்ன இதன்போது தெரிவித்துள்ளார்.",
"url":"https://www.hirunews.lk/sooriyanfmnews/297482/%E0%AE%AA%E0%AF%8A%E0%AE%A4%E0%AF%81%E0%AE%9A%E0%AF%8D-%E0%AE%9A%E0%AE%9F%E0%AF%8D%E0%AE%9F%E0%AE%A4%E0%AF%8D%E0%AE%A4%E0%AF%81%E0%AE%95%E0%AF%8D%E0%AE%95%E0%AE%BE%E0%AE%A9-%E0%AE%85%E0%AE%9F%E0%AE%BF%E0%AE%A4%E0%AF%8D%E0%AE%A4%E0%AE%B3%E0%AE%AE%E0%AF%8D-%E0%AE%85%E0%AE%AE%E0%AF%88%E0%AE%95%E0%AF%8D%E0%AE%95%E0%AF%81%E0%AE%AE%E0%AF%8D-%E0%AE%AA%E0%AE%A3%E0%AE%BF%E0%AE%95%E0%AE%B3%E0%AF%88-%E0%AE%B5%E0%AE%B0%E0%AE%B5%E0%AF%87%E0%AE%B1%E0%AF%8D%E0%AE%AA%E0%AE%A4%E0%AE%BE%E0%AE%95-%E0%AE%AA%E0%AE%B2%E0%AF%8D%E0%AE%95%E0%AE%B2%E0%AF%88%E0%AE%95%E0%AF%8D%E0%AE%95%E0%AE%B4%E0%AE%95-%E0%AE%9A%E0%AE%AE%E0%AF%82%E0%AE%95%E0%AE%AE%E0%AF%8D-%E0%AE%A4%E0%AF%86%E0%AE%B0%E0%AE%BF%E0%AE%B5%E0%AE%BF%E0%AE%AA%E0%AF%8D%E0%AE%AA%E0%AF%81",
"date":"2022-02-20",
"category":"general"

}