
{
"title":"நபரொருவர் பல முறை கொவிட் தொற்றுக்குள்ளாகும் அபாயம்",
"content":"நபர் ஒருவர் பல முறை கொரோனா வைரஸ் தொற்றுக்குள்ளாகும் வாய்ப்புகள் உள்ளதாக பொது சுகாதார பரிசோதகர்கள் சங்கத்தின் தலைவர் உபுல் ரோஹன தெரிவித்துள்ளார்.\n\nஒரு மாதத்திற்குள்ளான காலப்பகுதியில் ஏற்கனவே தொற்றுறுதியான நபருக்கு மீண்டும் கொரோனா தொற்று ஏற்பட வாய்ப்புள்ளதாக அவர் குறிப்பிட்டார்.\n\nகொரோனா நோயாளர்களின் எண்ணிக்கை அதிகரித்து வருவதால், இதுவரை தடுப்பூசி செலுத்திக்கொள்ளாதவர்கள் இருந்தால் உனடியாக அதனை பெறுவதற்கான நடவடிக்கைகளை எடுக்குமாறு அவர் கோரினார்.\n\nஅத்துடன் சுகாதார வழிகாட்டுதல்களையும் உரிய வகையில் பின்பற்ற வேண்டியது அவசியமாகும்.\n\nஇதேவேளை, இதுவரை நான்காம் தடுப்பூசியினை செலுத்துவது தொடர்பான எந்தவொரு சுற்றுநிருபமோ, அறிவுறுத்தல்களோ வெளியிடப்படவில்லை என பொது சுகாதார பரிசோதகர்கள் சங்கத்தின் தலைவர் உபுல் ரோஹன குறிப்பிட்டார்.",
"url":"https://www.hirunews.lk/sooriyanfmnews/297555/%E0%AE%A8%E0%AE%AA%E0%AE%B0%E0%AF%8A%E0%AE%B0%E0%AF%81%E0%AE%B5%E0%AE%B0%E0%AF%8D-%E0%AE%AA%E0%AE%B2-%E0%AE%AE%E0%AF%81%E0%AE%B1%E0%AF%88-%E0%AE%95%E0%AF%8A%E0%AE%B5%E0%AE%BF%E0%AE%9F%E0%AF%8D-%E0%AE%A4%E0%AF%8A%E0%AE%B1%E0%AF%8D%E0%AE%B1%E0%AF%81%E0%AE%95%E0%AF%8D%E0%AE%95%E0%AF%81%E0%AE%B3%E0%AF%8D%E0%AE%B3%E0%AE%BE%E0%AE%95%E0%AF%81%E0%AE%AE%E0%AF%8D-%E0%AE%85%E0%AE%AA%E0%AE%BE%E0%AE%AF%E0%AE%AE%E0%AF%8D",
"date":"2022-02-20",
"category":"covid"

}