{
"title":"காரைநகர் கசூரினா கடலில் நீராட சென்ற நபர் நீரில் மூழ்கி பலி",
"content":"யாழ்ப்பாணம் - காரைநகர் கசூரினா கடலில் நீராட சென்ற நபர் நீரில் மூழ்கி உயிரிழந்தார்.\n\nஉயிரிழந்தவர், குளியாப்பிட்டி பகுதியைச் சேர்ந்த 57 வயதுடையவர் என காவல்துறை தெரிவித்துள்ளது.\n\nஅவர் தொழில் நிமித்தம் மண்டைதீவு பகுதியில் தங்கியிருந்த நிலையில், நேற்று கடலுக்கு நீராட சென்ற போது இந்த அனர்த்தம் நேர்ந்துள்ளது.\n\n சம்பவம் தொடர்பில் ஊர்காவற்துறை காவல்துறையினர் மேலதிக விசாரணைகளை முன்னெடுத்து வருகின்றனர். ",
"url":"https://www.hirunews.lk/sooriyanfmnews/297542/%E0%AE%95%E0%AE%BE%E0%AE%B0%E0%AF%88%E0%AE%A8%E0%AE%95%E0%AE%B0%E0%AF%8D-%E0%AE%95%E0%AE%9A%E0%AF%82%E0%AE%B0%E0%AE%BF%E0%AE%A9%E0%AE%BE-%E0%AE%95%E0%AE%9F%E0%AE%B2%E0%AE%BF%E0%AE%B2%E0%AF%8D-%E0%AE%A8%E0%AF%80%E0%AE%B0%E0%AE%BE%E0%AE%9F-%E0%AE%9A%E0%AF%86%E0%AE%A9%E0%AF%8D%E0%AE%B1-%E0%AE%A8%E0%AE%AA%E0%AE%B0%E0%AF%8D-%E0%AE%A8%E0%AF%80%E0%AE%B0%E0%AE%BF%E0%AE%B2%E0%AF%8D-%E0%AE%AE%E0%AF%82%E0%AE%B4%E0%AF%8D%E0%AE%95%E0%AE%BF-%E0%AE%AA%E0%AE%B2%E0%AE%BF",
"date":"2022-02-20",
"category":"general"

}