{
"title":"நான்காவது தடுப்பூசி செலுத்தத் திட்டம்?",
"content":"வெளிநாடுகளுக்குச் செல்லும் இலங்கையர்களின் தேவைப்பாடு காரணமாக செயலூக்கி தடுப்பூசியுடன் நான்காவது தடுப்பூசியையும் செலுத்துவதற்கு தயாராகி வருவதாக சுகாதார சேவைகள் பணிப்பாளர் நாயகம் வைத்தியர் அசேல குணவர்தன தெரிவித்தார்.\n\n பல்வேறு நாடுகளில் காணப்படும் சட்டங்களுக்கு அமைவாக வெளிநாடுகளுக்குச் செல்லும் இலங்கை பணியாளர்களுக்கு செயலூக்கி தடுப்பூசியின் பின்னர் மற்றுமொரு தடுப்பூசியை வழங்க நடவடிக்கை எடுக்கப்படும் என அவர் தெரிவித்தார்.\n\nஇதேவேளை நபரொருவருக்கு காய்ச்சலுக்கான அறிகுறிகள் காணப்படுமாயின் உடனடியாக வைத்தியரை அணுகுமாறு சுகாதார சேவைகள் பிரதி பணிப்பாளர் விசேட வைத்தியர் ஹேமந்த ஹேரத் கொழும்பில் இடம்பெற்ற ஊடகவியலாளர் சந்திப்பில் தெரிவித்தார்.\n\n இதுதொடர்பில் உலக சுகாதார ஸ்தாபனம் வெளியிட்டுள்ள தகவலின் படி, உலகம் முழுவதும் ஒமைக்ரொன் வைரஸ் திரிபின் பரவல் குறைந்து வருவதாக தெரிவிக்கப்படுகிறது.\n\n அதன் தலைமை தொழில்நுட்ப அதிகாரி மரியா வேன் கர்கோச் கருத்து தெரிவிக்கையில்,&nbsp; ஒமைக்ரொன் திரிவு டெல்டாவைப் போல கடுமையானது அல்ல என்றாலும் அதை புறக்கணிக்க முடியாது என குறிப்பிட்டார்.\n\n விசேடமாக BA 2 எனப்படும் ஒமைக்ரொன் திரிபானது அதிக பரிமாற்றத் திறனைக் கொண்டுள்ளது.\n\n மேலும் இது BA திரிபைக் காட்டிலும் நோயை ஏற்படுத்துவதற்கான வாய்ப்புகள் உள்ளதா? என்பதைக் கண்டறிய மேலும் பரிசோதனைகள் இடம்பெற்று வருகின்றன.\n\n தற்போது உலகளவில் பதிவாகியுள்ள ஒவ்வொரு ஐந்து கொரோனா வைரஸ்களிலும் ஒன்று ஒமைக்ரொன் வகையின் BA இன் இரண்டு பிறழ்வுகளால் ஏற்படுகிறது என்றும் அவர் மேலும் தெரிவித்தார்.",
"url":"https://www.hirunews.lk/sooriyanfmnews/297362/%E0%AE%A8%E0%AE%BE%E0%AE%A9%E0%AF%8D%E0%AE%95%E0%AE%BE%E0%AE%B5%E0%AE%A4%E0%AF%81-%E0%AE%A4%E0%AE%9F%E0%AF%81%E0%AE%AA%E0%AF%8D%E0%AE%AA%E0%AF%82%E0%AE%9A%E0%AE%BF-%E0%AE%9A%E0%AF%86%E0%AE%B2%E0%AF%81%E0%AE%A4%E0%AF%8D%E0%AE%A4%E0%AE%A4%E0%AF%8D-%E0%AE%A4%E0%AE%BF%E0%AE%9F%E0%AF%8D%E0%AE%9F%E0%AE%AE%E0%AF%8D",
"date":"2022-02-18",
"category":"covid,health"

}