{
"title":"அரச நிறுவனங்களுக்கான விசேட சுற்றுநிருபம் நாளை",
"content":"அரச நிறுவனங்களில் மின்சாரம் மற்றும் எரிபொருளை சிக்கனமாக பயன்படுத்துவது உள்ளிட்ட ஆலோசனைகள் அடங்கிய விசேட சுற்றுநிருபம் நாளைய தினம் வெளியிடப்படவுள்ளது.\n\nஅரச சேவைகள், மாகாண சபைகள் மற்றும் உள்ளுராட்சி அமைச்சின் செயலாளர் ஜே.ஜே. ரத்னசிறி இதனை எமது செய்தி சேவைக்கு தெரிவித்தார்.\n\nஇதன்போது, அரச நிறுவனங்களுக்கு சொந்தமான வாகன பாவனை தொடர்பாகவும் அவதானம் செலுத்தப்படும் என அவர் குறிப்பிட்டார்.",
"url":"https://www.hirunews.lk/sooriyanfmnews/297540/%E0%AE%85%E0%AE%B0%E0%AE%9A-%E0%AE%A8%E0%AE%BF%E0%AE%B1%E0%AF%81%E0%AE%B5%E0%AE%A9%E0%AE%99%E0%AF%8D%E0%AE%95%E0%AE%B3%E0%AF%81%E0%AE%95%E0%AF%8D%E0%AE%95%E0%AE%BE%E0%AE%A9-%E0%AE%B5%E0%AE%BF%E0%AE%9A%E0%AF%87%E0%AE%9F-%E0%AE%9A%E0%AF%81%E0%AE%B1%E0%AF%8D%E0%AE%B1%E0%AF%81%E0%AE%A8%E0%AE%BF%E0%AE%B0%E0%AF%81%E0%AE%AA%E0%AE%AE%E0%AF%8D-%E0%AE%A8%E0%AE%BE%E0%AE%B3%E0%AF%88",
"date":"2022-02-20",
"category":"general"

}