{
"title":"சூழலுக்கு இணக்கமான உற்பத்திகளை லங்கா சதொச விற்பனை நிலையம் ஊடாக விநியோகிக்க நடவடிக்கை!",
"content":"சூழலுக்கு இணக்கமான உற்பத்திகளை லங்கா சதொச விற்பனை நிலையம் ஊடாக விநியோகிப்பதற்கு நடவடிக்கை எடுக்கப்பட்டுள்ளது.\n\nபொலித்தீன், பிளாஸ்டிக் மற்றும் லன்ச்ஷீட்கள் போன்ற உக்கலடையாத உற்பத்திகளை தடை செய்வதற்கு சுற்றாடல் அமைச்சு அண்மையில் தீர்மானம் எடுத்தது.\n\nஅதற்கமைய சூழலுக்கு இணக்கமான உற்பத்திகளை மேம்படுத்துவதற்கு லங்கா சதொச விற்பனை நிலையங்கள் ஊடாக வாய்ப்புகளை ஏற்படுத்திக் கொடுக்க சுற்றாடல் அமைச்சர் மஹிந்த அமரவீர மற்றும் வர்த்தகத்துறை அமைச்சர் பந்துல குணவர்தன ஆகியோருக்கு இடையில் கலந்துரையாடல் இடம்பெற்றது.\n\nஅதனை தொடர்ந்து சூழலுக்கு உகந்த உற்பத்திகளை சதொச விற்பனை நிலையங்கள் ஊடாக விநியோகிக்கும் வகையில் வர்த்தகத்துறை அமைச்சு தீர்மானம் எடுக்கப்பட்டுள்ளதாக சுற்றாடல் அமைச்சினால் வெளியிடப்பட்டுள்ள அறிக்கையில் குறிப்பிடப்பட்டுள்ளது.",
"url":"https://www.hirunews.lk/sooriyanfmnews/297332/%E0%AE%9A%E0%AF%82%E0%AE%B4%E0%AE%B2%E0%AF%81%E0%AE%95%E0%AF%8D%E0%AE%95%E0%AF%81-%E0%AE%87%E0%AE%A3%E0%AE%95%E0%AF%8D%E0%AE%95%E0%AE%AE%E0%AE%BE%E0%AE%A9-%E0%AE%89%E0%AE%B1%E0%AF%8D%E0%AE%AA%E0%AE%A4%E0%AF%8D%E0%AE%A4%E0%AE%BF%E0%AE%95%E0%AE%B3%E0%AF%88-%E0%AE%B2%E0%AE%99%E0%AF%8D%E0%AE%95%E0%AE%BE-%E0%AE%9A%E0%AE%A4%E0%AF%8A%E0%AE%9A-%E0%AE%B5%E0%AE%BF%E0%AE%B1%E0%AF%8D%E0%AE%AA%E0%AE%A9%E0%AF%88-%E0%AE%A8%E0%AE%BF%E0%AE%B2%E0%AF%88%E0%AE%AF%E0%AE%AE%E0%AF%8D-%E0%AE%8A%E0%AE%9F%E0%AE%BE%E0%AE%95-%E0%AE%B5%E0%AE%BF%E0%AE%A8%E0%AE%BF%E0%AE%AF%E0%AF%8B%E0%AE%95%E0%AE%BF%E0%AE%95%E0%AF%8D%E0%AE%95-%E0%AE%A8%E0%AE%9F%E0%AE%B5%E0%AE%9F%E0%AE%BF%E0%AE%95%E0%AF%8D%E0%AE%95%E0%AF%88",
"date":"2022-02-18",
"category":"economic"

}