{
"title":"நாட்டின் சில பாகங்களில் இன்று 100 மில்லிமீற்றருக்கும் அதிக பலத்த மழை!",
"content":"கிழக்கு மற்றும் ஊவா மாகாணங்களிலும், மாத்தளை மற்றும் பொலனறுவை மாவட்டங்களின் சில இடங்களிலும் 100 மில்லிமீற்றருக்கும் அதிக பலத்த மழை பெய்யக்கூடும் என்று வளிமண்டலவியல் திணைக்களம் எதிர்வுகூறியுள்ளது.\n\nமேல், சப்ரகமுவ மற்றும் வடமேல் மாகாணங்களிலும் கண்டி, நுவரெலியா, காலி மற்றும் மாத்தறை மாவட்டங்களிலும் பல இடங்களில் மாலை அல்லது இரவு வேளைகளில் மழை அல்லது இடியுடன் கூடிய மழை பெய்யக்கூடும் என்றும் எதிர்வுகூறப்பட்டுள்ளது.\n\nசில இடங்களில் 75 மில்லிமீற்றர் வரையான பலத்த மழை பெய்யக்கூடுமென அத்திணைக்களம் தெரிவித்துள்ளது.\n\nமேல், சப்ரகமுவ மற்றும் வடமேல் மாகாணங்களிலும் காலி மற்றும் மாத்தறை மாவட்டங்களிலும் சில இடங்களில் காலை வேளையில் பனிமூட்டமான நிலை எதிர்பார்க்கப்படுகின்றது.\n\nதற்காலிக பலத்த காற்று மற்றும் மின்னலினால் ஏற்படக்கூடிய ஆபத்துக்களை குறைப்பதற்கு தேவையான நடவடிக்கைகளை எடுக்குமாறு வளிமண்டலவியல் திணைக்களம் பொதுமக்களை கோரியுள்ளது.",
"url":"https://www.hirunews.lk/sooriyanfmnews/297402/%E0%AE%A8%E0%AE%BE%E0%AE%9F%E0%AF%8D%E0%AE%9F%E0%AE%BF%E0%AE%A9%E0%AF%8D-%E0%AE%9A%E0%AE%BF%E0%AE%B2-%E0%AE%AA%E0%AE%BE%E0%AE%95%E0%AE%99%E0%AF%8D%E0%AE%95%E0%AE%B3%E0%AE%BF%E0%AE%B2%E0%AF%8D-%E0%AE%87%E0%AE%A9%E0%AF%8D%E0%AE%B1%E0%AF%81-100-%E0%AE%AE%E0%AE%BF%E0%AE%B2%E0%AF%8D%E0%AE%B2%E0%AE%BF%E0%AE%AE%E0%AF%80%E0%AE%B1%E0%AF%8D%E0%AE%B1%E0%AE%B0%E0%AF%81%E0%AE%95%E0%AF%8D%E0%AE%95%E0%AF%81%E0%AE%AE%E0%AF%8D-%E0%AE%85%E0%AE%A4%E0%AE%BF%E0%AE%95-%E0%AE%AA%E0%AE%B2%E0%AE%A4%E0%AF%8D%E0%AE%A4-%E0%AE%AE%E0%AE%B4%E0%AF%88",
"date":"2022-02-19",
"category":"weather"

}