{
"title":"காவல்துறை அதிகாரி கொலையுடன் தொடர்புடைய பிரதான சந்தேகநபர் அடையாளம்!",
"content":"தங்காலை - வித்தாரந்தெனிய பகுதியில், ஆயுதம் ஒன்றினால் தாக்கப்பட்டு, காவல்துறை கான்ஸ்டபிள் ஒருவர் கொல்லப்பட்ட சம்பவத்தின், பிரதான சந்தேகநபர் அடையாளம் காணப்பட்டுள்ளதாக காவல்துறை பேச்சாளர் சிரேஷ்ட காவல்துறை அத்தியட்சகர் நிஹால் தல்துவ தெரிவித்தார்.\n\nஇந்த விடயம் தொடர்பில் எமது செய்தி பிரிவுக்கு கருத்துரைத்த அவர், குறித்த தாக்குதல் சம்பவத்தில் 15 பேர் ஈடுபட்டிருந்தமை தெரியவந்துள்ளாக குறிப்பிட்டார்.\n\nஅவர்களைக் கைதுசெய்வதற்காக, விசேட சுற்றிவளைப்புகள் மேற்கொள்ளப்படுகின்றன. தனிப்பட்ட பிரச்சினை காரணமாக இந்தத் தாக்குதல் சம்பவம் இடம்பெற்றுள்ளது.\n\nமதுபோதையில் இருந்த, குறித்த 15 பேர் கொண்ட குழுவினர், காவல்துறை கான்ஸ்டபிளின் வீட்டிற்கு சென்று தாக்குதல் நடத்தியுள்ளனர். குறித்த காவல்துறை உத்தியோகத்தரும், அவரது சகோதரரும் வீட்டில் வைத்து தாக்கப்பட்டனர்.\n\n பின்னர், சந்தேகநபர்கள் காவல்துறை உத்தியோகத்தரை அருகிலுள்ள உணவகத்திற்கு அழைத்து சென்று தாக்குதல் நடத்தியதில் அவர் உயிரிழந்துள்ளாரென விசாரணைகளில் வெளிவந்துள்ளன.\n\nசம்பவத்தில் காயமடைந்த அவரது சகோதரர் கராப்பிட்டி வைத்தியசாலையில் அனுமதிக்கப்பட்டுள்ளதாக தெரிவிக்கப்படுகின்றது.",
"url":"https://www.hirunews.lk/sooriyanfmnews/297408/%E0%AE%95%E0%AE%BE%E0%AE%B5%E0%AE%B2%E0%AF%8D%E0%AE%A4%E0%AF%81%E0%AE%B1%E0%AF%88-%E0%AE%85%E0%AE%A4%E0%AE%BF%E0%AE%95%E0%AE%BE%E0%AE%B0%E0%AE%BF-%E0%AE%95%E0%AF%8A%E0%AE%B2%E0%AF%88%E0%AE%AF%E0%AF%81%E0%AE%9F%E0%AE%A9%E0%AF%8D-%E0%AE%A4%E0%AF%8A%E0%AE%9F%E0%AE%B0%E0%AF%8D%E0%AE%AA%E0%AF%81%E0%AE%9F%E0%AF%88%E0%AE%AF-%E0%AE%AA%E0%AE%BF%E0%AE%B0%E0%AE%A4%E0%AE%BE%E0%AE%A9-%E0%AE%9A%E0%AE%A8%E0%AF%8D%E0%AE%A4%E0%AF%87%E0%AE%95%E0%AE%A8%E0%AE%AA%E0%AE%B0%E0%AF%8D-%E0%AE%85%E0%AE%9F%E0%AF%88%E0%AE%AF%E0%AE%BE%E0%AE%B3%E0%AE%AE%E0%AF%8D",
"date":"2022-02-19",
"category":"crime"

}
