{
"title":"கொவிட் தொற்றால் 20 பேர் பலி!",
"content":"நாட்டில் நேற்றைய தினம் 20 கொவிட் மரணங்கள் உறுதிப்படுத்தப்பட்டுள்ளன.\n\n சுகாதார சேவைகள் பணிப்பாளர் நாயகத்தின் உறுதிப்படுத்தலுடன் அரசாங்க தகவல் திணைக்களம் விடுத்துள்ள அறிக்கையில் இந்தத் தகவல் வெளியிடப்பட்டுள்ளது.\n\nஇதற்கமைய நாட்டில் பதிவான கொவிட் மரணங்களின் மொத்த எண்ணிக்கை 15,969 ஆக அதிகரித்துள்ளது.",
"url":"https://www.hirunews.lk/sooriyanfmnews/297456/%E0%AE%95%E0%AF%8A%E0%AE%B5%E0%AE%BF%E0%AE%9F%E0%AF%8D-%E0%AE%A4%E0%AF%8A%E0%AE%B1%E0%AF%8D%E0%AE%B1%E0%AE%BE%E0%AE%B2%E0%AF%8D-20-%E0%AE%AA%E0%AF%87%E0%AE%B0%E0%AF%8D-%E0%AE%AA%E0%AE%B2%E0%AE%BF",
"date":"2022-02-19",
"category":"covid"

}