{
"title":"பொருத்தமற்ற நெல்லை கொள்வனவு செய்தமை தொடர்பில் இரு அதிகாரிகள் பணி இடைநிறுத்தம்!",
"content":"நிக்கவரெட்டிய பகுதியில், இரண்டு களஞ்சியங்களுக்காக, நுகர்வுக்குப் பொருத்தமற்ற நெல்லைக் கொள்வனவு செய்தமை தொடர்பில், இரண்டு அதிகாரிகள், பணியிலிருந்து இடைநிறுத்தம் செய்யப்பட்டுள்னர்.\n\nவடமேல் கமநல சேவை அமைப்பின் பிரதிநிதிகள், இது குறித்து விவசாய அமைச்சர் மஹிந்தானந்த அளுத்கமகேவுக்கு அறியப்படுத்தியதை அடுத்து, உடனடி விசாரணை ஆரம்பிக்கப்பட்டது.\n\nஇதற்கமைய, கணக்காய்வு அதிகாரிகள் மேற்கொண்ட விசாரணையில், குறித்த களஞ்சியங்களில் சுமார் 15 இலட்சம் கிலோகிராம் நெல் களஞ்சியப்படுத்தப்பட்டுள்ளதுடன், அதில் 3 இலட்சம் கிலோகிராமுக்கும் அதிகளவான நெல், விலங்கு உணவுக்காக பயன்படுத்துவது என்பது கண்டறியப்பட்டுள்ளது.\n\nஇதையடுத்து, குறித்த நெல்லைக் கொள்வனவு செய்து களஞ்சியப்படுத்திய வடமேல் பிராந்திய பதில் முகாமையாளரும், அந்தக்  களஞ்சியங்களின் உதவிப் பொறுப்பாளரும் இவ்வாறு பணியிலிருந்து இடை நிறுத்தப்பட்டுள்ளனர்.\n\nஅத்துடன், குறித்த இரு நெல் களஞ்சியங்ளும், அதிகளால் முத்திரையிட்டு மூடப்பட்டுள்ளதுடன், மேலதிக விசாரணைகள் குற்றப் புலனாய்வு திணைக்களத்திடம் ஒப்படைக்கப்பட்டுள்ளது.",
"url":"https://www.hirunews.lk/sooriyanfmnews/297436/%E0%AE%AA%E0%AF%8A%E0%AE%B0%E0%AF%81%E0%AE%A4%E0%AF%8D%E0%AE%A4%E0%AE%AE%E0%AE%B1%E0%AF%8D%E0%AE%B1-%E0%AE%A8%E0%AF%86%E0%AE%B2%E0%AF%8D%E0%AE%B2%E0%AF%88-%E0%AE%95%E0%AF%8A%E0%AE%B3%E0%AF%8D%E0%AE%B5%E0%AE%A9%E0%AE%B5%E0%AF%81-%E0%AE%9A%E0%AF%86%E0%AE%AF%E0%AF%8D%E0%AE%A4%E0%AE%AE%E0%AF%88-%E0%AE%A4%E0%AF%8A%E0%AE%9F%E0%AE%B0%E0%AF%8D%E0%AE%AA%E0%AE%BF%E0%AE%B2%E0%AF%8D-%E0%AE%87%E0%AE%B0%E0%AF%81-%E0%AE%85%E0%AE%A4%E0%AE%BF%E0%AE%95%E0%AE%BE%E0%AE%B0%E0%AE%BF%E0%AE%95%E0%AE%B3%E0%AF%8D-%E0%AE%AA%E0%AE%A3%E0%AE%BF-%E0%AE%87%E0%AE%9F%E0%AF%88%E0%AE%A8%E0%AE%BF%E0%AE%B1%E0%AF%81%E0%AE%A4%E0%AF%8D%E0%AE%A4%E0%AE%AE%E0%AF%8D",
"date":"2022-02-19",
"category":"general"

}