{
"title":"2 ஆவது மாடியிலிருந்து தவறி வீழ்ந்து வெளிநாட்டு சுற்றுலா பயணி! ",
"content":"பதுளை, எல்ல பிரதேசத்தில் சுற்றுலா விடுதி ஒன்றின் இரண்டாவது மாடியில் இருந்து தவறி வீழ்ந்து வெளிநாட்டு சுற்றுலா பயணி ஒருவர் உயிரிழந்துள்ளார்.\n\nவிடுதியின் இரண்டாவது மாடியில் இருந்து தவறி விழுந்த செக் குடியரசைச் சேர்ந்த குறித்த நபர், தெமோதரை பிரதேச வைத்தியசாலையில் அனுமதிக்கப்பட்டதன் பின்னர் உயிரிழந்துள்ளதாக காவல்துறையினர் தெரிவித்தனர்.\n\n28 வயதான இந்நபர் நேற்று (19) இரவு குறித்த விடுதியில் உல்லாசமாக இருந்த போது கீழே விழுந்துள்ளதாக தெரியவந்துள்ளது.\n\n28 வயதான இந்நபர் நேற்று (19) இரவு குறித்த விடுதியில் உல்லாசமாக இருந்த போது கீழே விழுந்துள்ளதாக தெரியவந்துள்ளது.\n\nசம்பவம் தொடர்பில் எல்ல காவல்துறையினர் மேலதிக விசாரணைகளை முன்னெடுத்து வருகின்றனர்.",
"url":"சம்பவம் தொடர்பில் எல்ல காவல்துறையினர் மேலதிக விசாரணைகளை முன்னெடுத்து வருகின்றனர்.",
"date":"2022-02-20",
"category":"general"

}