{
"title":"தற்போதைய சூழலில் கூட்டணியின்றி எவராலும் ஆட்சியமைக்க முடியாது - நிமல் சிறிபால டி சில்வா",
"content":"சகல தேர்தல்களையும் பிற்போடாது விரைவில் நடத்தப்பட வேண்டும் என ஸ்ரீ லங்கா சுதந்திரக் கட்சியின் சிரேஷ்ட உபதலைவர் அமைச்சர் நிமல் சிறிபால டி சில்வா தெரிவித்துள்ளார்.\n\nவவுனியாவில் இடம்பெற்ற நிகழ்வொன்றில் கலந்து கொண்டு கருத்துரைத்த போதே அவர் இதனைக் குறிப்பிட்டுள்ளார்.\n\nதற்போதைய அரசியல் சூழ்நிலையில் கூட்டணி இன்றி எந்த கட்சியினாலும் ஆட்சியமைக்க முடியாது.\n\nஸ்ரீலங்கா சுதந்திரக் கட்சி என்ற அடிப்படையில் எந்தவொரு தேர்தலுக்கும் தயாராகவுள்ளதாகவும் அமைச்சர் நிமல் சிறிபால டி சில்வா தெரிவித்துள்ளார்.",
"url":"https://www.hirunews.lk/sooriyanfmnews/297512/%E0%AE%A4%E0%AE%B1%E0%AF%8D%E0%AE%AA%E0%AF%8B%E0%AE%A4%E0%AF%88%E0%AE%AF-%E0%AE%9A%E0%AF%82%E0%AE%B4%E0%AE%B2%E0%AE%BF%E0%AE%B2%E0%AF%8D-%E0%AE%95%E0%AF%82%E0%AE%9F%E0%AF%8D%E0%AE%9F%E0%AE%A3%E0%AE%BF%E0%AE%AF%E0%AE%BF%E0%AE%A9%E0%AF%8D%E0%AE%B1%E0%AE%BF-%E0%AE%8E%E0%AE%B5%E0%AE%B0%E0%AE%BE%E0%AE%B2%E0%AF%81%E0%AE%AE%E0%AF%8D-%E0%AE%86%E0%AE%9F%E0%AF%8D%E0%AE%9A%E0%AE%BF%E0%AE%AF%E0%AE%AE%E0%AF%88%E0%AE%95%E0%AF%8D%E0%AE%95-%E0%AE%AE%E0%AF%81%E0%AE%9F%E0%AE%BF%E0%AE%AF%E0%AE%BE%E0%AE%A4%E0%AF%81-%E0%AE%A8%E0%AE%BF%E0%AE%AE%E0%AE%B2%E0%AF%8D-%E0%AE%9A%E0%AE%BF%E0%AE%B1%E0%AE%BF%E0%AE%AA%E0%AE%BE%E0%AE%B2-%E0%AE%9F%E0%AE%BF-%E0%AE%9A%E0%AE%BF%E0%AE%B2%E0%AF%8D%E0%AE%B5%E0%AE%BE",
"date":"2022-02-20",
"category":"political"

}