{
"title":"கொரோனா தொற்று உறுதியான 1,273 பேர் அடையாளம்",
"content":"கொரோனா தொற்று உறுதியான மேலும் 1,273 பேர் இன்று அடையாளம் காணப்பட்டுள்ளனர்.\n\nசுகாதார அமைச்சின் தொற்று நோயியல் பிரிவு இதனைத் தெரிவித்துள்ளது.\n\nஇதற்கமைய நாட்டில் கொரோனா தொற்று உறுதிப்படுத்தப்பட்டவர்களின் மொத்த எண்ணிக்கை 635,606ஆக அதிகரித்துள்ளது.\n\nஇவர்களில் 22,746 பேர் சிகிச்சை நிலையங்களில் சிகிச்சை பெற்று வருகின்றனர்.\n\nஅத்துடன்,கொரோனா தொற்றால் பாதிக்கப்பட்ட மேலும் 252 பேர் இன்று குணமடைந்து வீடு திரும்பினர்.",
"url":"https://www.hirunews.lk/sooriyanfmnews/297462/%E0%AE%95%E0%AF%8A%E0%AE%B0%E0%AF%8B%E0%AE%A9%E0%AE%BE-%E0%AE%A4%E0%AF%8A%E0%AE%B1%E0%AF%8D%E0%AE%B1%E0%AF%81-%E0%AE%89%E0%AE%B1%E0%AF%81%E0%AE%A4%E0%AE%BF%E0%AE%AF%E0%AE%BE%E0%AE%A9-1273-%E0%AE%AA%E0%AF%87%E0%AE%B0%E0%AF%8D-%E0%AE%85%E0%AE%9F%E0%AF%88%E0%AE%AF%E0%AE%BE%E0%AE%B3%E0%AE%AE%E0%AF%8D",
"date":"2022-02-19",
"category":"covid"

}