{
"title":"இலங்கை நிலைபேண்தகு வலுசக்தி அதிகார சபைக்கு ஜனாதிபதி திடீர் விஜயம்!",
"content":"இலக்கு வைக்கப்பட்ட திட்டங்களைச் செயற்படுத்தும் போது, தேசிய தேவையை மாத்திரம் கவனத்திற் கொள்ள வேண்டுமென்று ஜனாதிபதி கோட்டாபய ராஜபக்ஷ வலியுறுத்தியுள்ளார்.\n\nஎதிர்காலத்துக்காகத் திட்டமிடப்பட்ட வேலைத்திட்டங்கள் தாமதமாவதால், இலங்கை பல வருடங்களுக்கான பின்னடைவைச் சந்திக்குமென்றும் அவர் தெரிவித்துள்ளார்.\n\nகொழும்பு 07, ஆனந்தகுமார சுவாமி மாவத்தையில் உள்ள இலங்கை நிலைபேண்தகு வலுச்சக்தி அதிகார சபைக்கு, ஜனாதிபதி கோட்டாபய ராஜபக்ஷ இன்று திடீர் விஜயத்தை மேற்கொண்டு கருத்துரைத்த போதே, இதனைக் குறிப்பிட்டுள்ளார்.",
"url":"https://www.hirunews.lk/sooriyanfmnews/297367/%E0%AE%87%E0%AE%B2%E0%AE%99%E0%AF%8D%E0%AE%95%E0%AF%88-%E0%AE%A8%E0%AE%BF%E0%AE%B2%E0%AF%88%E0%AE%AA%E0%AF%87%E0%AE%A3%E0%AF%8D%E0%AE%A4%E0%AE%95%E0%AF%81-%E0%AE%B5%E0%AE%B2%E0%AF%81%E0%AE%9A%E0%AE%95%E0%AF%8D%E0%AE%A4%E0%AE%BF-%E0%AE%85%E0%AE%A4%E0%AE%BF%E0%AE%95%E0%AE%BE%E0%AE%B0-%E0%AE%9A%E0%AE%AA%E0%AF%88%E0%AE%95%E0%AF%8D%E0%AE%95%E0%AF%81-%E0%AE%9C%E0%AE%A9%E0%AE%BE%E0%AE%A4%E0%AE%BF%E0%AE%AA%E0%AE%A4%E0%AE%BF-%E0%AE%A4%E0%AE%BF%E0%AE%9F%E0%AF%80%E0%AE%B0%E0%AF%8D-%E0%AE%B5%E0%AE%BF%E0%AE%9C%E0%AE%AF%E0%AE%AE%E0%AF%8D",
"date":"2022-02-18",
"category":"general"

}