{
    "title":"இன்றைய தினம் மின் துண்டிப்பு இல்லை! - பொதுப்பயன்பாடுகள் ஆணைக்குழு",
    "content":"இன்றைய தினம் திட்டமிடப்பட்ட மின் துண்டிப்புகள் மேற்கொள்ளப்பட மாட்டாது என பொதுப் பயன்பாடுகள் ஆணைக்குழுவின் தலைவர் ஜனக ரத்னாயக்க தெரிவித்துள்ளார்.\n\nஎவ்வாறாயினும், இன்றைய மின்சார உற்பத்திக்கான எரிபொருளை இலங்கை மின்சார சபை தற்போது பெற்றுக்கொண்டிருப்பதால், தேசிய மின்கட்டமைப்பை ஸ்திரப்படுத்த பிற்பகல் 2 மணி முதல் மாலை 6 மணி வரை இடைப்பட்ட காலப்பகுதிகளில்  அவ்வப்போது மின் தடை ஏற்படக்கூடும் என அவர் மேலும் தெரிவித்துள்ளார்.",
    "url":"https://www.hirunews.lk/sooriyanfmnews/297428/%E0%AE%87%E0%AE%A9%E0%AF%8D%E0%AE%B1%E0%AF%88%E0%AE%AF-%E0%AE%A4%E0%AE%BF%E0%AE%A9%E0%AE%AE%E0%AF%8D-%E0%AE%AE%E0%AE%BF%E0%AE%A9%E0%AF%8D-%E0%AE%A4%E0%AF%81%E0%AE%A3%E0%AF%8D%E0%AE%9F%E0%AE%BF%E0%AE%AA%E0%AF%8D%E0%AE%AA%E0%AF%81-%E0%AE%87%E0%AE%B2%E0%AF%8D%E0%AE%B2%E0%AF%88-%E0%AE%AA%E0%AF%8A%E0%AE%A4%E0%AF%81%E0%AE%AA%E0%AF%8D%E0%AE%AA%E0%AE%AF%E0%AE%A9%E0%AF%8D%E0%AE%AA%E0%AE%BE%E0%AE%9F%E0%AF%81%E0%AE%95%E0%AE%B3%E0%AF%8D-%E0%AE%86%E0%AE%A3%E0%AF%88%E0%AE%95%E0%AF%8D%E0%AE%95%E0%AF%81%E0%AE%B4%E0%AF%81",
    "date":"2022-02-19",
    "category":"general"
    
    }