{
"title":"அவுஸ்திரேலியா எதிர் இலங்கை: இறுதி T20 இன்று",
"content":"அவுஸ்திரேலிய மற்றும் இலங்கை அணிகளுக்கு இடையிலான 5 ஆவதும் இறுதியுமான இருபதுக்கு 20 கிரிக்கெட் போட்டி இன்று இடம்பெறவுள்ளது.\n\nஅவுஸ்திரேலியாவின் மெல்போனில் இலங்கை நேரப்படி இன்று முற்பகல் 11.40அளவில் இந்த போட்டி ஆரம்பமாகவுள்ளது.\n\nஇரு அணிகளுக்கும் இடையிலான முதல் நான்கு இருபதுக்கு 20 கிரிக்கெட் போட்டிகளிலும் அவுஸ்திரேலிய அணி வெற்றி பெற்றுள்ளமை குறிப்பிடத்தக்கது.&nbsp;",
"url":"https://www.hirunews.lk/sooriyanfmnews/297481/%E0%AE%85%E0%AE%B5%E0%AF%81%E0%AE%B8%E0%AF%8D%E0%AE%A4%E0%AE%BF%E0%AE%B0%E0%AF%87%E0%AE%B2%E0%AE%BF%E0%AE%AF%E0%AE%BE-%E0%AE%8E%E0%AE%A4%E0%AE%BF%E0%AE%B0%E0%AF%8D-%E0%AE%87%E0%AE%B2%E0%AE%99%E0%AF%8D%E0%AE%95%E0%AF%88-%E0%AE%87%E0%AE%B1%E0%AF%81%E0%AE%A4%E0%AE%BF-t20-%E0%AE%87%E0%AE%A9%E0%AF%8D%E0%AE%B1%E0%AF%81",
"date":"2022-02-20",
"category":"sports"

}