{
"title":"கொவிட் தொற்றிலிருந்து 310 பேர் குணமடைந்தனர்",
"content":"கொரோனா தொற்றால் பாதிக்கப்பட்ட மேலும் 310 பேர் குணமடைந்துள்ளனர்.\n\nசுகாதார அமைச்சின் தொற்று நோயியல் பிரிவு இதனை தெரிவித்துள்ளது.\n\nஇதற்கமைய, நாட்டில் கொரோனா தொற்றிலிருந்து குணமடைந்தவர்களின் மொத்த எண்ணிக்கை 596,639 ஆக அதிகரித்துள்ளது.",
"url":"https://www.hirunews.lk/sooriyanfmnews/297358/%E0%AE%95%E0%AF%8A%E0%AE%B5%E0%AE%BF%E0%AE%9F%E0%AF%8D-%E0%AE%A4%E0%AF%8A%E0%AE%B1%E0%AF%8D%E0%AE%B1%E0%AE%BF%E0%AE%B2%E0%AE%BF%E0%AE%B0%E0%AF%81%E0%AE%A8%E0%AF%8D%E0%AE%A4%E0%AF%81-310-%E0%AE%AA%E0%AF%87%E0%AE%B0%E0%AF%8D-%E0%AE%95%E0%AF%81%E0%AE%A3%E0%AE%AE%E0%AE%9F%E0%AF%88%E0%AE%A8%E0%AF%8D%E0%AE%A4%E0%AE%A9%E0%AE%B0%E0%AF%8D",
"date":"2022-02-18",
"category":"covid"

}