{
"title":"சுற்றுலாப் பயணிகளின் நலன் கருதி அதிசொகுசு தொடருந்துகளை சேவையில் ஈடுபடுத்த திட்டம்",
"content":"உள்நாட்டு மற்றும் வெளிநாட்டு சுற்றுலாப் பயணிகளுக்காக புதிய அதிசொகுசு விசேட தொடருந்துகளை சேவையில் ஈடுபடுத்துவதற்கு தொடருந்து திணைக்களம் திட்டமிட்டுள்ளது.\n\nஅதன்படி முதலாவது தொடருந்து எதிர்வரும் மார்ச் மாதத்திலிருந்து கண்டி மற்றும் எல்ல ஆகிய இடங்களுக்கு சேவையை தொடங்கவுள்ளதாக தொடருந்து பொதுமுகாமையாளர் தம்மிக்க ஜயசுந்தர எமது செய்தி பிரிவுக்கு தெரிவித்தார்.",
"url":"https://www.hirunews.lk/sooriyanfmnews/297325/%E0%AE%9A%E0%AF%81%E0%AE%B1%E0%AF%8D%E0%AE%B1%E0%AF%81%E0%AE%B2%E0%AE%BE%E0%AE%AA%E0%AF%8D-%E0%AE%AA%E0%AE%AF%E0%AE%A3%E0%AE%BF%E0%AE%95%E0%AE%B3%E0%AE%BF%E0%AE%A9%E0%AF%8D-%E0%AE%A8%E0%AE%B2%E0%AE%A9%E0%AF%8D-%E0%AE%95%E0%AE%B0%E0%AF%81%E0%AE%A4%E0%AE%BF-%E0%AE%85%E0%AE%A4%E0%AE%BF%E0%AE%9A%E0%AF%8A%E0%AE%95%E0%AF%81%E0%AE%9A%E0%AF%81-%E0%AE%A4%E0%AF%8A%E0%AE%9F%E0%AE%B0%E0%AF%81%E0%AE%A8%E0%AF%8D%E0%AE%A4%E0%AF%81%E0%AE%95%E0%AE%B3%E0%AF%88-%E0%AE%9A%E0%AF%87%E0%AE%B5%E0%AF%88%E0%AE%AF%E0%AE%BF%E0%AE%B2%E0%AF%8D-%E0%AE%88%E0%AE%9F%E0%AF%81%E0%AE%AA%E0%AE%9F%E0%AF%81%E0%AE%A4%E0%AF%8D%E0%AE%A4-%E0%AE%A4%E0%AE%BF%E0%AE%9F%E0%AF%8D%E0%AE%9F%E0%AE%AE%E0%AF%8D",
"date":"2022-02-18",
"category":"economic"

}