{
"title":"சமுதித்தவுக்கு பாதுகாப்பு வழங்குமாறு நீதிமன்றம் உத்தரவு",
"content":"ஹிரு தொலைக்காட்சியின் சிரேஷ்ட ஊடகவியலாளர் சமுதித்த சமரவிக்ரமவுக்கு உரிய பாதுகாப்பை வழங்குமாறு கெஸ்பேவ நீதவான் நீதிமன்றம், சாட்சி மற்றும் பாதிக்கப்பட்டோர் பாதுகாப்பு பிரிவுக்கு உத்தரவிட்டுள்ளது.\n\nஇதேவேளை, ஊடகவியலாளர் சமுதித்தவின் இல்லத்தின் மீது தாக்குதல் நடத்திய சம்பவம் தொடர்பில் இன்றும் சிசிரிவி காணொளி காட்சிகள் ஆய்வுக்கு உட்படுத்தப்படுவதாக காவல்துறை தெரிவித்துள்ளது.\n\nஅதற்கமைய, இதுவரையில் 86 சிசிரிவி காணொளி காட்சிகள் ஆய்வுக்கு உட்படுத்தப்பட்டுள்ளதாக தெரிவிக்கப்பட்டுள்ளது.\n\nஇந்த சம்பவம் தொடர்பில் சரியான தகவல்களை வழங்குபவர்களுக்கு 5 இலட்சம் ரூபா வெகுமதியை ஹிரு ஊடக வலையமைப்பு தீர்மானித்துள்ளது.\n\nஇந்த சம்பவத்துடன் தொடர்புடைய சந்தேகநபர்கள் மற்றும் சம்பவம் குறித்த வேறு தகவல்களோ தெரிந்திருப்பின் அவற்றை 077 03 22 821 என்ற இலக்கத்துக்கு தொடர்புகொண்டு ஹிரு சிஐஏவுக்கு அறிவிக்குமாறு கோரப்பட்டுள்ளது.\n\nதாக்குதல் நடத்துவதற்கு பயன்படுத்தப்பட்ட பொருட்களில் இருந்து, சில கைரேகைகள் அடையாளம் காணப்பட்டுள்ளதுடன், அந்தக் கைரேகைகள் தொடர்பான விசாரணை அறிக்கையை, குற்ற ஆவணக் காப்பகத்தில் இருந்து பெற்றுக்கொள்ள நடவடிக்கை எடுப்பதாக காவல்துறை தெரிவித்துள்ளது.\n\nஅதேநேரம், குறித்த தாக்குதல் சம்பவத்துடன் தொடர்புடைய சி.சி.ரி.வி காணொளிக் கட்சிகள் உட்பட மேலும் சில விஞ்ஞான ரீதியான சாட்சிகள் தொடர்பில் விரிவான விசாரணைகள் மேற்கொள்ளப்படுகின்றன.",
"url":"https://www.hirunews.lk/sooriyanfmnews/297352/%E0%AE%9A%E0%AE%AE%E0%AF%81%E0%AE%A4%E0%AE%BF%E0%AE%A4%E0%AF%8D%E0%AE%A4%E0%AE%B5%E0%AF%81%E0%AE%95%E0%AF%8D%E0%AE%95%E0%AF%81-%E0%AE%AA%E0%AE%BE%E0%AE%A4%E0%AF%81%E0%AE%95%E0%AE%BE%E0%AE%AA%E0%AF%8D%E0%AE%AA%E0%AF%81-%E0%AE%B5%E0%AE%B4%E0%AE%99%E0%AF%8D%E0%AE%95%E0%AF%81%E0%AE%AE%E0%AE%BE%E0%AE%B1%E0%AF%81-%E0%AE%A8%E0%AF%80%E0%AE%A4%E0%AE%BF%E0%AE%AE%E0%AE%A9%E0%AF%8D%E0%AE%B1%E0%AE%AE%E0%AF%8D-%E0%AE%89%E0%AE%A4%E0%AF%8D%E0%AE%A4%E0%AE%B0%E0%AE%B5%E0%AF%81",
"date":"2022-02-18",
"category":"general"

}