{
"title":"தங்காலை காவல்துறை கான்ஸ்டபிள் கொலை தொடர்பில் மூவர் கைது!",
"content":"தங்காலை - விதாரந்தெனிய பகுதியில், காவல்துறை கான்ஸ்டபிள் ஒருவர் கொல்லப்பட்ட சம்பவம் தொடர்பில் சந்தேகநபர்கள் மூவர் கைதுசெய்யப்பட்டுள்ளனர்.\n\nசந்தேகநபர்கள் மூவரும் தங்காலை - வீரகெட்டிய பகுதியைச் சேர்ந்தவர்களெனகாவல்துறை பேச்சாளர் சிரேஷ்ட காவல்துறை அத்தியட்சகர் நிஹால் தல்துவ தெரிவித்தார்.\n\nமதுபோதையில் இருந்த, 15 பேர் கொண்ட குழுவினர், காவல்துறை கான்ஸ்டபிளின் வீட்டிற்கு சென்று அவரையும், அவரது சகோதரரையும் வீட்டில் வைத்து தாக்கியுள்ளனர்.\n\nபின்னர், சந்தேகநபர்கள் காவல்துறை உத்தியோகத்தரை அருகிலுள்ள உணவகவொன்றுக்கு அழைத்து சென்று தாக்குதல் நடத்தியதில் அவர் உயிரிழந்துள்ளாரென விசாரணைகளில் வெளிவந்துள்ளன.\n\nதனிப்பட்ட பிரச்சினை காரணமாக இந்தத் தாக்குதல் சம்பவம் இடம்பெற்றுள்ளதாக விசாரணைகளில் தெரியவந்துள்ளது.\n\nசம்பவத்தில் காயமடைந்த அவரது சகோதரர் கராப்பிட்டி வைத்தியசாலையில் அனுமதிக்கப்பட்டுள்ளதாக தெரிவிக்கப்படுகின்றது.\n\n இந்நிலையில், சம்பவம் தொடர்பில் முன்னெடுக்கப்பட்ட விசாரணைகளில் தறபோது மூவர் கைதுசெய்யப்பட்டுள்ளதுடன், ஏனையோரை கைதுசெய்வதற்கான விசாரணைகள் இடம்பெற்றுவருவதாக காவல்துறையினர் தெரிவித்தனர்.",
"url":"https://www.hirunews.lk/sooriyanfmnews/297423/%E0%AE%A4%E0%AE%99%E0%AF%8D%E0%AE%95%E0%AE%BE%E0%AE%B2%E0%AF%88-%E0%AE%95%E0%AE%BE%E0%AE%B5%E0%AE%B2%E0%AF%8D%E0%AE%A4%E0%AF%81%E0%AE%B1%E0%AF%88-%E0%AE%95%E0%AE%BE%E0%AE%A9%E0%AF%8D%E0%AE%B8%E0%AF%8D%E0%AE%9F%E0%AE%AA%E0%AE%BF%E0%AE%B3%E0%AF%8D-%E0%AE%95%E0%AF%8A%E0%AE%B2%E0%AF%88-%E0%AE%A4%E0%AF%8A%E0%AE%9F%E0%AE%B0%E0%AF%8D%E0%AE%AA%E0%AE%BF%E0%AE%B2%E0%AF%8D-%E0%AE%AE%E0%AF%82%E0%AE%B5%E0%AE%B0%E0%AF%8D-%E0%AE%95%E0%AF%88%E0%AE%A4%E0%AF%81",
"date":"2022-02-19",
"category":"crime"

}