{
"title":"ஐநா மனித உரிமை ஆணையாளரின் அறிக்கைக்கு இலங்கை பதிலளித்துள்ளது!",
"content":"இந்த மாதம் ஆரம்பமாகவுள்ள மனித உரிமைகள் பேரவையின் 49ஆவது அமர்வில் ஐக்கிய நாடுகளின் மனித உரிமைகள் ஆணையாளர் மிச்செல் பெச்லெட் முன்வைக்கவுள்ள அறிக்கைக்கு இலங்கை தமது பதிலை வழங்கியுள்ளது.\n\nகடந்த திங்கட்கிழமை இந்த அறிக்கையின் பிரதி இலங்கைக்கு கிடைக்கப்பெற்றது.\n\nஇதில் பயங்கரவாத தடை சட்ட நீக்கம், ஏப்ரல் 21 தாக்குதல் உள்ளிட்ட பல்வேறு விடயங்கள் குறித்து கேள்வி எழுப்பப்பட்டுள்ளதாக தகவல்கள் தெரிவிக்கின்றன.\n\nஇந்த அறிக்கை எதிர்வரும் மார்ச் மாதம் 3ஆம் திகதி விவாதிக்கப்படவுள்ளது.",
"url":"https://www.hirunews.lk/sooriyanfmnews/297480/%E0%AE%90%E0%AE%A8%E0%AE%BE-%E0%AE%AE%E0%AE%A9%E0%AE%BF%E0%AE%A4-%E0%AE%89%E0%AE%B0%E0%AE%BF%E0%AE%AE%E0%AF%88-%E0%AE%86%E0%AE%A3%E0%AF%88%E0%AE%AF%E0%AE%BE%E0%AE%B3%E0%AE%B0%E0%AE%BF%E0%AE%A9%E0%AF%8D-%E0%AE%85%E0%AE%B1%E0%AE%BF%E0%AE%95%E0%AF%8D%E0%AE%95%E0%AF%88%E0%AE%95%E0%AF%8D%E0%AE%95%E0%AF%81-%E0%AE%87%E0%AE%B2%E0%AE%99%E0%AF%8D%E0%AE%95%E0%AF%88-%E0%AE%AA%E0%AE%A4%E0%AE%BF%E0%AE%B2%E0%AE%B3%E0%AE%BF%E0%AE%A4%E0%AF%8D%E0%AE%A4%E0%AF%81%E0%AE%B3%E0%AF%8D%E0%AE%B3%E0%AE%A4%E0%AF%81",
"date":"2022-02-20",
"category":"political"

}