{
"title":"எரிபொருளுக்காக விதிக்கப்படும் வரியை நீக்க நிதியமைச்சரிடம் கோரிக்கை!",
"content":"எரிபொருளுக்காக விதிக்கப்படும் வரியை நீக்குமாறு, நிதி அமைச்சர் பெசில் ராஜக்ஷவிடம் கோரிக்கை விடுக்கப்பட்டுள்ளது.\n\nஎழுத்துமூலம் இன்று இந்தக் கோரிக்கையை விடுத்ததாக, வலுசக்தி அமைச்சர் உதய கம்மன்பில, எமது செய்திச் சேவைக்குத் தெரிவித்தார்.",
"url":"https://www.hirunews.lk/sooriyanfmnews/297333/%E0%AE%8E%E0%AE%B0%E0%AE%BF%E0%AE%AA%E0%AF%8A%E0%AE%B0%E0%AF%81%E0%AE%B3%E0%AF%81%E0%AE%95%E0%AF%8D%E0%AE%95%E0%AE%BE%E0%AE%95-%E0%AE%B5%E0%AE%BF%E0%AE%A4%E0%AE%BF%E0%AE%95%E0%AF%8D%E0%AE%95%E0%AE%AA%E0%AF%8D%E0%AE%AA%E0%AE%9F%E0%AF%81%E0%AE%AE%E0%AF%8D-%E0%AE%B5%E0%AE%B0%E0%AE%BF%E0%AE%AF%E0%AF%88-%E0%AE%A8%E0%AF%80%E0%AE%95%E0%AF%8D%E0%AE%95-%E0%AE%A8%E0%AE%BF%E0%AE%A4%E0%AE%BF%E0%AE%AF%E0%AE%AE%E0%AF%88%E0%AE%9A%E0%AF%8D%E0%AE%9A%E0%AE%B0%E0%AE%BF%E0%AE%9F%E0%AE%AE%E0%AF%8D-%E0%AE%95%E0%AF%8B%E0%AE%B0%E0%AE%BF%E0%AE%95%E0%AF%8D%E0%AE%95%E0%AF%88",
"date":"2022-02-18",
"category":"economic"

}