{
"title":"மட்டக்களப்பில் தொழுநோயாளர்களின் எண்ணிக்கை அதிகரிக்கும் அபாயம்",
"content":"மட்டக்களப்பு மாவட்டத்தில் தொழுநோயாளர்களின் எண்ணிக்கை அதிகரிக்கும் அபாயம் ஏற்பட்டுள்ளதாகவும் மாவட்ட பிராந்திய சுகாதார சேவைகள் பணிப்பாளர் வைத்தியர் குணசிங்கம் சுகுணன் தெரிவித்துள்ளார்.\n\nஇந்த விடயம் தொடர்பில் இன்று ஊடகங்களுக்கு கருத்துரைத்த அவர், எதிர்வரும் மார்ச் மாதம் 15ஆம் திகதி முதல் 30ஆம் திகதி வரையிலான காலப்பகுதியில் விசேட விழிப்புணர்வுகள் உள்ளிட்ட முகாமைத்துவ நடவடிக்கைகள் முன்னெடுக்கப்படும் என தெரிவித்தார்.",
"url":"https://www.hirunews.lk/sooriyanfmnews/297388/%E0%AE%AE%E0%AE%9F%E0%AF%8D%E0%AE%9F%E0%AE%95%E0%AF%8D%E0%AE%95%E0%AE%B3%E0%AE%AA%E0%AF%8D%E0%AE%AA%E0%AE%BF%E0%AE%B2%E0%AF%8D-%E0%AE%A4%E0%AF%8A%E0%AE%B4%E0%AF%81%E0%AE%A8%E0%AF%8B%E0%AE%AF%E0%AE%BE%E0%AE%B3%E0%AE%B0%E0%AF%8D%E0%AE%95%E0%AE%B3%E0%AE%BF%E0%AE%A9%E0%AF%8D-%E0%AE%8E%E0%AE%A3%E0%AF%8D%E0%AE%A3%E0%AE%BF%E0%AE%95%E0%AF%8D%E0%AE%95%E0%AF%88-%E0%AE%85%E0%AE%A4%E0%AE%BF%E0%AE%95%E0%AE%B0%E0%AE%BF%E0%AE%95%E0%AF%8D%E0%AE%95%E0%AF%81%E0%AE%AE%E0%AF%8D-%E0%AE%85%E0%AE%AA%E0%AE%BE%E0%AE%AF%E0%AE%AE%E0%AF%8D",
"date":"2022-02-18",
"category":"health"

}