
{
"title":"ரத்மலானே ரொஹாவின் உறவினர் ஒருவர் படுகொலை",
"content":"காவல்துறையினரின் துப்பாக்கிச் சூட்டுக்கு இலக்காகி உயிரிழந்த ஒழுங்கமைக்கப்பட்ட குற்றச்செயல்களுடன் தொடர்புடைய ரத்மலானே ரோஹாவின் உறவினர் ஒருவர் கூரிய ஆயுதத்தால் தாக்கி கொலை செய்யப்பட்டுள்ளார்.\n\nகையடக்கத் தொலைபேசியை அடகு வைத்த சம்பவம் தொடர்பில் ஏற்பட்ட வாக்குவாதம் காரணமாக இந்தக் கொலைச் சம்பவம் இடம்பெற்றுள்ளதாக காவல்துறையினர் தெரிவித்தனர்.கையடக்கத் தொலைபேசியை அடகு வைத்த சம்பவம் தொடர்பில் ஏற்பட்ட வாக்குவாதம் காரணமாக இந்தக் கொலைச் சம்பவம் இடம்பெற்றுள்ளதாக காவல்துறையினர் தெரிவித்தனர்.\n\nமொரட்டுவ - கல்தெமுல்ல பகுதியைச் சேர்ந்த 33 வயதான அசங்க சில்வா என்பவரே இவ்வாறு உயிரிழந்துள்ளார்.\n\nஇந்த சம்பவத்துடன் தொடர்புடைய சந்தேக நபர், முச்சக்கர வண்டி சாரதியொருவர் என்பதுடன், ரத்மலான குடு அஞ்சு என்பவரின் உறவினரும் ஆவார்.\n\nஇந்த சம்பவம் தொடர்பில் காவல்துறையினர் மேலதிக விசாரணைகளை முன்னெடுத்து வருகின்றனர்.",
"url":"https://www.hirunews.lk/sooriyanfmnews/297588/%E0%AE%B0%E0%AE%A4%E0%AF%8D%E0%AE%AE%E0%AE%B2%E0%AE%BE%E0%AE%A9%E0%AF%87-%E0%AE%B0%E0%AF%8A%E0%AE%B9%E0%AE%BE%E0%AE%B5%E0%AE%BF%E0%AE%A9%E0%AF%8D-%E0%AE%89%E0%AE%B1%E0%AE%B5%E0%AE%BF%E0%AE%A9%E0%AE%B0%E0%AF%8D-%E0%AE%92%E0%AE%B0%E0%AF%81%E0%AE%B5%E0%AE%B0%E0%AF%8D-%E0%AE%AA%E0%AE%9F%E0%AF%81%E0%AE%95%E0%AF%8A%E0%AE%B2%E0%AF%88",
"date":"2022-02-21",
"category":"crime"

}