{
"title":"பதுளை மாவட்டத்தில் 271 ஆசிரியர் உதவியாளர்களுக்கு நிரந்தர நியமனம் வழங்க நடவடிக்கை",
"content":"பதுளை மாவட்டத்தில் உள்ள 271 ஆசிரியர் உதவியாளர்களுக்கு எதிர்வரும் ஏப்ரல் மாதம் நிரந்தர நியமனம் வழங்குவதற்கு நடவடிக்கை எடுக்கப்பட்டுள்ளதாக நாடாளுமன்ற உறுப்பினர் அருணாச்சலம் அரவிந்த குமார் தெரிவித்துள்ளார்.\n\nஇந்த விடயம் தொடர்பில் ஊவா மாகாண கல்வி அமைச்சின் செயலாளருடன் கலந்துரையாடப்பட்டுள்ளதாகவும் அவர் குறிப்பிட்டுள்ளார்.",
"url":"https://www.hirunews.lk/sooriyanfmnews/297390/%E0%AE%AA%E0%AE%A4%E0%AF%81%E0%AE%B3%E0%AF%88-%E0%AE%AE%E0%AE%BE%E0%AE%B5%E0%AE%9F%E0%AF%8D%E0%AE%9F%E0%AE%A4%E0%AF%8D%E0%AE%A4%E0%AE%BF%E0%AE%B2%E0%AF%8D-271-%E0%AE%86%E0%AE%9A%E0%AE%BF%E0%AE%B0%E0%AE%BF%E0%AE%AF%E0%AE%B0%E0%AF%8D-%E0%AE%89%E0%AE%A4%E0%AE%B5%E0%AE%BF%E0%AE%AF%E0%AE%BE%E0%AE%B3%E0%AE%B0%E0%AF%8D%E0%AE%95%E0%AE%B3%E0%AF%81%E0%AE%95%E0%AF%8D%E0%AE%95%E0%AF%81-%E0%AE%A8%E0%AE%BF%E0%AE%B0%E0%AE%A8%E0%AF%8D%E0%AE%A4%E0%AE%B0-%E0%AE%A8%E0%AE%BF%E0%AE%AF%E0%AE%AE%E0%AE%A9%E0%AE%AE%E0%AF%8D-%E0%AE%B5%E0%AE%B4%E0%AE%99%E0%AF%8D%E0%AE%95-%E0%AE%A8%E0%AE%9F%E0%AE%B5%E0%AE%9F%E0%AE%BF%E0%AE%95%E0%AF%8D%E0%AE%95%E0%AF%88",
"date":"2022-02-18",
"category":"education"

}