{
"title":"இலங்கையில் அறிமுகமாகவுள்ள புதிய செயலி!",
"content":"நாட்டின் சுற்றுலா நடவடிக்கைகளுக்காக உத்தியோகபூர்வ தொலைபேசி செயலி ஒன்று இந்த ஆண்டுக்குள் வெளியிடப்படும் என விடயத்திற்கு பொறுப்பான அமைச்சர் பிரசன்ன ரணதுங்க தெரிவித்துள்ளார்.\n\nதற்போது தயாரிக்கப்பட்டு வரும் குறித்த செயலி விசிட் ஸ்ரீலங்கா என்ற பெயரில் அறிமுகப்படுத்தப்படவுள்ளது.\n\nஇந்த செயலியின் ஊடாக சுற்றுலா தலங்களுக்கான கட்டண சீட்டுக்களை பெற்றுக் கொள்ள முடியும்.\n\nஉள்நாட்டு நிறுவனம் ஒன்றின் ஊடாக குறித்த செயலி தயாரிக்கப்படுகின்றது.\n\nநாட்டில் உள்ள உணவகங்களின் கட்டண விபரங்கள், தங்குமிட வசதிகளும் உள்ளடக்கப்படவுள்ளன.\n\nவெளிநாட்டு நாணயங்களை பயன்படுத்தியும் அவற்றுக்கான கட்டணங்களை செலுத்தக் கூடிய வகையில் இந்த செயலி தயாரிக்கப்படுவதாக சுற்றுலாத்துறை அமைச்சர் பிரசன்ன ரணதுங்க தெரிவித்துள்ளார்.",
"url":"https://www.hirunews.lk/sooriyanfmnews/297517/%E0%AE%87%E0%AE%B2%E0%AE%99%E0%AF%8D%E0%AE%95%E0%AF%88%E0%AE%AF%E0%AE%BF%E0%AE%B2%E0%AF%8D-%E0%AE%85%E0%AE%B1%E0%AE%BF%E0%AE%AE%E0%AF%81%E0%AE%95%E0%AE%AE%E0%AE%BE%E0%AE%95%E0%AE%B5%E0%AF%81%E0%AE%B3%E0%AF%8D%E0%AE%B3-%E0%AE%AA%E0%AF%81%E0%AE%A4%E0%AE%BF%E0%AE%AF-%E0%AE%9A%E0%AF%86%E0%AE%AF%E0%AE%B2%E0%AE%BF",
"date":"2022-02-20",
"category":"tech"

}