{
"title":"அவுஸ்திரேலிய அணி 6 விக்கெட்டுக்களால் வெற்றி ",
"content":"இலங்கை மற்றும் அவுஸ்திரேலிய அணிகளுக்கிடையிலான நான்காவது இருபதுக்கு20 போட்டியில் அவுஸ்திரேலிய அணி 6 விக்கெட்டுக்களால் வெற்றி பெற்றுள்ளது.\n\nபோட்டியில் நாணய சுழற்சியில் வெற்றி பெற்ற அவுஸ்திரேலிய அணி முதலில் களத்தடுப்பில் ஈடுபட தீர்மானித்தது.\n\nஇதற்கமைய, முதலில் துடுப்பெடுத்தாடிய இலங்கை அணி நிர்ணயிக்கப்பட்ட 20 ஓவர்கள் நிறைவில் 08 விக்கெட்டுக்களை இழந்து 139 ஓட்டங்களைப் பெற்றுக்கொண்டது.\n\nஅணிசார்பில் அதிகபடியாக, பெத்தும் நிஸ்ஸங்க 46 ஓட்டங்களை பெற்றுக்கொடுத்தார்.\n\nபந்துவீச்சில், அவுஸ்திரேலிய அணியின் ஜே ரிச்சர்ட்சன் 20 ஓட்டங்களுக்கு 00 விக்கெட்டுக்களை கைப்பற்றினார்.\n\nஇந்நிலையில், 140 ஓட்டங்கள் என்ற வெற்றி இலக்கை நோக்கி துடுப்பெடுத்தாடிய அவுஸ்திரேலிய அணி 18.1 ஓவர்கள் நிறைவில் 4 விக்கெட்டுக்களை மாத்திரம் இழந்து வெற்றி இலக்கை அடைந்தது.\n\nஅணிசார்பில் அதிகபடியாக, கிளேன் மெக்ஸ்வெல் 48 ஓட்டங்களை பெற்றுக்கொடுத்தார்.\n\nபந்துவீச்சில், இலங்கை அணியின் லஹிரு குமார 22 ஓட்டங்களுக்கு 2 விக்கெட்டுக்களை கைப்பற்றினார்.\n\nஇதற்கமைய, அவுஸ்திரேலிய அணி 4 -0 என்ற அடிப்படையில் தொடரைக் கைப்பற்றியுள்ளது.",
"url":"https://www.hirunews.lk/sooriyanfmnews/297372/%E0%AE%85%E0%AE%B5%E0%AF%81%E0%AE%B8%E0%AF%8D%E0%AE%A4%E0%AE%BF%E0%AE%B0%E0%AF%87%E0%AE%B2%E0%AE%BF%E0%AE%AF-%E0%AE%85%E0%AE%A3%E0%AE%BF-6-%E0%AE%B5%E0%AE%BF%E0%AE%95%E0%AF%8D%E0%AE%95%E0%AF%86%E0%AE%9F%E0%AF%8D%E0%AE%9F%E0%AF%81%E0%AE%95%E0%AF%8D%E0%AE%95%E0%AE%B3%E0%AE%BE%E0%AE%B2%E0%AF%8D-%E0%AE%B5%E0%AF%86%E0%AE%B1%E0%AF%8D%E0%AE%B1%E0%AE%BF",
"date":"2022-02-18",
"category":"sports"

}