{
"title":"வரட்சியான காலநிலையால் நீர்த்தேக்கங்களின் நீர்மட்டம் வெகுவாக குறைவடைகிறது!",
"content":"கடந்த தினங்களில் நிலவிய வரட்சியான காலநிலை காரணமாக நீர்த்தேக்கங்களின் நீர்மட்டம் வெகுவாக குறைவடைந்துள்ளது.\n\nஇதற்கமைய காசல்ரி நீர்த்தேக்கத்தில் நீரின் அளவு 24.3 சதவீதமாக குறைவடைந்துள்ளதாக அதன் பொறியியலாளர் ஒருவர் தெரிவித்தார்.\n\nமவுசாகலை நீர்த்தேக்கத்தில் 47 சதவீதம் வரையும், மேல் கொத்மலை நீர்த்தேக்கத்தில் 49.1 சதவீதம் வரையுமே தற்போது நீர் சேமிக்கப்பட்டிருப்பதாகவும் தெரிவிக்கப்படுகின்றது. மக்கள் நீரை சிக்கனமாக பயன்படுத்துமாறும் கோரப்பட்டுள்ளது.",
"url":"https://www.hirunews.lk/sooriyanfmnews/297511/%E0%AE%B5%E0%AE%B0%E0%AE%9F%E0%AF%8D%E0%AE%9A%E0%AE%BF%E0%AE%AF%E0%AE%BE%E0%AE%A9-%E0%AE%95%E0%AE%BE%E0%AE%B2%E0%AE%A8%E0%AE%BF%E0%AE%B2%E0%AF%88%E0%AE%AF%E0%AE%BE%E0%AE%B2%E0%AF%8D-%E0%AE%A8%E0%AF%80%E0%AE%B0%E0%AF%8D%E0%AE%A4%E0%AF%8D%E0%AE%A4%E0%AF%87%E0%AE%95%E0%AF%8D%E0%AE%95%E0%AE%99%E0%AF%8D%E0%AE%95%E0%AE%B3%E0%AE%BF%E0%AE%A9%E0%AF%8D-%E0%AE%A8%E0%AF%80%E0%AE%B0%E0%AF%8D%E0%AE%AE%E0%AE%9F%E0%AF%8D%E0%AE%9F%E0%AE%AE%E0%AF%8D-%E0%AE%B5%E0%AF%86%E0%AE%95%E0%AF%81%E0%AE%B5%E0%AE%BE%E0%AE%95-%E0%AE%95%E0%AF%81%E0%AE%B1%E0%AF%88%E0%AE%B5%E0%AE%9F%E0%AF%88%E0%AE%95%E0%AE%BF%E0%AE%B1%E0%AE%A4%E0%AF%81",
"date":"2022-02-20",
"category":"weather"

}