{
"title":"நாடாளுமன்ற உறுப்பினர் அகில எல்லாவலவுக்கு கொவிட்!",
"content":"ஸ்ரீலங்கா பொதுஜன பெரமுன கட்சியின் நாடாளுமன்ற உறுப்பினர் அகில எல்லாவலவுக்கு கொவிட் தொற்று உறுதியாகியுள்ளது.\n\nஇன்று (18) மேற்கொள்ளப்பட்ட பிசிஆர் பரிசோதனைகளின் போதே அவருக்கு கொவிட் தொற்று இருப்பது உறுதி செய்யப்பட்டது.\n\nஅதன்படி, அவரை தனிமைப்படுத்த பணிப்புரை வழங்கப்பட்டுள்ளதுடன்,அவருக்கு மிக நெருக்கமானவர்களைக் கண்டறிய விசாரணைகள் முன்னெடுக்கப்பட்டு வருவதாகவும் தெரிவிக்கப்படுகிறது.",
"url":"https://www.hirunews.lk/sooriyanfmnews/297371/%E0%AE%A8%E0%AE%BE%E0%AE%9F%E0%AE%BE%E0%AE%B3%E0%AF%81%E0%AE%AE%E0%AE%A9%E0%AF%8D%E0%AE%B1-%E0%AE%89%E0%AE%B1%E0%AF%81%E0%AE%AA%E0%AF%8D%E0%AE%AA%E0%AE%BF%E0%AE%A9%E0%AE%B0%E0%AF%8D-%E0%AE%85%E0%AE%95%E0%AE%BF%E0%AE%B2-%E0%AE%8E%E0%AE%B2%E0%AF%8D%E0%AE%B2%E0%AE%BE%E0%AE%B5%E0%AE%B2%E0%AE%B5%E0%AF%81%E0%AE%95%E0%AF%8D%E0%AE%95%E0%AF%81-%E0%AE%95%E0%AF%8A%E0%AE%B5%E0%AE%BF%E0%AE%9F%E0%AF%8D",
"date":"2022-02-18",
"category":"covid"

}