{
"title":"இன்றும் பல பாகங்களில் மழை!",
"content":"வடக்கு, வடமத்திய, கிழக்கு மற்றும் ஊவா மாகாணங்களிலும் மாத்தளை மாவட்டத்திலும் அவ்வப்போது மழை அல்லது இடியுடன் கூடிய மழை பெய்யும் என வளிமண்டலவியல் திணைக்களம் எதிர்வுகூறியுள்ளது.\n\nமேல் மற்றும் சப்ரகமுவ மாகாணங்களிலும் கண்டி, நுவரெலியா, காலி மற்றும் மாத்தறை மாவட்டங்களிலும் பல இடங்களில் மாலை அல்லது இரவு வேளையில் மழை அல்லது இடியுடன் கூடிய மழை பெய்யும் என தெரிவிக்கப்பட்டுள்ளது.\n\nமழையுடன் தற்காலிக பலத்த காற்று மற்றும் மின்னல் தாக்கங்களினால் ஏற்படக்கூடிய ஆபத்துக்களை குறைத்துக்கொள்ள தேவையான நடவடிக்கைகளை மேற்கொள்ளுமாறு வளிமண்டலவியல் திணைக்களம் பொதுமக்களிடம்&nbsp; கோரியுள்ளது.",
"url":"https://www.hirunews.lk/sooriyanfmnews/297478/%E0%AE%87%E0%AE%A9%E0%AF%8D%E0%AE%B1%E0%AF%81%E0%AE%AE%E0%AF%8D-%E0%AE%AA%E0%AE%B2-%E0%AE%AA%E0%AE%BE%E0%AE%95%E0%AE%99%E0%AF%8D%E0%AE%95%E0%AE%B3%E0%AE%BF%E0%AE%B2%E0%AF%8D-%E0%AE%AE%E0%AE%B4%E0%AF%88",
"date":"2022-02-20",
"category":"weather"

}