{
"title":"நாட்டில் ஏப்ரல் 30க்கு பின்னர் அமுலுக்கு வரவுள்ள புதிய நடைமுறை!",
"content":"நாட்டில் உள்ள கொவிட்-19 தடுப்பூசி தொகை, எதிர்வரும் ஜூலை மாதத்துடன் காலாவதியாகும் என சுகாதார சேவைகள் பணிப்பாளர் நாயகம் தெரிவித்துள்ளார்.\n\nதற்போது, இலக்கு வைக்கப்பட்டுள்ள தரப்பினருக்கான தடுப்பூசி நாட்டுக்கு கொண்டுவரப்பட்டுள்ளது. 6.2 மில்லியன் பேருக்கு இதுவரையில் தடுப்பூசிகள் செலுத்தப்பட்டுள்ளன.\n\nபொது இடங்களுக்கு செல்பவர்கள், பூரண தடுப்பூசி ஏற்றத்திற்கு உள்ளாகி இருக்க வேண்டும் என்ற நடைமுறை ஏப்ரல் மாதம் 30 ஆம் திகதியின் பின்னர் அமுலுக்கு வரவுள்ளது. இதற்கமைவான செயற்பாடுகள் தற்போது முன்னெடுக்கப்படுகின்றன.\n\n பொதுமக்கள் பூரண தடுப்பூசி ஏற்றத்திற்கு உள்ளாகியிருக்கின்றார்களா? இல்லையா? என்பதை அறிந்துகொள்ள செயலி ஒன்றையோ அல்லது அட்டை ஒன்றையோ அறிமுகப்படுத்த எதிர்பார்ப்பதாக சுகாதார சேவைகள் பணிப்பாளர் நாயகம் தெரிவித்துள்ளார்.",
"url":"https://www.hirunews.lk/sooriyanfmnews/297417/%E0%AE%A8%E0%AE%BE%E0%AE%9F%E0%AF%8D%E0%AE%9F%E0%AE%BF%E0%AE%B2%E0%AF%8D-%E0%AE%8F%E0%AE%AA%E0%AF%8D%E0%AE%B0%E0%AE%B2%E0%AF%8D-30%E0%AE%95%E0%AF%8D%E0%AE%95%E0%AF%81-%E0%AE%AA%E0%AE%BF%E0%AE%A9%E0%AF%8D%E0%AE%A9%E0%AE%B0%E0%AF%8D-%E0%AE%85%E0%AE%AE%E0%AF%81%E0%AE%B2%E0%AF%81%E0%AE%95%E0%AF%8D%E0%AE%95%E0%AF%81-%E0%AE%B5%E0%AE%B0%E0%AE%B5%E0%AF%81%E0%AE%B3%E0%AF%8D%E0%AE%B3-%E0%AE%AA%E0%AF%81%E0%AE%A4%E0%AE%BF%E0%AE%AF-%E0%AE%A8%E0%AE%9F%E0%AF%88%E0%AE%AE%E0%AF%81%E0%AE%B1%E0%AF%88",
"date":"2022-02-19",
"category":"covid,health"

}