{
"title":"முன்னாள் காவல்துறைமா அதிபர் பூஜித் ஜயசுந்தரவும் விடுதலை",
"content":"ஏப்ரல் 21 பயங்கரவாத குண்டு தாக்குதலை தடுப்பதற்கு நடவடிக்கை எடுக்காமை உள்ளிட்ட குற்றச்சாட்டுகளில் இருந்து முன்னாள் காவல்துறைமா அதிபர் பூஜித் ஜயசுந்தர விடுதலை செய்யப்பட்டுள்ளார்.\n\nநாமல் பலல்லே, ஆதித்ய பட்டபெந்திகே மற்றும் மொஹமட் இஸ்சதீன் ஆகிய மூவரடங்கிய விசேட மேல்நீதிமன்ற நீதிபதிகள் குழாமினால் இந்த உத்தரவு பிறப்பிக்கப்பட்டுள்ளதாக நீதிமன்றத்துக்கான எமது செய்தியாளர் தெரிவித்தார்.\n\nபயங்கரவாத தாக்குதல் நடத்தப்பட உள்ளதாக, துல்லியமான புலனாய்வுத் தகவல்கள் கிடைக்கப்பெற்றிருந்த போதிலும், அதனைத் தடுப்பதற்கு நடவடிக்கை எடுக்காமை மூலம், கடமையை நிறைவேற்றத் தவறியமை உள்ளிட்ட 855 குற்றச்சாட்டின் கீழ், சட்டமா அதிபரால், அவர்களுக்கு எதிராக வழக்குத் தொடரப்பட்டிருந்தது.",
"url":"https://www.hirunews.lk/sooriyanfmnews/297340/%E0%AE%AE%E0%AF%81%E0%AE%A9%E0%AF%8D%E0%AE%A9%E0%AE%BE%E0%AE%B3%E0%AF%8D-%E0%AE%95%E0%AE%BE%E0%AE%B5%E0%AE%B2%E0%AF%8D%E0%AE%A4%E0%AF%81%E0%AE%B1%E0%AF%88%E0%AE%AE%E0%AE%BE-%E0%AE%85%E0%AE%A4%E0%AE%BF%E0%AE%AA%E0%AE%B0%E0%AF%8D-%E0%AE%AA%E0%AF%82%E0%AE%9C%E0%AE%BF%E0%AE%A4%E0%AF%8D-%E0%AE%9C%E0%AE%AF%E0%AE%9A%E0%AF%81%E0%AE%A8%E0%AF%8D%E0%AE%A4%E0%AE%B0%E0%AE%B5%E0%AF%81%E0%AE%AE%E0%AF%8D-%E0%AE%B5%E0%AE%BF%E0%AE%9F%E0%AF%81%E0%AE%A4%E0%AE%B2%E0%AF%88",
"date":"2022-02-18",
"category":"general"

}