{
"title":"இரண்டாம் எலிசபெத் மகாராணிக்கு கொவிட்",
"content":"பிரித்தானியாவின் இரண்டாம் எலிசபெத் மகாராணிக்கு கொவிட் தொற்று உறுதியாகியுள்ளது.\n\nபக்கிங்ஹாம் அரண்மனை இதனை உறுதிப்படுத்தியுள்ளதாக சர்வதேச ஊடகங்கள் செய்தி வெளியிட்டுள்ளன.",
"url":"https://www.hirunews.lk/sooriyanfmnews/297541/%E0%AE%87%E0%AE%B0%E0%AE%A3%E0%AF%8D%E0%AE%9F%E0%AE%BE%E0%AE%AE%E0%AF%8D-%E0%AE%8E%E0%AE%B2%E0%AE%BF%E0%AE%9A%E0%AE%AA%E0%AF%86%E0%AE%A4%E0%AF%8D-%E0%AE%AE%E0%AE%95%E0%AE%BE%E0%AE%B0%E0%AE%BE%E0%AE%A3%E0%AE%BF%E0%AE%95%E0%AF%8D%E0%AE%95%E0%AF%81-%E0%AE%95%E0%AF%8A%E0%AE%B5%E0%AE%BF%E0%AE%9F%E0%AF%8D",
"date":"2022-02-20",
"category":"covid"

}