{
  "title": "හෙට විදුලි කප්පාදුවක්‌",
  "content": "හෙට (21) දිනයේ දකුණු පළාතට පමණක්‌ නොව දිවයිනටම විදුලි කප්පාදුවක්‌ සිදුකෙරෙන බව මහජන උපයෝගිතා කොමිසම පවසයි.ඒ අනුව, දකුණු පළාතට පැය තුනක කාලයක්‌ සහ දිවයිනේ සෙසු ප්‍රදේශවලට පැයක කාලයක්‌ විදුලිය විසන්ධි කෙරෙනු ඇත.විදුලිබල මණ්ඩලයේ ඉල්ලීමට අනුව මෙලෙස දිවයිනටම විදුලිය කප්පාදු කිරීමට සිදුවන බව මහජන උපයෝගීතා කොමිසම සඳහන්‌ කළේය.",
  "url": "http://sinhala.adaderana.lk/news/164375/%E0%B7%84%E0%B7%99%E0%B6%A7-%E0%B7%80%E0%B7%92%E0%B6%AF%E0%B7%94%E0%B6%BD%E0%B7%92-%E0%B6%9A%E0%B6%B4%E0%B7%8A%E0%B6%B4%E0%B7%8F%E0%B6%AF%E0%B7%94%E0%B7%80%E0%B6%9A%E0%B7%8A",
  "date": "2022-02-20",
  "category": "general"
}