{
  "title": "දෛනික ආසාදිතයින්‌ 1,200 ඉක්මවයි - මරණ 25ක්‌",
  "content": "තවත්‌ කොවිඩ්‌ මරණ 25ක්‌ සෞඛ්‍ය සේවා අධ්‍යක්ෂ ජනරාල්වරයා විසින්‌ තහවුරු කර තිබේ.සෞඛ්‍ය අංශ පෙන්වා දෙන්නේ එම මරණ ඊයේ (19) තහවුරු කර ඇති බවය.ඒ අනුව, මෙරටින්‌ මේ දක්වා වාර්තා වී ඇති මුළු කොවිඩි මරණ ගණන 15,994කි.මේ අතර අද දිනයේ කොවිඩ්‌ ආසාදිතයින්‌ 1,231ක්‌ හඳුනාගෙන ඇති බව බව සෞඛ්‍ය අමාත්‍යාංශය පවසයි.ඒ අනුව මේ දක්වා මෙරටින්‌ හඳුනාගත්‌ සමස්ත කොවිඩ්‌ ආසාදිතයින්‌ ගණන 636,837කි.",
  "url": "http://sinhala.adaderana.lk/news/164369/%E0%B7%83%E0%B6%B8%E0%B7%83%E0%B7%8A%E0%B6%AD-%E0%B6%9A%E0%B7%9C%E0%B7%80%E0%B7%92%E0%B6%A9%E0%B7%8A-%E0%B6%B8%E0%B6%BB%E0%B6%AB-16,000-%E0%B6%86%E0%B7%83%E0%B6%B1%E0%B7%8A%E0%B6%B1-%E0%B7%80%E0%B7%99%E0%B6%BA%E0%B7%92",
  "date": "2022-02-20",
  "category": "covid, health"
}