{
  "title": "විදුලි කප්පාදුව ගැන ගත්‌ තීරණය",
  "content": "හෙට (21) දිනයේ දකුණු පළාතට පමණක්‌ පැයක හෝ පැය එකහමාරක විදුලි කප්පාදුවක්‌ සිදුවිය හැකි බවට මහජන උපයෝගිතා කොමිසම පවසයි.එමෙන්ම අවශ්‍ය ප්‍රමාණයට තෙල්‌ සංචිත හා මුදල්‌ සොයා ගැනීම හේතුවෙන්‌ හෙට (21) දිනයේ සෙසු ප්‍රදේශවලට විදුලි කප්පාදුවක්‌ සිදුකිරීමට අවශ්‍ය නොවන බවද එම කොමිසමේ සභාපති ජනක රත්නායක මහතා කියා සිටියේය.",
  "url": "http://sinhala.adaderana.lk/news/164368/%E0%B7%80%E0%B7%92%E0%B6%AF%E0%B7%94%E0%B6%BD%E0%B7%92-%E0%B6%9A%E0%B6%B4%E0%B7%8A%E0%B6%B4%E0%B7%8F%E0%B6%AF%E0%B7%94%E0%B7%80-%E0%B6%9C%E0%B7%90%E0%B6%B1-%E0%B6%9C%E0%B6%AD%E0%B7%8A-%E0%B6%AD%E0%B7%93%E0%B6%BB%E0%B6%AB%E0%B6%BA",
  "date": "2022-02-20",
  "category": "general"
}