{
  "title": "227කට සුවයි",
  "content": "කොවිඩ්‌ -19 වෛරසය ආසාදනය වී සිටි තවත්‌ පුද්ගලයින්‌ 227 දෙනෙකු සුවය ලබා තිබේ.ඒ අනුව, සුවය ලැබු සමස්ත පුද්ගලයින්‌ සංඛ්‍යාව 597,118 දෙනෙකු දක්වා ඉහළ ගොස්‌ ඇති බව වසංගත රෝගවිද්‍යා අංශය පැවසීය.තවදුරටත්‌ ආසාදිත තත්ත්වයේ පසුවන කොවිඩි රෝගීන්‌ සංඛ්‍යාව 22,519 දෙනෙකි.මෙරටින්‌ මේ දක්වා කොවිඩි ආසාදිතයින්‌ 635,606 දෙනෙකු හඳුනාගෙන ඇති අතර සිදුව ඇති මරණ සංඛ්‍යාව 15,969ක්‌ වෙයි.",
  "url": "http://sinhala.adaderana.lk/news/164360/227%E0%B6%9A%E0%B6%A7-%E0%B7%83%E0%B7%94%E0%B7%80%E0%B6%BA%E0%B7%92",
  "date": "2022-02-20",
  "category": "covid, health"
}