{
  "title": "සැමියා විසින්‌ බිරිඳව සහ අනියම්‌ සැමියා ව පෙට්‍රල්‌ දමා ගිනි තියලා",
  "content": "බිරිඳ අනියම්‌ සැමියෙකු සමග නිදියහනේ සිටියදී නිත්‍යානුකූල සැමියා විසින්‌ පෙට්‍රල්‌ දමා ගිනි තැබීමේ සිද්ධියක්‌ පනාමුරේ ප්‍රදේශයෙන්‌ වාර්තා විය.සිද්ධියෙන්‌ බරපතළ තුවාල ලැබූ අනියම්‌ සැමියා බව පැවසෙන පුද්ගලයා මියගොස්‌ තිබේ.පිළිස්සුම්‌ තුවාල ලබා සිටින බිරිඳ බලන්ගොඩ මූලික රෝහලේ ප්‍රතිකාර ලබමින්‌ පසුවෙයි.පොලීසිය සඳහන්‌ කළේ, ඇඹිලිපිටිය පනාමුරේ ප්‍රදේශයේ පදිංචිව සිටි 36 හැවිරිදි අයෙකු එලෙස පිළිස්සීම්‌ තුවාල ලබා මියගොස්‌ ඇති බවය.",
  "url": "http://sinhala.adaderana.lk/news/164352/%E0%B7%83%E0%B7%90%E0%B6%B8%E0%B7%92%E0%B6%BA%E0%B7%8F-%E0%B7%80%E0%B7%92%E0%B7%83%E0%B7%92%E0%B6%B1%E0%B7%8A-%E0%B6%B6%E0%B7%92%E0%B6%BB%E0%B7%92%E0%B6%B3%E0%B7%80-%E0%B7%83%E0%B7%84-%E0%B6%85%E0%B6%B1%E0%B7%92%E0%B6%BA%E0%B6%B8%E0%B7%8A-%E0%B7%83%E0%B7%90%E0%B6%B8%E0%B7%92%E0%B6%BA%E0%B7%8F-%E0%B7%80-%E0%B6%B4%E0%B7%99%E0%B6%A7%E0%B7%8A%E2%80%8D%E0%B6%BB%E0%B6%BD%E0%B7%8A-%E0%B6%AF%E0%B6%B8%E0%B7%8F-%E0%B6%9C%E0%B7%92%E0%B6%B1%E0%B7%92-%E0%B6%AD%E0%B7%92%E0%B6%BA%E0%B6%BD%E0%B7%8F",
  "date": "2022-02-20",
  "category": "crime"
}