{
  "title": "කාසියේ වාසිය ඔස්ට්‍රේලියාව ට",
  "content": "සංචාරක ශ්‍රී ලංකා කණ්ඩායම සහ ඔස්ට්‍රේලියා කණ්ඩායම අතර අද (20) පැවැත්වෙන්‌ විස්සයි 20 තරගයේ කාසියේ වාසිය දිනා ගැනීමට ඔස්ට්‍රේලියාව සමත්ව තිබේ.ඒ අනුව පන්දුවට පහරදීමට ඔස්ට්‍රේලියානු කණ්ඩායම තීරණය කර ඇත.",
  "url": "http://sinhala.adaderana.lk/news/164350/%E0%B6%9A%E0%B7%8F%E0%B7%83%E0%B7%92%E0%B6%BA%E0%B7%9A-%E0%B7%80%E0%B7%8F%E0%B7%83%E0%B7%92%E0%B6%BA-%E0%B6%94%E0%B7%83%E0%B7%8A%E0%B6%A7%E0%B7%8A%E2%80%8D%E0%B6%BB%E0%B7%9A%E0%B6%BD%E0%B7%92%E0%B6%BA%E0%B7%8F%E0%B7%80-%E0%B6%A7",
  "date": "2022-02-20",
  "category": "sports"
}