{
  "title": "”කිසිසේත් ඉන්ධන මිල වැඩි වෙන්නේ නැහැ..”- ඇමති ගම්මන්පිල",
  "content": "ඉන්ධන මිල වැඩි කිරීමේ කිසිදු බලාපොරොත්තුවක් නොමැති බව බලශක්ති අමාත්\u200Dය උදය ගම්මන්පිල මහතා පවසයි.\nඅමාත්\u200Dයවරයා සඳහන් කරන්නේ, රට තුළ කිසිදු ඉන්ධන හිඟයක් ද නොමැති බවයි.\n\nමේ අතර  ලංකා ඛනිජ නීතිගත සංස්ථාව පවසන්නේ, ඉන්ධන මිල සම්බන්ධයෙන් අද (22) පස්වරුවේ සාකච්ඡාවක් පැවැත්වෙන බවයි.\n\nවිෂය භාර අමාත්\u200Dය උදය ගම්මන්පිල මහතා සමග එම සාකච්ඡාවක් පැවැත්වෙන බව එහි සභාපති සුමිත් විජේසිංහ මහතා පැවසී ය.",
  "url": "https://www.newsfirst.lk/sinhala/2021/10/22/%e0%b6%9a%e0%b7%92%e0%b7%83%e0%b7%92%e0%b7%83%e0%b7%9a%e0%b6%ad%e0%b7%8a-%e0%b6%89%e0%b6%b1%e0%b7%8a%e0%b6%b0%e0%b6%b1-%e0%b6%b8%e0%b7%92%e0%b6%bd-%e0%b7%80%e0%b7%90%e0%b6%a9%e0%b7%92-%e0%b7%80/",
  "date": "2021-10-22",
  "category": "economic"
}