{
  "title": "වයස 16 ,17 පාසල් සිසුන් එන්නත්කරණය අදාළ පාසල්වලදී…",
  "content": "වයස 16 , 17 පාසල් සිසුන් සඳහා  විදුහල්පතිවරයා දන්වන වේලාව අනුව අදාළ පාසල්වලදී කොවිඩ් මර්දන එන්නත් ලබාදීමට අද (22) සිට පියවර ගන්නා බව කොවිඩ් – 19 පැතිරීම වැළැක්වීමේ ජාතික ක්\u200Dරියාන්විත මධ්\u200Dයස්ථාන ප්\u200Dරධානි, ආරක්ෂක මාණ්ඩලික ප්\u200Dරධානි සහ යුද්ධ හමුදාපති ජෙනරාල් ශවේන්ද්\u200Dර සිල්වා මහතා පවසයි.\nයුද හමුදාපතිවරයා පැවසුවේ, වයස 15 -19 අතර වයස් කාණ්ඩයේ සියලු සිසුන් එන්නත්කරණය ඉදිරි දිනවලදී සිදු කරනු ඇති බවයි.",
  "url": "https://www.newsfirst.lk/sinhala/2021/10/22/%e0%b7%80%e0%b6%ba%e0%b7%83-16-17-%e0%b6%b4%e0%b7%8f%e0%b7%83%e0%b6%bd%e0%b7%8a-%e0%b7%83%e0%b7%92%e0%b7%83%e0%b7%94%e0%b6%b1%e0%b7%8a-%e0%b6%91%e0%b6%b1%e0%b7%8a%e0%b6%b1%e0%b6%ad%e0%b7%8a%e0%b6%9a/",
  "date": "2021-10-22",
  "category": "health, covid"
}