{
  "title": "Police probing two suspicious deaths in Uragasmanhandiya",
  "content": "COLOMBO (News 1st); Sri Lanka Police launched an investigation over two suspicious deaths in Korakina, Uragasmanhandiya.\n\nA 38-year-old female was found dead under suspicious circumstances inside a house while a 39-year-old man was found hanging from a roof nearby, in a suspected suicide.\n\nHowever, it is reported that the man and woman were previously married to two others and were living together for over a year in the house.",
  "url": "https://www.newsfirst.lk/2021/10/22/police-probing-two-suspicious-deaths-in-uragasmanhandiya/",
  "date": "2021-10-22",
  "category": "crime"
}