{
  "title": "Jasmine saplings planted in 21 acres",
  "content": "More than 20,000 devotees, members of the Maha Sangha, Minister S.M Chandrasena, Chief of Defence Staff and Commander of the Army, General Shavendra Silva, members of the indigenous community, Gajaba Regiment HQ troops and children planted Pichcha (Jasmine) saplings in a land patch of 21 acres belonging to the Maningamuwa temple, a branch of the Gampaha Bawun Pellassa Temple.The concept of this ‘Pichchawane Maha Pushpa Udyanaya’ (Garden of Jasmine Flowers), mooted by Ven Walpola Gothama Thero, Chief Incumbent at Gampaha Bawun Pellassa Temple  was partnered by ‘Neth’ FM radio to supply monks with pichcha flowers for worship of the Ruwanweli Maha Seya. Amidst religious observances, General Shavendra Silva planted the first few pichcha plants while members of the Maha Sangha, Minister Chandrasena, Chairman, Neth FM Radio, Uru Warige Wannila Aththo, Gajaba regiment troops and devotees also planted jasmine saplings. Strict health guidelines were observed during the ceremony. The Minister said this was the first ‘Udyanaya’  of this type in Anuradhapura. Gajaba regiment troops will tend the plants until they are fully grown.",
  "url": "https://ceylontoday.lk/news/jasmine-saplings-planted-in-21-acres",
  "date": "2022-02-28",
  "category": "general"
}