{
  "title": "At Ranbima Deed Programme: Will Not Deviate From Democratic System - President",
  "content": "President Gotabaya Rajapaksa has stated that he will not deviate from the democratic system that guarantees the freedom and aspirations of the people in governing the country. However, the President urged all parties not to abuse the freedom that comes with it.The President was addressing the inaugural ceremony to hand over Mahaweli Ranbima title Deeds to 100,000 Mahaweli recipients. The event was held at the Embilipitiya Mahaweli Grounds on 26 February.According to the National Policy Framework ‘Vistas of Prosperity and Splendour’, the Ranbima Deed Programme is to grant the people the right to a clear title to the land. It is planned to issue 100,000 title Deeds this year.Under the first phase, 35,000 title Deeds will be handed over to farmers in 10 Mahaweli zones. It is planned to complete the distribution of all land Deeds of farmers living in the Mahaweli areas before the end of next year. Having legal ownership of the land gives the owners a number of opportunities, including the transfer of inheritance to family members and the ability to do transactions with financial institutions keeping the land as a surety.",
  "url": "https://ceylontoday.lk/news/at-ranbima-deed-programme-will-not-deviate-from-democratic-system-president",
  "date": "2022-02-28",
  "category": "political"
}