{
  "title": "Rs 600B spent on non-essential imports – Amaraweera",
  "content": "Around US$ 600 billion has been spent in 2021 on importing non-essential commodities, Environment Minister Mahinda Amaraweera said.He said that the majority of products brought into the country are non-essential items that can be produced in Sri Lankaand that 150 tonnes of honey is imported each year.Imports of mobile phones totaled US$386.73 million in 2021.“The primary challenge our country face today is the US dollar crisis. When we earn US$100, we must pay off US$115 in debt. The funds obtained by the country are insufficient to pay off the country’s debts. I have gathered data on non-essential commodities brought into our country in 2021,” he explained.Citing figures, he stated that in 2021, US$ 6 billion was spent on non-essential food imports such as cheese, butter, vegetables, fruits, ice cream, chocolate, and sauces. Expenditure for 2021 grew by US$ 447.05 million, from US $3401.66 to 3848.71 million, and expenditure on vegetable imports climbed by US$ 31.41 million, from 352.86 million to 384.27 million. Sugar and confectionery cost US $ 277.13 million in 2020 and in 2021US$ 288.84 million was spent onSugar and confectionery. ",
  "url": "https://ceylontoday.lk/news/rs-600b-spent-on-non-essential-imports-amaraweera",
  "date": "2022-02-28",
  "category": "economic"
}