{
  "title": "Three-hour power cuts tomorrow",
  "content": "Power interruptions lasting three hours will be imposed during 8.30 am and 5.30 pm tomorrow (01), the Public Utilities Commission of Sri Lanka (PUCSL) said.Accordingly, all Groups (A - W) will experience a three-hour power outage.While no nighttime power outages are scheduled to be imposed, PUCSL Chairman Janaka Ratnayake urged the public to use electricity sparingly between 6.00 pm and 10.00 pm.A 30-minute unscheduled power shedding may take place, if necessary, he added.",
  "url": "https://ceylontoday.lk/news/three-hour-power-cuts-tomorrow",
  "date": "2022-02-28",
  "category": "general"
}