{
  "title": "Road accidents killed 44 persons in past one week - police",
  "content": "A total of 44 people have died in road accidents over the past week, Police Spokesman SSP Nihal Thalduwa said.While 43 accidents were reported between 19 February to 25 February,  120 persons were severely injured, while 173 others sustained non-serious injuries.Moreover, five hit-and-runs accidents were also reported, Thalduwa said.Much higher statistics were reported between 01 January and 25 February, with a staggering total of 457 deaths being reported as a result of 434 accidents.A total of 861 persons were also severely injured.Most victims were identified as pedestrians and motorcyclists, SSP Thalduwa said, urging all motorists to take into consideration the lives and wellbeing of those around them while driving, 'as they too have a right to use the roads'. ",
  "url": "https://ceylontoday.lk/news/road-accidents-kill-nearly-460-in-2022",
  "date": "2022-02-28",
  "category": "general,crime"
}