{
  "title": "Special police operation nabs over 1,000 suspects",
  "content": "A total of 1,084 persons connected to various offenses have been arrested during a special crime prevention operation carried out in the Western Province,  The Police Headquarters said.The operation, focused on preventing criminal activities, was carried out between 8.00 am and 4.00 pm yesterday (26).During the operation, 468 persons who were avoiding court summons, 352 persons charged with fraud and 34 individuals on various other charges were taken into custody .The Police Headquarters said raids of similar nature will be conducted in future as well.",
  "url": "https://ceylontoday.lk/news/special-police-operation-arrests-over-1-000-criminals",
  "date": "2022-02-27",
  "category": "crime"
}