{
  "title": "‘My hands are clean!’",
  "content": "While insisting that he had no prior knowledge about the 2019 Easter Sunday bombings and that there is no truth to the claims he fled the country in fear of the attacks, former President Maithripala Sirisena said his hands were clean and he could swear by anything and before anyone of his innocence.He said if the security forces or intelligence services informed him of the bombings, he would not have left the country.The former President expressed these views at a ceremony held at a church in Polonnaruwa yesterday (27). He said he left the country for Singapore to get medical treatment, adding that he was not permitted to use a mobile phone at any time while receiving treatment.In response to allegations that he was informed prior to the attacks, he stated that no one was allowed to bring any devices near him and that he had no access to them.",
  "url": "https://ceylontoday.lk/news/my-hands-are-clean",
  "date": "2022-02-28",
  "category": "political"
}