{
  "title": "Ukrainian tourists to be allowed longer stay – Ranatunga",
  "content": "The Government has focused on extending the visa period for Ukrainian tourists who are unable to return to their home country due to the conflict.Minister of Tourism Prasanna Ranatunga said, a relevant Cabinet Memorandum will be presented in this connection and facts will be presented at today’s (28) Cabinet meeting.According to the Tourism Development Authority, nearly 4,000 Ukrainian tourists are currently in Sri Lanka, while the number of Russian tourists in Sri Lanka is close to 11,500.He stated that the Ministry of External Affairs is already in talks with the Department of Immigration and Emigration about this. The Minister also indicated that because tourist visas are provided for at least one month, procedures will be taken to evaluate the expiration date of visas for Ukrainians currently in the country.",
  "url": "https://ceylontoday.lk/news/ukrainian-tourists-to-be-allowed-longer-stay-ranatunga",
  "date": "2022-02-28",
  "category": "general"
}