{
  "title": "Russia’s ruble depreciates against Sri Lankan rupee as well",
  "content": "Russia’s currency tumbled more than 28 per cent to a record low in early trading on Monday, as a new round of western sanctions heaped pressure on the country’s financial system in response to its invasion of Ukraine, Financial Times reported.The rouble dropped to almost 118 against the US dollar, according to Bloomberg data, following a weekend when Russian president Vladimir Putin put his nuclear forces on high alert and the US and Europe unleashed its toughest sanctions to cut the country off from the global financial system.Meanwhile, The Sri Lanka Rupee also has appreciated to 2.39 rupees to the Russian ruble from 2.66 last week. ",
  "url": "https://www.newswire.lk/2022/02/28/sri-lankan-rupee-appreciates-against-russias-ruble/",
  "date": "2022-02-28",
  "category": "economic"
}