{
  "title": "Approval granted for 652 room luxury urban hotel project in Colombo-03",
  "content": "Cabinet approval has been granted to implement the project for the construction of a luxury urban hotel in Colombo 03 as a strategic development project under the Strategic Development Project Act.The Government said a luxury urban hotel comprising 652 rooms is planned to be constructed with an investment of US$ 70.4 million.The hotel will be constructed jointly by D.R. Home Appliances (Pvt.) Limited which is a company under the group of Damro, Piyestra Furniture (Pvt.) Limited and D.R. Industries (Pvt.) Limited in Colombo 03.Approval of the Board of Investment of Sri Lanka has been received to award relevant concessionaires to it under the Strategic Development Projects Act No 14 of 2008 subsequent to identification as a strategic development project under that act.",
  "url": "https://www.newswire.lk/2022/02/28/approval-granted-for-652-room-luxury-urban-hotel-project-in-colombo-03/",
  "date": "2022-02-28",
  "category": "economic,business"
}