{
  "title": "Covid-19 jab programme pulled country out of danger -President",
  "content": "President Gotabaya Rajapaksa said the Covid-19 vaccination programme has stemmed a devastating situation that could have emerged in the country.The President was addressing the High-Level Thematic Debate on ‘Galvanising Momentum for Universal Vaccination’ held at the General Assembly Hall, United Nations Headquarters, on 25 February, via video link. “The emergence of new variants of concern remains a dangerous possibility while availability of vaccines remains uneven globally. As I stated in my address to the General Assembly last year, ensuring everyone, everywhere, is vaccinated is the best way out of the pandemic,” the President said. President of the UN General Assembly Abdulla Shahid and the Secretary-General of the United Nations António Guterres expressing their views at the beginning of the debate pointed out the importance of vaccination and how different states have acted on it.",
  "url": "https://ceylontoday.lk/news/covid-19-jab-programme-pulled-country-out-of-danger-president",
  "date": "2022-02-28",
  "category": "health,covid"
}