{
  "title": "Showers, thundershowers continue in several provinces",
  "content": "Several spells of showers will occur in the Eastern and Uva provinces and in the Polonnaruwa and Matale districts today (28), says the Met Department.Showers or thundershowers will occur at a few places in the Western and Sabaragamuwa provinces and in the Kandy, Nuwara-Eliya, Galle and Matara districts in the evening or night.The Department requests the public to take adequate precautions to minimize damages caused by temporary localized strong winds and lightning during thundershowers.",
  "url": "https://ceylontoday.lk/news/showers-thundershowers-continue-in-several-provinces",
  "date": "2022-02-28",
  "category": "general"
}